date,hospital,hour_of_day,day_of_week,is_weekend,is_monday,month,patients_in_queue,avg_consultation_minutes,actual_wait_minutes,queue_position,doctor_experience_years,doctor_specialization_encoded
2024-01-01,AIIMS Bhopal,9,0,0,1,1,14,14.12,176.16,7,18,14
2024-01-01,AIIMS Bhopal,10,0,0,1,1,24,13.8,362.43,23,13,11
2024-01-01,AIIMS Bhopal,11,0,0,1,1,36,17.62,723.75,36,6,10
2024-01-01,AIIMS Bhopal,12,0,0,1,1,21,11.91,258.45,8,7,3
2024-01-01,AIIMS Bhopal,13,0,0,1,1,8,14.02,133.5,7,10,5
2024-01-01,AIIMS Bhopal,14,0,0,1,1,17,20.85,308.59,7,27,5
2024-01-01,AIIMS Bhopal,15,0,0,1,1,32,19.48,619.97,20,18,0
2024-01-01,AIIMS Bhopal,16,0,0,1,1,18,19.47,322.37,8,9,18
2024-01-01,AIIMS Bhopal,17,0,0,1,1,26,18.1,493.65,20,29,15
2024-01-01,Hamidia Hospital,9,0,0,1,1,23,7.45,156.21,14,7,8
2024-01-01,Hamidia Hospital,10,0,0,1,1,33,15.33,409.73,26,4,18
2024-01-01,Hamidia Hospital,11,0,0,1,1,45,16.73,932.56,5,15,16
2024-01-01,Hamidia Hospital,12,0,0,1,1,30,15.29,384.76,20,24,19
2024-01-01,Hamidia Hospital,13,0,0,1,1,10,16.25,173.05,6,28,10
2024-01-01,Hamidia Hospital,14,0,0,1,1,24,21.22,445.37,7,22,16
2024-01-01,Hamidia Hospital,15,0,0,1,1,28,13.78,385.88,5,25,10
2024-01-01,Hamidia Hospital,16,0,0,1,1,41,12.75,515.35,33,7,10
2024-01-01,Hamidia Hospital,17,0,0,1,1,25,21.39,813.26,24,29,9
2024-01-01,Bansal Hospital,9,0,0,1,1,25,10.23,252.92,16,25,18
2024-01-01,Bansal Hospital,10,0,0,1,1,29,14.28,416.4,11,24,3
2024-01-01,Bansal Hospital,11,0,0,1,1,37,8.82,267.98,2,22,15
2024-01-01,Bansal Hospital,12,0,0,1,1,22,21.84,446.02,19,21,7
2024-01-01,Bansal Hospital,13,0,0,1,1,8,12.88,96.75,7,7,7
2024-01-01,Bansal Hospital,14,0,0,1,1,8,9.42,65.08,4,3,14
2024-01-01,Bansal Hospital,15,0,0,1,1,25,11.4,313.67,7,16,16
2024-01-01,Bansal Hospital,16,0,0,1,1,41,19.55,614.11,4,25,4
2024-01-01,Bansal Hospital,17,0,0,1,1,33,15.94,615.95,31,19,12
2024-01-01,Chirayu Medical College,9,0,0,1,1,25,19.27,453.13,18,13,17
2024-01-01,Chirayu Medical College,10,0,0,1,1,33,11.39,240.73,17,22,15
2024-01-01,Chirayu Medical College,11,0,0,1,1,24,18.12,416.24,10,10,9
2024-01-01,Chirayu Medical College,12,0,0,1,1,23,13.29,215.77,16,13,15
2024-01-01,Chirayu Medical College,13,0,0,1,1,18,6.33,94.17,9,12,3
2024-01-01,Chirayu Medical College,14,0,0,1,1,24,6.85,227.56,12,27,4
2024-01-01,Chirayu Medical College,15,0,0,1,1,23,24.63,640.2,3,14,14
2024-01-01,Chirayu Medical College,16,0,0,1,1,28,14.95,360.6,27,20,8
2024-01-01,Chirayu Medical College,17,0,0,1,1,35,14.28,448.52,16,10,1
2024-01-01,People's Hospital,9,0,0,1,1,33,15.44,582.98,7,16,10
2024-01-01,People's Hospital,10,0,0,1,1,41,20.54,1012.89,1,20,5
2024-01-01,People's Hospital,11,0,0,1,1,37,10.27,251.67,31,18,6
2024-01-01,People's Hospital,12,0,0,1,1,23,12.51,362.43,3,23,18
2024-01-01,People's Hospital,13,0,0,1,1,14,8.75,113.84,1,8,13
2024-01-01,People's Hospital,14,0,0,1,1,12,16.0,187.74,7,28,15
2024-01-01,People's Hospital,15,0,0,1,1,18,24.43,352.51,10,4,0
2024-01-01,People's Hospital,16,0,0,1,1,29,13.27,369.51,11,12,14
2024-01-01,People's Hospital,17,0,0,1,1,35,6.71,219.73,9,30,16
2024-01-01,Bhopal Memorial Hospital,9,0,0,1,1,30,13.96,569.58,11,8,14
2024-01-01,Bhopal Memorial Hospital,10,0,0,1,1,28,14.87,402.55,11,28,9
2024-01-01,Bhopal Memorial Hospital,11,0,0,1,1,24,18.55,601.81,13,29,13
2024-01-01,Bhopal Memorial Hospital,12,0,0,1,1,33,13.1,509.37,7,8,4
2024-01-01,Bhopal Memorial Hospital,13,0,0,1,1,22,13.65,340.95,9,15,7
2024-01-01,Bhopal Memorial Hospital,14,0,0,1,1,21,15.23,161.16,10,21,18
2024-01-01,Bhopal Memorial Hospital,15,0,0,1,1,11,14.73,192.49,4,4,3
2024-01-01,Bhopal Memorial Hospital,16,0,0,1,1,39,13.57,630.59,33,25,9
2024-01-01,Bhopal Memorial Hospital,17,0,0,1,1,15,8.88,84.76,6,22,7
2024-01-02,AIIMS Bhopal,9,1,0,0,1,15,19.4,273.42,8,26,19
2024-01-02,AIIMS Bhopal,10,1,0,0,1,24,10.64,287.89,16,27,17
2024-01-02,AIIMS Bhopal,11,1,0,0,1,18,15.45,194.33,3,19,14
2024-01-02,AIIMS Bhopal,12,1,0,0,1,24,14.54,321.95,19,6,1
2024-01-02,AIIMS Bhopal,13,1,0,0,1,17,17.2,269.93,5,8,10
2024-01-02,AIIMS Bhopal,14,1,0,0,1,16,9.36,165.89,16,5,16
2024-01-02,AIIMS Bhopal,15,1,0,0,1,22,16.58,290.05,17,16,14
2024-01-02,AIIMS Bhopal,16,1,0,0,1,11,9.42,92.48,5,26,0
2024-01-02,AIIMS Bhopal,17,1,0,0,1,20,14.99,304.48,7,21,2
2024-01-02,Hamidia Hospital,9,1,0,0,1,9,9.49,97.64,9,4,2
2024-01-02,Hamidia Hospital,10,1,0,0,1,29,19.02,574.0,25,7,13
2024-01-02,Hamidia Hospital,11,1,0,0,1,24,18.92,450.16,13,15,2
2024-01-02,Hamidia Hospital,12,1,0,0,1,25,20.32,657.61,4,8,17
2024-01-02,Hamidia Hospital,13,1,0,0,1,14,8.65,114.09,4,29,0
2024-01-02,Hamidia Hospital,14,1,0,0,1,5,19.42,94.18,5,16,17
2024-01-02,Hamidia Hospital,15,1,0,0,1,20,16.34,282.68,12,7,8
2024-01-02,Hamidia Hospital,16,1,0,0,1,18,20.94,330.45,4,4,13
2024-01-02,Hamidia Hospital,17,1,0,0,1,8,15.09,129.7,1,17,19
2024-01-02,Bansal Hospital,9,1,0,0,1,9,15.04,143.5,8,10,17
2024-01-02,Bansal Hospital,10,1,0,0,1,18,15.19,178.86,5,19,9
2024-01-02,Bansal Hospital,11,1,0,0,1,19,17.61,235.15,11,21,19
2024-01-02,Bansal Hospital,12,1,0,0,1,18,15.67,397.05,17,10,13
2024-01-02,Bansal Hospital,13,1,0,0,1,11,14.2,195.51,10,26,5
2024-01-02,Bansal Hospital,14,1,0,0,1,14,13.84,189.58,6,23,12
2024-01-02,Bansal Hospital,15,1,0,0,1,24,13.26,378.3,5,12,12
2024-01-02,Bansal Hospital,16,1,0,0,1,16,15.13,187.21,8,12,4
2024-01-02,Bansal Hospital,17,1,0,0,1,22,19.42,371.21,14,20,16
2024-01-02,Chirayu Medical College,9,1,0,0,1,12,12.65,166.89,6,23,2
2024-01-02,Chirayu Medical College,10,1,0,0,1,28,16.01,415.91,24,29,6
2024-01-02,Chirayu Medical College,11,1,0,0,1,11,14.31,204.17,10,4,2
2024-01-02,Chirayu Medical College,12,1,0,0,1,14,16.79,176.17,11,20,6
2024-01-02,Chirayu Medical College,13,1,0,0,1,16,17.23,391.81,10,3,6
2024-01-02,Chirayu Medical College,14,1,0,0,1,9,16.94,148.88,8,10,19
2024-01-02,Chirayu Medical College,15,1,0,0,1,14,12.64,192.85,6,27,9
2024-01-02,Chirayu Medical College,16,1,0,0,1,26,9.34,257.73,10,11,11
2024-01-02,Chirayu Medical College,17,1,0,0,1,24,18.32,373.53,24,18,10
2024-01-02,People's Hospital,9,1,0,0,1,14,12.16,195.73,10,30,7
2024-01-02,People's Hospital,10,1,0,0,1,15,20.05,308.55,10,21,13
2024-01-02,People's Hospital,11,1,0,0,1,22,17.06,430.24,13,21,7
2024-01-02,People's Hospital,12,1,0,0,1,23,5.89,115.21,11,11,15
2024-01-02,People's Hospital,13,1,0,0,1,16,8.7,150.18,12,8,4
2024-01-02,People's Hospital,14,1,0,0,1,17,6.1,107.12,2,19,1
2024-01-02,People's Hospital,15,1,0,0,1,10,20.59,185.27,1,16,4
2024-01-02,People's Hospital,16,1,0,0,1,19,17.08,339.97,7,19,14
2024-01-02,People's Hospital,17,1,0,0,1,19,20.29,426.33,16,24,15
2024-01-02,Bhopal Memorial Hospital,9,1,0,0,1,8,20.06,162.19,1,3,16
2024-01-02,Bhopal Memorial Hospital,10,1,0,0,1,20,11.79,227.26,17,29,13
2024-01-02,Bhopal Memorial Hospital,11,1,0,0,1,16,16.41,277.25,5,10,6
2024-01-02,Bhopal Memorial Hospital,12,1,0,0,1,24,14.94,425.73,13,5,11
2024-01-02,Bhopal Memorial Hospital,13,1,0,0,1,14,12.11,176.02,12,10,9
2024-01-02,Bhopal Memorial Hospital,14,1,0,0,1,7,10.5,49.62,7,4,2
2024-01-02,Bhopal Memorial Hospital,15,1,0,0,1,20,11.32,265.85,2,23,0
2024-01-02,Bhopal Memorial Hospital,16,1,0,0,1,16,21.71,413.97,11,21,3
2024-01-02,Bhopal Memorial Hospital,17,1,0,0,1,24,17.53,391.04,23,21,15
2024-01-03,AIIMS Bhopal,9,2,0,0,1,16,16.51,270.08,9,20,18
2024-01-03,AIIMS Bhopal,10,2,0,0,1,11,18.35,272.9,1,9,18
2024-01-03,AIIMS Bhopal,11,2,0,0,1,15,15.09,154.85,7,5,9
2024-01-03,AIIMS Bhopal,12,2,0,0,1,13,10.24,119.64,7,24,17
2024-01-03,AIIMS Bhopal,13,2,0,0,1,12,10.11,147.84,12,26,2
2024-01-03,AIIMS Bhopal,14,2,0,0,1,16,14.89,194.42,4,16,7
2024-01-03,AIIMS Bhopal,15,2,0,0,1,10,11.31,145.71,10,15,10
2024-01-03,AIIMS Bhopal,16,2,0,0,1,10,10.34,76.42,8,18,7
2024-01-03,AIIMS Bhopal,17,2,0,0,1,19,11.33,201.65,6,24,18
2024-01-03,Hamidia Hospital,9,2,0,0,1,20,19.77,451.66,8,25,2
2024-01-03,Hamidia Hospital,10,2,0,0,1,13,14.56,226.05,13,23,4
2024-01-03,Hamidia Hospital,11,2,0,0,1,26,14.23,402.0,1,12,14
2024-01-03,Hamidia Hospital,12,2,0,0,1,19,15.13,260.88,3,8,13
2024-01-03,Hamidia Hospital,13,2,0,0,1,15,10.51,144.4,2,3,2
2024-01-03,Hamidia Hospital,14,2,0,0,1,13,9.92,117.32,13,13,12
2024-01-03,Hamidia Hospital,15,2,0,0,1,8,13.97,133.14,2,26,17
2024-01-03,Hamidia Hospital,16,2,0,0,1,19,12.81,230.36,13,8,4
2024-01-03,Hamidia Hospital,17,2,0,0,1,16,13.53,264.32,3,8,13
2024-01-03,Bansal Hospital,9,2,0,0,1,16,10.95,194.4,3,14,8
2024-01-03,Bansal Hospital,10,2,0,0,1,19,14.15,206.96,7,17,3
2024-01-03,Bansal Hospital,11,2,0,0,1,15,11.72,256.44,6,29,19
2024-01-03,Bansal Hospital,12,2,0,0,1,20,16.19,269.24,11,16,19
2024-01-03,Bansal Hospital,13,2,0,0,1,8,13.31,133.95,4,18,10
2024-01-03,Bansal Hospital,14,2,0,0,1,9,25.27,201.0,5,26,15
2024-01-03,Bansal Hospital,15,2,0,0,1,15,13.51,231.87,13,15,11
2024-01-03,Bansal Hospital,16,2,0,0,1,14,17.43,230.54,9,8,17
2024-01-03,Bansal Hospital,17,2,0,0,1,8,19.26,144.09,4,17,9
2024-01-03,Chirayu Medical College,9,2,0,0,1,10,17.99,121.73,7,24,15
2024-01-03,Chirayu Medical College,10,2,0,0,1,15,13.01,173.52,11,7,13
2024-01-03,Chirayu Medical College,11,2,0,0,1,26,25.94,859.26,16,21,12
2024-01-03,Chirayu Medical College,12,2,0,0,1,25,6.01,147.41,23,16,17
2024-01-03,Chirayu Medical College,13,2,0,0,1,6,15.96,78.25,5,22,2
2024-01-03,Chirayu Medical College,14,2,0,0,1,7,15.7,77.93,3,8,19
2024-01-03,Chirayu Medical College,15,2,0,0,1,9,9.69,77.51,7,27,10
2024-01-03,Chirayu Medical College,16,2,0,0,1,27,16.43,468.68,8,19,16
2024-01-03,Chirayu Medical College,17,2,0,0,1,25,10.42,227.49,15,14,12
2024-01-03,People's Hospital,9,2,0,0,1,22,15.75,254.98,17,7,11
2024-01-03,People's Hospital,10,2,0,0,1,10,11.67,118.83,2,6,4
2024-01-03,People's Hospital,11,2,0,0,1,24,13.33,385.13,7,19,15
2024-01-03,People's Hospital,12,2,0,0,1,19,10.75,210.85,15,13,2
2024-01-03,People's Hospital,13,2,0,0,1,11,21.05,251.81,1,30,10
2024-01-03,People's Hospital,14,2,0,0,1,7,13.94,87.09,6,10,16
2024-01-03,People's Hospital,15,2,0,0,1,13,11.6,142.17,7,17,7
2024-01-03,People's Hospital,16,2,0,0,1,26,13.24,312.01,22,16,12
2024-01-03,People's Hospital,17,2,0,0,1,8,14.34,67.35,8,21,13
2024-01-03,Bhopal Memorial Hospital,9,2,0,0,1,20,17.78,357.0,9,27,2
2024-01-03,Bhopal Memorial Hospital,10,2,0,0,1,14,16.52,176.63,6,13,6
2024-01-03,Bhopal Memorial Hospital,11,2,0,0,1,28,19.5,652.76,16,19,10
2024-01-03,Bhopal Memorial Hospital,12,2,0,0,1,20,10.93,181.16,12,14,14
2024-01-03,Bhopal Memorial Hospital,13,2,0,0,1,9,17.44,111.73,5,22,18
2024-01-03,Bhopal Memorial Hospital,14,2,0,0,1,7,13.37,79.27,2,12,3
2024-01-03,Bhopal Memorial Hospital,15,2,0,0,1,13,13.46,188.72,7,16,19
2024-01-03,Bhopal Memorial Hospital,16,2,0,0,1,15,11.26,152.85,8,23,17
2024-01-03,Bhopal Memorial Hospital,17,2,0,0,1,13,10.63,127.4,3,8,10
2024-01-04,AIIMS Bhopal,9,3,0,0,1,22,9.14,146.13,1,18,4
2024-01-04,AIIMS Bhopal,10,3,0,0,1,18,19.11,181.36,17,23,15
2024-01-04,AIIMS Bhopal,11,3,0,0,1,27,13.35,291.84,27,17,15
2024-01-04,AIIMS Bhopal,12,3,0,0,1,13,15.87,211.43,13,10,9
2024-01-04,AIIMS Bhopal,13,3,0,0,1,6,14.23,106.31,2,27,14
2024-01-04,AIIMS Bhopal,14,3,0,0,1,16,13.13,203.81,4,11,17
2024-01-04,AIIMS Bhopal,15,3,0,0,1,19,8.51,147.44,15,20,6
2024-01-04,AIIMS Bhopal,16,3,0,0,1,27,21.02,695.92,25,10,9
2024-01-04,AIIMS Bhopal,17,3,0,0,1,9,11.48,109.26,2,17,3
2024-01-04,Hamidia Hospital,9,3,0,0,1,15,16.63,328.52,12,14,19
2024-01-04,Hamidia Hospital,10,3,0,0,1,27,16.1,475.93,7,29,6
2024-01-04,Hamidia Hospital,11,3,0,0,1,11,10.54,103.75,10,20,5
2024-01-04,Hamidia Hospital,12,3,0,0,1,18,18.3,322.18,9,30,16
2024-01-04,Hamidia Hospital,13,3,0,0,1,7,19.39,169.72,4,4,8
2024-01-04,Hamidia Hospital,14,3,0,0,1,8,14.36,103.18,3,25,10
2024-01-04,Hamidia Hospital,15,3,0,0,1,15,15.43,162.14,8,7,18
2024-01-04,Hamidia Hospital,16,3,0,0,1,20,12.31,211.77,3,23,2
2024-01-04,Hamidia Hospital,17,3,0,0,1,20,11.79,231.98,12,17,15
2024-01-04,Bansal Hospital,9,3,0,0,1,18,7.98,115.15,3,26,14
2024-01-04,Bansal Hospital,10,3,0,0,1,24,19.19,327.88,13,9,13
2024-01-04,Bansal Hospital,11,3,0,0,1,18,11.47,207.67,10,13,17
2024-01-04,Bansal Hospital,12,3,0,0,1,12,10.78,117.34,6,24,1
2024-01-04,Bansal Hospital,13,3,0,0,1,6,20.68,149.49,4,3,3
2024-01-04,Bansal Hospital,14,3,0,0,1,9,14.86,134.12,7,9,4
2024-01-04,Bansal Hospital,15,3,0,0,1,17,20.03,473.56,9,5,11
2024-01-04,Bansal Hospital,16,3,0,0,1,20,20.14,461.66,6,4,12
2024-01-04,Bansal Hospital,17,3,0,0,1,17,13.99,158.95,14,23,2
2024-01-04,Chirayu Medical College,9,3,0,0,1,11,19.55,215.42,3,21,7
2024-01-04,Chirayu Medical College,10,3,0,0,1,31,14.77,446.47,23,13,3
2024-01-04,Chirayu Medical College,11,3,0,0,1,27,13.43,285.0,8,15,2
2024-01-04,Chirayu Medical College,12,3,0,0,1,11,18.05,221.53,5,7,12
2024-01-04,Chirayu Medical College,13,3,0,0,1,8,11.21,68.74,2,19,18
2024-01-04,Chirayu Medical College,14,3,0,0,1,5,13.16,60.75,3,26,6
2024-01-04,Chirayu Medical College,15,3,0,0,1,12,19.85,206.39,8,30,6
2024-01-04,Chirayu Medical College,16,3,0,0,1,13,16.75,203.27,2,21,12
2024-01-04,Chirayu Medical College,17,3,0,0,1,19,18.38,335.4,5,10,8
2024-01-04,People's Hospital,9,3,0,0,1,10,15.06,191.46,10,12,0
2024-01-04,People's Hospital,10,3,0,0,1,22,16.51,458.64,7,26,12
2024-01-04,People's Hospital,11,3,0,0,1,22,10.75,170.72,8,18,12
2024-01-04,People's Hospital,12,3,0,0,1,11,15.32,216.49,2,19,0
2024-01-04,People's Hospital,13,3,0,0,1,13,16.95,210.86,10,16,11
2024-01-04,People's Hospital,14,3,0,0,1,17,12.23,143.49,3,3,18
2024-01-04,People's Hospital,15,3,0,0,1,10,17.78,179.93,1,28,12
2024-01-04,People's Hospital,16,3,0,0,1,31,13.56,549.83,25,16,13
2024-01-04,People's Hospital,17,3,0,0,1,20,19.31,433.63,20,7,8
2024-01-04,Bhopal Memorial Hospital,9,3,0,0,1,10,13.24,161.88,4,28,4
2024-01-04,Bhopal Memorial Hospital,10,3,0,0,1,32,12.53,495.57,5,12,13
2024-01-04,Bhopal Memorial Hospital,11,3,0,0,1,19,16.59,324.68,14,6,14
2024-01-04,Bhopal Memorial Hospital,12,3,0,0,1,9,12.6,148.21,3,6,0
2024-01-04,Bhopal Memorial Hospital,13,3,0,0,1,8,14.28,101.22,6,19,16
2024-01-04,Bhopal Memorial Hospital,14,3,0,0,1,11,16.04,192.36,5,26,3
2024-01-04,Bhopal Memorial Hospital,15,3,0,0,1,8,12.84,121.48,2,11,18
2024-01-04,Bhopal Memorial Hospital,16,3,0,0,1,13,10.22,133.61,1,18,18
2024-01-04,Bhopal Memorial Hospital,17,3,0,0,1,13,12.93,187.17,2,21,3
2024-01-05,AIIMS Bhopal,9,4,0,0,1,15,14.98,221.53,14,30,0
2024-01-05,AIIMS Bhopal,10,4,0,0,1,19,18.65,373.51,5,8,1
2024-01-05,AIIMS Bhopal,11,4,0,0,1,32,17.07,382.99,27,10,10
2024-01-05,AIIMS Bhopal,12,4,0,0,1,15,9.48,164.98,5,29,2
2024-01-05,AIIMS Bhopal,13,4,0,0,1,13,19.38,303.28,1,8,7
2024-01-05,AIIMS Bhopal,14,4,0,0,1,16,24.86,374.77,3,17,9
2024-01-05,AIIMS Bhopal,15,4,0,0,1,17,12.63,262.91,1,14,6
2024-01-05,AIIMS Bhopal,16,4,0,0,1,22,11.87,243.69,20,10,14
2024-01-05,AIIMS Bhopal,17,4,0,0,1,19,11.09,183.91,7,26,17
2024-01-05,Hamidia Hospital,9,4,0,0,1,15,20.43,421.86,1,10,17
2024-01-05,Hamidia Hospital,10,4,0,0,1,24,10.96,202.03,1,13,0
2024-01-05,Hamidia Hospital,11,4,0,0,1,26,18.76,359.92,4,9,16
2024-01-05,Hamidia Hospital,12,4,0,0,1,15,6.07,113.47,3,25,8
2024-01-05,Hamidia Hospital,13,4,0,0,1,7,17.79,129.47,7,19,13
2024-01-05,Hamidia Hospital,14,4,0,0,1,13,8.58,121.16,10,6,16
2024-01-05,Hamidia Hospital,15,4,0,0,1,12,12.39,126.1,10,21,1
2024-01-05,Hamidia Hospital,16,4,0,0,1,27,13.89,341.26,10,11,10
2024-01-05,Hamidia Hospital,17,4,0,0,1,20,13.01,179.42,11,17,8
2024-01-05,Bansal Hospital,9,4,0,0,1,15,17.4,276.91,13,27,18
2024-01-05,Bansal Hospital,10,4,0,0,1,14,16.34,251.51,8,13,13
2024-01-05,Bansal Hospital,11,4,0,0,1,14,5.0,61.9,4,17,9
2024-01-05,Bansal Hospital,12,4,0,0,1,22,14.81,358.6,6,28,9
2024-01-05,Bansal Hospital,13,4,0,0,1,6,16.72,138.9,2,5,7
2024-01-05,Bansal Hospital,14,4,0,0,1,13,13.99,188.9,5,11,5
2024-01-05,Bansal Hospital,15,4,0,0,1,8,22.5,159.06,4,6,14
2024-01-05,Bansal Hospital,16,4,0,0,1,14,15.73,197.41,1,4,7
2024-01-05,Bansal Hospital,17,4,0,0,1,12,16.3,233.03,11,23,2
2024-01-05,Chirayu Medical College,9,4,0,0,1,16,16.37,251.69,3,9,14
2024-01-05,Chirayu Medical College,10,4,0,0,1,15,21.5,390.72,13,13,3
2024-01-05,Chirayu Medical College,11,4,0,0,1,11,16.21,174.18,10,16,12
2024-01-05,Chirayu Medical College,12,4,0,0,1,23,20.96,509.04,6,14,6
2024-01-05,Chirayu Medical College,13,4,0,0,1,9,14.32,156.55,3,4,19
2024-01-05,Chirayu Medical College,14,4,0,0,1,10,12.17,98.86,9,18,1
2024-01-05,Chirayu Medical College,15,4,0,0,1,10,14.6,161.54,4,23,16
2024-01-05,Chirayu Medical College,16,4,0,0,1,19,10.1,141.25,1,15,11
2024-01-05,Chirayu Medical College,17,4,0,0,1,23,10.57,227.72,19,19,10
2024-01-05,People's Hospital,9,4,0,0,1,20,14.88,311.21,20,10,0
2024-01-05,People's Hospital,10,4,0,0,1,20,26.53,648.54,17,14,18
2024-01-05,People's Hospital,11,4,0,0,1,19,16.81,314.67,8,11,17
2024-01-05,People's Hospital,12,4,0,0,1,9,15.86,73.62,7,14,5
2024-01-05,People's Hospital,13,4,0,0,1,9,15.3,161.66,6,21,0
2024-01-05,People's Hospital,14,4,0,0,1,13,19.87,236.83,10,9,15
2024-01-05,People's Hospital,15,4,0,0,1,25,13.32,404.95,3,4,7
2024-01-05,People's Hospital,16,4,0,0,1,19,19.53,381.54,11,22,6
2024-01-05,People's Hospital,17,4,0,0,1,12,13.65,181.04,6,4,0
2024-01-05,Bhopal Memorial Hospital,9,4,0,0,1,12,7.36,67.91,2,30,16
2024-01-05,Bhopal Memorial Hospital,10,4,0,0,1,24,18.75,428.66,22,15,18
2024-01-05,Bhopal Memorial Hospital,11,4,0,0,1,14,13.17,212.28,3,26,13
2024-01-05,Bhopal Memorial Hospital,12,4,0,0,1,23,13.54,280.26,18,25,19
2024-01-05,Bhopal Memorial Hospital,13,4,0,0,1,13,15.89,260.93,3,15,9
2024-01-05,Bhopal Memorial Hospital,14,4,0,0,1,11,19.5,264.25,10,15,18
2024-01-05,Bhopal Memorial Hospital,15,4,0,0,1,9,16.45,171.63,4,23,18
2024-01-05,Bhopal Memorial Hospital,16,4,0,0,1,14,17.03,228.25,12,5,7
2024-01-05,Bhopal Memorial Hospital,17,4,0,0,1,19,17.41,326.36,3,29,10
2024-01-06,AIIMS Bhopal,9,5,1,0,1,13,17.74,232.85,12,5,11
2024-01-06,AIIMS Bhopal,10,5,1,0,1,11,16.47,124.9,1,15,14
2024-01-06,AIIMS Bhopal,11,5,1,0,1,15,23.16,319.49,8,15,11
2024-01-06,AIIMS Bhopal,12,5,1,0,1,15,9.67,183.59,13,30,18
2024-01-06,AIIMS Bhopal,13,5,1,0,1,6,15.82,101.24,1,12,0
2024-01-06,AIIMS Bhopal,14,5,1,0,1,7,14.87,113.85,3,8,12
2024-01-06,AIIMS Bhopal,15,5,1,0,1,7,14.43,75.75,1,13,19
2024-01-06,AIIMS Bhopal,16,5,1,0,1,16,13.8,175.8,6,22,13
2024-01-06,AIIMS Bhopal,17,5,1,0,1,7,18.39,136.32,2,16,17
2024-01-06,Hamidia Hospital,9,5,1,0,1,15,14.69,256.0,4,6,1
2024-01-06,Hamidia Hospital,10,5,1,0,1,15,8.11,101.35,3,4,11
2024-01-06,Hamidia Hospital,11,5,1,0,1,5,12.0,64.39,5,18,6
2024-01-06,Hamidia Hospital,12,5,1,0,1,6,17.42,106.56,3,5,15
2024-01-06,Hamidia Hospital,13,5,1,0,1,4,13.56,64.42,4,24,8
2024-01-06,Hamidia Hospital,14,5,1,0,1,4,12.51,42.33,3,15,11
2024-01-06,Hamidia Hospital,15,5,1,0,1,7,12.05,88.78,4,11,7
2024-01-06,Hamidia Hospital,16,5,1,0,1,11,12.89,135.46,11,6,2
2024-01-06,Hamidia Hospital,17,5,1,0,1,11,16.48,146.26,10,10,17
2024-01-06,Bansal Hospital,9,5,1,0,1,5,18.99,65.43,4,20,15
2024-01-06,Bansal Hospital,10,5,1,0,1,11,13.4,149.13,1,19,18
2024-01-06,Bansal Hospital,11,5,1,0,1,18,16.88,216.92,5,6,14
2024-01-06,Bansal Hospital,12,5,1,0,1,7,17.3,116.47,2,28,6
2024-01-06,Bansal Hospital,13,5,1,0,1,4,16.56,67.65,4,9,4
2024-01-06,Bansal Hospital,14,5,1,0,1,6,12.26,95.06,1,5,12
2024-01-06,Bansal Hospital,15,5,1,0,1,15,12.16,201.88,5,19,14
2024-01-06,Bansal Hospital,16,5,1,0,1,5,16.27,59.23,5,28,13
2024-01-06,Bansal Hospital,17,5,1,0,1,6,13.05,82.87,5,21,3
2024-01-06,Chirayu Medical College,9,5,1,0,1,6,13.3,76.95,3,30,17
2024-01-06,Chirayu Medical College,10,5,1,0,1,14,17.26,215.31,11,18,18
2024-01-06,Chirayu Medical College,11,5,1,0,1,16,18.12,300.81,5,22,19
2024-01-06,Chirayu Medical College,12,5,1,0,1,12,23.15,305.93,6,25,7
2024-01-06,Chirayu Medical College,13,5,1,0,1,3,14.76,24.34,2,3,10
2024-01-06,Chirayu Medical College,14,5,1,0,1,7,12.12,115.16,7,25,3
2024-01-06,Chirayu Medical College,15,5,1,0,1,9,22.19,280.43,8,27,10
2024-01-06,Chirayu Medical College,16,5,1,0,1,11,14.28,114.61,2,9,14
2024-01-06,Chirayu Medical College,17,5,1,0,1,8,18.5,132.34,8,27,16
2024-01-06,People's Hospital,9,5,1,0,1,11,17.08,147.06,3,5,9
2024-01-06,People's Hospital,10,5,1,0,1,18,9.28,200.2,17,21,0
2024-01-06,People's Hospital,11,5,1,0,1,9,17.66,215.26,1,10,1
2024-01-06,People's Hospital,12,5,1,0,1,13,18.59,255.97,4,11,11
2024-01-06,People's Hospital,13,5,1,0,1,9,9.32,83.12,2,24,0
2024-01-06,People's Hospital,14,5,1,0,1,6,11.26,80.61,2,30,15
2024-01-06,People's Hospital,15,5,1,0,1,15,13.6,223.71,15,11,2
2024-01-06,People's Hospital,16,5,1,0,1,13,16.26,213.66,10,27,6
2024-01-06,People's Hospital,17,5,1,0,1,9,11.38,77.8,5,23,13
2024-01-06,Bhopal Memorial Hospital,9,5,1,0,1,14,21.91,320.14,13,24,0
2024-01-06,Bhopal Memorial Hospital,10,5,1,0,1,16,19.91,269.95,1,10,8
2024-01-06,Bhopal Memorial Hospital,11,5,1,0,1,13,13.54,122.2,5,16,12
2024-01-06,Bhopal Memorial Hospital,12,5,1,0,1,11,12.29,139.98,5,24,16
2024-01-06,Bhopal Memorial Hospital,13,5,1,0,1,8,14.58,115.21,6,20,19
2024-01-06,Bhopal Memorial Hospital,14,5,1,0,1,7,14.43,110.2,1,13,8
2024-01-06,Bhopal Memorial Hospital,15,5,1,0,1,10,17.01,149.83,5,9,4
2024-01-06,Bhopal Memorial Hospital,16,5,1,0,1,18,15.83,163.33,13,24,10
2024-01-06,Bhopal Memorial Hospital,17,5,1,0,1,7,13.95,69.62,3,11,13
2024-01-07,AIIMS Bhopal,9,6,1,0,1,12,14.18,176.06,12,21,6
2024-01-07,AIIMS Bhopal,10,6,1,0,1,13,14.58,162.99,9,23,15
2024-01-07,AIIMS Bhopal,11,6,1,0,1,14,7.28,100.09,14,24,17
2024-01-07,AIIMS Bhopal,12,6,1,0,1,7,13.77,117.36,6,11,17
2024-01-07,AIIMS Bhopal,13,6,1,0,1,4,23.1,79.44,1,10,11
2024-01-07,AIIMS Bhopal,14,6,1,0,1,6,14.88,73.97,3,14,8
2024-01-07,AIIMS Bhopal,15,6,1,0,1,10,13.05,133.44,1,30,18
2024-01-07,AIIMS Bhopal,16,6,1,0,1,7,12.41,88.85,1,30,12
2024-01-07,AIIMS Bhopal,17,6,1,0,1,14,14.6,217.42,14,7,4
2024-01-07,Hamidia Hospital,9,6,1,0,1,8,8.51,101.61,8,7,10
2024-01-07,Hamidia Hospital,10,6,1,0,1,9,15.84,110.11,3,13,1
2024-01-07,Hamidia Hospital,11,6,1,0,1,5,12.38,64.43,2,21,5
2024-01-07,Hamidia Hospital,12,6,1,0,1,13,16.53,141.92,3,22,13
2024-01-07,Hamidia Hospital,13,6,1,0,1,8,6.48,67.18,7,3,1
2024-01-07,Hamidia Hospital,14,6,1,0,1,10,16.21,191.84,1,13,16
2024-01-07,Hamidia Hospital,15,6,1,0,1,8,15.36,123.14,4,10,11
2024-01-07,Hamidia Hospital,16,6,1,0,1,13,17.71,263.08,10,12,5
2024-01-07,Hamidia Hospital,17,6,1,0,1,6,16.51,84.13,3,17,16
2024-01-07,Bansal Hospital,9,6,1,0,1,14,10.61,201.51,3,13,15
2024-01-07,Bansal Hospital,10,6,1,0,1,14,15.0,184.81,13,15,0
2024-01-07,Bansal Hospital,11,6,1,0,1,11,16.86,291.47,4,26,0
2024-01-07,Bansal Hospital,12,6,1,0,1,14,16.86,275.48,11,28,1
2024-01-07,Bansal Hospital,13,6,1,0,1,8,17.2,122.75,1,22,1
2024-01-07,Bansal Hospital,14,6,1,0,1,4,14.55,56.27,1,16,14
2024-01-07,Bansal Hospital,15,6,1,0,1,12,17.18,228.19,12,7,6
2024-01-07,Bansal Hospital,16,6,1,0,1,5,13.14,84.06,5,11,19
2024-01-07,Bansal Hospital,17,6,1,0,1,7,7.53,63.73,5,26,19
2024-01-07,Chirayu Medical College,9,6,1,0,1,6,13.57,109.36,4,9,19
2024-01-07,Chirayu Medical College,10,6,1,0,1,10,16.32,102.54,4,14,13
2024-01-07,Chirayu Medical College,11,6,1,0,1,13,17.69,279.02,4,25,15
2024-01-07,Chirayu Medical College,12,6,1,0,1,10,15.06,155.43,2,6,18
2024-01-07,Chirayu Medical College,13,6,1,0,1,9,16.03,154.37,9,5,3
2024-01-07,Chirayu Medical College,14,6,1,0,1,6,12.28,60.84,3,11,14
2024-01-07,Chirayu Medical College,15,6,1,0,1,5,17.01,91.22,1,30,9
2024-01-07,Chirayu Medical College,16,6,1,0,1,14,16.1,188.43,12,6,3
2024-01-07,Chirayu Medical College,17,6,1,0,1,5,17.18,86.47,2,13,11
2024-01-07,People's Hospital,9,6,1,0,1,13,18.04,224.16,12,5,11
2024-01-07,People's Hospital,10,6,1,0,1,13,16.66,256.53,8,11,12
2024-01-07,People's Hospital,11,6,1,0,1,16,16.78,194.64,6,6,4
2024-01-07,People's Hospital,12,6,1,0,1,5,22.66,108.27,1,16,18
2024-01-07,People's Hospital,13,6,1,0,1,9,16.94,109.01,3,22,12
2024-01-07,People's Hospital,14,6,1,0,1,7,8.9,46.33,7,26,4
2024-01-07,People's Hospital,15,6,1,0,1,13,16.72,207.13,7,17,1
2024-01-07,People's Hospital,16,6,1,0,1,7,14.75,121.11,6,30,16
2024-01-07,People's Hospital,17,6,1,0,1,9,20.9,180.33,6,19,16
2024-01-07,Bhopal Memorial Hospital,9,6,1,0,1,6,9.12,61.96,4,14,12
2024-01-07,Bhopal Memorial Hospital,10,6,1,0,1,9,17.71,124.87,1,3,5
2024-01-07,Bhopal Memorial Hospital,11,6,1,0,1,18,19.55,240.03,6,5,15
2024-01-07,Bhopal Memorial Hospital,12,6,1,0,1,10,15.61,238.64,1,19,7
2024-01-07,Bhopal Memorial Hospital,13,6,1,0,1,10,12.47,104.88,4,5,14
2024-01-07,Bhopal Memorial Hospital,14,6,1,0,1,9,16.38,116.93,8,17,10
2024-01-07,Bhopal Memorial Hospital,15,6,1,0,1,6,21.57,124.21,1,6,12
2024-01-07,Bhopal Memorial Hospital,16,6,1,0,1,15,19.92,315.66,14,5,19
2024-01-07,Bhopal Memorial Hospital,17,6,1,0,1,10,18.96,158.59,8,13,11
2024-01-08,AIIMS Bhopal,9,0,0,1,1,12,18.13,140.91,6,20,19
2024-01-08,AIIMS Bhopal,10,0,0,1,1,41,14.21,474.3,29,6,3
2024-01-08,AIIMS Bhopal,11,0,0,1,1,27,18.75,507.46,21,28,9
2024-01-08,AIIMS Bhopal,12,0,0,1,1,35,8.83,295.95,3,8,15
2024-01-08,AIIMS Bhopal,13,0,0,1,1,11,17.87,138.33,7,6,8
2024-01-08,AIIMS Bhopal,14,0,0,1,1,13,18.53,343.61,7,9,14
2024-01-08,AIIMS Bhopal,15,0,0,1,1,19,14.6,251.55,14,4,18
2024-01-08,AIIMS Bhopal,16,0,0,1,1,19,15.61,232.26,19,19,4
2024-01-08,AIIMS Bhopal,17,0,0,1,1,32,21.53,695.02,28,29,18
2024-01-08,Hamidia Hospital,9,0,0,1,1,32,21.2,570.19,12,25,18
2024-01-08,Hamidia Hospital,10,0,0,1,1,23,14.74,303.82,13,24,19
2024-01-08,Hamidia Hospital,11,0,0,1,1,32,11.06,352.1,16,11,12
2024-01-08,Hamidia Hospital,12,0,0,1,1,25,19.32,463.38,5,7,13
2024-01-08,Hamidia Hospital,13,0,0,1,1,23,13.12,391.16,11,25,17
2024-01-08,Hamidia Hospital,14,0,0,1,1,13,16.7,274.97,5,24,11
2024-01-08,Hamidia Hospital,15,0,0,1,1,16,20.76,320.85,6,19,17
2024-01-08,Hamidia Hospital,16,0,0,1,1,32,13.33,286.76,31,21,18
2024-01-08,Hamidia Hospital,17,0,0,1,1,29,11.12,201.02,18,12,13
2024-01-08,Bansal Hospital,9,0,0,1,1,11,14.1,154.15,3,4,1
2024-01-08,Bansal Hospital,10,0,0,1,1,24,14.25,461.43,10,24,8
2024-01-08,Bansal Hospital,11,0,0,1,1,20,18.26,270.55,10,9,17
2024-01-08,Bansal Hospital,12,0,0,1,1,12,12.23,171.74,10,30,17
2024-01-08,Bansal Hospital,13,0,0,1,1,14,14.76,153.6,4,19,9
2024-01-08,Bansal Hospital,14,0,0,1,1,8,18.55,135.27,6,20,1
2024-01-08,Bansal Hospital,15,0,0,1,1,11,14.89,141.76,8,29,7
2024-01-08,Bansal Hospital,16,0,0,1,1,33,15.16,374.53,13,27,6
2024-01-08,Bansal Hospital,17,0,0,1,1,23,5.0,135.82,3,8,5
2024-01-08,Chirayu Medical College,9,0,0,1,1,33,15.84,543.35,18,20,8
2024-01-08,Chirayu Medical College,10,0,0,1,1,20,19.11,507.45,1,13,14
2024-01-08,Chirayu Medical College,11,0,0,1,1,20,23.9,532.62,20,4,19
2024-01-08,Chirayu Medical College,12,0,0,1,1,23,9.79,228.73,12,5,10
2024-01-08,Chirayu Medical College,13,0,0,1,1,23,15.48,400.58,3,28,16
2024-01-08,Chirayu Medical College,14,0,0,1,1,12,10.71,144.63,2,14,7
2024-01-08,Chirayu Medical College,15,0,0,1,1,19,13.14,211.39,10,9,19
2024-01-08,Chirayu Medical College,16,0,0,1,1,42,9.93,433.86,42,3,3
2024-01-08,Chirayu Medical College,17,0,0,1,1,26,6.83,203.38,20,22,7
2024-01-08,People's Hospital,9,0,0,1,1,12,13.55,136.55,2,15,8
2024-01-08,People's Hospital,10,0,0,1,1,45,14.85,638.94,34,29,11
2024-01-08,People's Hospital,11,0,0,1,1,42,16.42,547.86,3,12,6
2024-01-08,People's Hospital,12,0,0,1,1,25,5.3,126.97,6,27,17
2024-01-08,People's Hospital,13,0,0,1,1,24,16.47,396.63,22,23,6
2024-01-08,People's Hospital,14,0,0,1,1,20,16.39,289.63,14,23,2
2024-01-08,People's Hospital,15,0,0,1,1,16,21.28,356.63,2,5,2
2024-01-08,People's Hospital,16,0,0,1,1,15,16.33,278.56,2,21,7
2024-01-08,People's Hospital,17,0,0,1,1,22,11.34,279.35,13,16,10
2024-01-08,Bhopal Memorial Hospital,9,0,0,1,1,11,13.46,157.54,1,23,19
2024-01-08,Bhopal Memorial Hospital,10,0,0,1,1,18,15.2,201.0,3,14,16
2024-01-08,Bhopal Memorial Hospital,11,0,0,1,1,19,13.49,331.95,3,12,14
2024-01-08,Bhopal Memorial Hospital,12,0,0,1,1,28,10.35,341.99,16,8,17
2024-01-08,Bhopal Memorial Hospital,13,0,0,1,1,14,17.61,283.63,13,30,17
2024-01-08,Bhopal Memorial Hospital,14,0,0,1,1,16,17.16,266.99,12,3,17
2024-01-08,Bhopal Memorial Hospital,15,0,0,1,1,35,15.74,575.77,26,20,17
2024-01-08,Bhopal Memorial Hospital,16,0,0,1,1,18,12.76,301.56,12,9,13
2024-01-08,Bhopal Memorial Hospital,17,0,0,1,1,33,16.6,602.15,17,9,3
2024-01-09,AIIMS Bhopal,9,1,0,0,1,13,12.53,125.85,1,30,17
2024-01-09,AIIMS Bhopal,10,1,0,0,1,28,14.04,369.0,22,5,8
2024-01-09,AIIMS Bhopal,11,1,0,0,1,14,16.71,292.29,6,14,4
2024-01-09,AIIMS Bhopal,12,1,0,0,1,15,19.5,340.28,15,9,10
2024-01-09,AIIMS Bhopal,13,1,0,0,1,16,9.73,168.78,10,25,18
2024-01-09,AIIMS Bhopal,14,1,0,0,1,8,11.51,85.06,6,16,5
2024-01-09,AIIMS Bhopal,15,1,0,0,1,8,12.28,130.09,7,11,11
2024-01-09,AIIMS Bhopal,16,1,0,0,1,15,13.46,169.18,8,17,14
2024-01-09,AIIMS Bhopal,17,1,0,0,1,19,15.72,230.44,4,8,19
2024-01-09,Hamidia Hospital,9,1,0,0,1,10,19.32,129.09,3,20,6
2024-01-09,Hamidia Hospital,10,1,0,0,1,20,14.42,207.88,3,3,16
2024-01-09,Hamidia Hospital,11,1,0,0,1,10,17.02,128.84,10,9,1
2024-01-09,Hamidia Hospital,12,1,0,0,1,25,14.44,513.45,18,18,4
2024-01-09,Hamidia Hospital,13,1,0,0,1,13,8.42,138.33,10,26,9
2024-01-09,Hamidia Hospital,14,1,0,0,1,8,10.34,87.04,7,14,16
2024-01-09,Hamidia Hospital,15,1,0,0,1,8,10.95,58.59,3,27,16
2024-01-09,Hamidia Hospital,16,1,0,0,1,15,12.63,197.32,10,24,4
2024-01-09,Hamidia Hospital,17,1,0,0,1,23,16.07,361.6,16,10,2
2024-01-09,Bansal Hospital,9,1,0,0,1,16,14.19,236.92,7,19,11
2024-01-09,Bansal Hospital,10,1,0,0,1,26,10.67,289.13,2,4,10
2024-01-09,Bansal Hospital,11,1,0,0,1,14,13.61,146.2,14,11,8
2024-01-09,Bansal Hospital,12,1,0,0,1,25,11.48,263.25,13,14,18
2024-01-09,Bansal Hospital,13,1,0,0,1,7,11.13,76.36,2,19,12
2024-01-09,Bansal Hospital,14,1,0,0,1,13,16.51,178.6,13,18,19
2024-01-09,Bansal Hospital,15,1,0,0,1,8,12.81,102.37,3,10,2
2024-01-09,Bansal Hospital,16,1,0,0,1,31,13.29,367.41,6,8,11
2024-01-09,Bansal Hospital,17,1,0,0,1,11,12.81,116.14,6,26,3
2024-01-09,Chirayu Medical College,9,1,0,0,1,23,12.93,236.87,19,8,13
2024-01-09,Chirayu Medical College,10,1,0,0,1,10,15.08,166.6,10,8,4
2024-01-09,Chirayu Medical College,11,1,0,0,1,31,20.06,661.23,2,8,8
2024-01-09,Chirayu Medical College,12,1,0,0,1,13,10.94,139.23,10,23,0
2024-01-09,Chirayu Medical College,13,1,0,0,1,11,17.64,185.25,10,18,15
2024-01-09,Chirayu Medical College,14,1,0,0,1,9,15.79,170.77,3,28,18
2024-01-09,Chirayu Medical College,15,1,0,0,1,13,11.58,125.37,3,26,10
2024-01-09,Chirayu Medical College,16,1,0,0,1,28,13.76,368.66,13,15,4
2024-01-09,Chirayu Medical College,17,1,0,0,1,11,19.84,223.74,9,24,13
2024-01-09,People's Hospital,9,1,0,0,1,12,13.03,144.33,10,22,1
2024-01-09,People's Hospital,10,1,0,0,1,32,13.0,415.14,31,24,4
2024-01-09,People's Hospital,11,1,0,0,1,32,18.99,378.73,28,19,13
2024-01-09,People's Hospital,12,1,0,0,1,19,19.37,287.44,14,10,15
2024-01-09,People's Hospital,13,1,0,0,1,14,10.73,194.08,13,29,18
2024-01-09,People's Hospital,14,1,0,0,1,7,12.26,91.79,7,10,2
2024-01-09,People's Hospital,15,1,0,0,1,17,10.91,158.63,9,9,0
2024-01-09,People's Hospital,16,1,0,0,1,10,13.23,126.09,1,15,6
2024-01-09,People's Hospital,17,1,0,0,1,18,13.4,253.69,14,23,18
2024-01-09,Bhopal Memorial Hospital,9,1,0,0,1,16,14.65,292.32,12,22,8
2024-01-09,Bhopal Memorial Hospital,10,1,0,0,1,26,15.13,312.16,26,20,15
2024-01-09,Bhopal Memorial Hospital,11,1,0,0,1,16,11.51,218.3,9,12,18
2024-01-09,Bhopal Memorial Hospital,12,1,0,0,1,19,15.61,237.51,5,30,3
2024-01-09,Bhopal Memorial Hospital,13,1,0,0,1,10,9.14,100.78,3,6,6
2024-01-09,Bhopal Memorial Hospital,14,1,0,0,1,16,12.05,213.32,2,8,12
2024-01-09,Bhopal Memorial Hospital,15,1,0,0,1,8,17.49,90.86,8,22,13
2024-01-09,Bhopal Memorial Hospital,16,1,0,0,1,13,17.61,241.58,2,22,1
2024-01-09,Bhopal Memorial Hospital,17,1,0,0,1,20,18.67,341.51,17,12,19
2024-01-10,AIIMS Bhopal,9,2,0,0,1,9,21.98,173.33,8,17,0
2024-01-10,AIIMS Bhopal,10,2,0,0,1,18,20.46,230.93,17,12,6
2024-01-10,AIIMS Bhopal,11,2,0,0,1,11,16.01,134.98,4,22,5
2024-01-10,AIIMS Bhopal,12,2,0,0,1,9,11.29,124.46,3,5,8
2024-01-10,AIIMS Bhopal,13,2,0,0,1,14,12.58,204.27,10,9,16
2024-01-10,AIIMS Bhopal,14,2,0,0,1,5,14.88,68.79,1,20,9
2024-01-10,AIIMS Bhopal,15,2,0,0,1,25,18.19,411.81,9,10,19
2024-01-10,AIIMS Bhopal,16,2,0,0,1,18,11.09,211.09,1,11,5
2024-01-10,AIIMS Bhopal,17,2,0,0,1,21,9.89,205.57,17,12,10
2024-01-10,Hamidia Hospital,9,2,0,0,1,11,18.27,105.79,9,29,18
2024-01-10,Hamidia Hospital,10,2,0,0,1,20,11.43,116.87,19,18,7
2024-01-10,Hamidia Hospital,11,2,0,0,1,23,19.3,420.22,15,21,0
2024-01-10,Hamidia Hospital,12,2,0,0,1,23,16.11,389.13,21,28,7
2024-01-10,Hamidia Hospital,13,2,0,0,1,10,16.28,130.87,6,19,17
2024-01-10,Hamidia Hospital,14,2,0,0,1,5,14.05,59.78,3,5,12
2024-01-10,Hamidia Hospital,15,2,0,0,1,18,23.22,506.99,16,13,11
2024-01-10,Hamidia Hospital,16,2,0,0,1,18,17.49,284.16,7,18,6
2024-01-10,Hamidia Hospital,17,2,0,0,1,15,14.26,127.37,4,10,6
2024-01-10,Bansal Hospital,9,2,0,0,1,15,16.94,213.23,13,6,3
2024-01-10,Bansal Hospital,10,2,0,0,1,13,12.35,118.19,10,3,17
2024-01-10,Bansal Hospital,11,2,0,0,1,11,17.23,159.68,6,18,18
2024-01-10,Bansal Hospital,12,2,0,0,1,16,5.0,82.66,9,15,7
2024-01-10,Bansal Hospital,13,2,0,0,1,8,21.76,194.88,8,20,1
2024-01-10,Bansal Hospital,14,2,0,0,1,16,10.44,221.42,6,17,3
2024-01-10,Bansal Hospital,15,2,0,0,1,24,9.08,234.36,1,24,6
2024-01-10,Bansal Hospital,16,2,0,0,1,26,11.9,282.66,20,30,8
2024-01-10,Bansal Hospital,17,2,0,0,1,13,12.19,151.5,8,22,10
2024-01-10,Chirayu Medical College,9,2,0,0,1,19,16.69,378.17,14,25,11
2024-01-10,Chirayu Medical College,10,2,0,0,1,24,16.97,355.08,6,21,4
2024-01-10,Chirayu Medical College,11,2,0,0,1,19,17.51,234.9,8,20,13
2024-01-10,Chirayu Medical College,12,2,0,0,1,20,17.39,465.4,5,18,0
2024-01-10,Chirayu Medical College,13,2,0,0,1,9,13.11,123.96,9,20,10
2024-01-10,Chirayu Medical College,14,2,0,0,1,16,13.41,267.01,2,15,3
2024-01-10,Chirayu Medical College,15,2,0,0,1,13,21.82,321.96,8,29,3
2024-01-10,Chirayu Medical College,16,2,0,0,1,28,14.89,352.39,12,20,17
2024-01-10,Chirayu Medical College,17,2,0,0,1,16,12.7,238.0,12,30,19
2024-01-10,People's Hospital,9,2,0,0,1,14,9.87,119.56,9,8,9
2024-01-10,People's Hospital,10,2,0,0,1,24,12.83,373.4,24,17,2
2024-01-10,People's Hospital,11,2,0,0,1,26,11.63,258.06,5,30,5
2024-01-10,People's Hospital,12,2,0,0,1,18,10.14,206.32,13,30,2
2024-01-10,People's Hospital,13,2,0,0,1,7,16.51,129.74,3,23,9
2024-01-10,People's Hospital,14,2,0,0,1,11,11.83,114.12,8,27,11
2024-01-10,People's Hospital,15,2,0,0,1,24,19.04,436.62,6,30,0
2024-01-10,People's Hospital,16,2,0,0,1,15,14.18,150.65,12,25,2
2024-01-10,People's Hospital,17,2,0,0,1,14,15.93,241.05,2,18,17
2024-01-10,Bhopal Memorial Hospital,9,2,0,0,1,9,18.97,176.38,2,6,8
2024-01-10,Bhopal Memorial Hospital,10,2,0,0,1,15,22.99,425.66,7,12,7
2024-01-10,Bhopal Memorial Hospital,11,2,0,0,1,19,14.66,218.48,5,7,16
2024-01-10,Bhopal Memorial Hospital,12,2,0,0,1,13,20.81,284.78,6,30,15
2024-01-10,Bhopal Memorial Hospital,13,2,0,0,1,15,19.93,287.24,5,20,14
2024-01-10,Bhopal Memorial Hospital,14,2,0,0,1,8,21.07,158.67,3,21,19
2024-01-10,Bhopal Memorial Hospital,15,2,0,0,1,22,11.14,193.9,19,16,16
2024-01-10,Bhopal Memorial Hospital,16,2,0,0,1,32,13.65,511.78,15,28,2
2024-01-10,Bhopal Memorial Hospital,17,2,0,0,1,22,13.53,355.11,5,12,0
2024-01-11,AIIMS Bhopal,9,3,0,0,1,8,8.33,63.37,3,14,9
2024-01-11,AIIMS Bhopal,10,3,0,0,1,29,9.04,244.79,16,27,15
2024-01-11,AIIMS Bhopal,11,3,0,0,1,22,19.24,428.37,10,22,7
2024-01-11,AIIMS Bhopal,12,3,0,0,1,8,12.53,96.39,7,15,7
2024-01-11,AIIMS Bhopal,13,3,0,0,1,9,13.74,88.88,7,10,8
2024-01-11,AIIMS Bhopal,14,3,0,0,1,7,12.39,92.73,7,28,19
2024-01-11,AIIMS Bhopal,15,3,0,0,1,16,13.57,287.1,9,16,6
2024-01-11,AIIMS Bhopal,16,3,0,0,1,13,16.36,244.77,11,17,19
2024-01-11,AIIMS Bhopal,17,3,0,0,1,22,14.23,399.52,7,13,0
2024-01-11,Hamidia Hospital,9,3,0,0,1,12,19.71,254.49,3,6,9
2024-01-11,Hamidia Hospital,10,3,0,0,1,20,18.04,415.57,1,10,2
2024-01-11,Hamidia Hospital,11,3,0,0,1,15,17.79,270.26,7,12,15
2024-01-11,Hamidia Hospital,12,3,0,0,1,19,8.1,166.25,11,5,4
2024-01-11,Hamidia Hospital,13,3,0,0,1,6,14.59,104.9,5,18,5
2024-01-11,Hamidia Hospital,14,3,0,0,1,9,17.41,142.17,7,29,0
2024-01-11,Hamidia Hospital,15,3,0,0,1,11,21.25,222.03,7,27,14
2024-01-11,Hamidia Hospital,16,3,0,0,1,19,14.92,268.7,15,26,3
2024-01-11,Hamidia Hospital,17,3,0,0,1,24,13.62,288.32,13,24,9
2024-01-11,Bansal Hospital,9,3,0,0,1,18,18.51,423.43,18,19,3
2024-01-11,Bansal Hospital,10,3,0,0,1,20,11.65,237.68,12,4,6
2024-01-11,Bansal Hospital,11,3,0,0,1,14,15.38,261.03,1,8,8
2024-01-11,Bansal Hospital,12,3,0,0,1,11,12.63,151.58,1,21,15
2024-01-11,Bansal Hospital,13,3,0,0,1,8,13.8,117.34,3,18,2
2024-01-11,Bansal Hospital,14,3,0,0,1,12,27.36,234.16,11,4,1
2024-01-11,Bansal Hospital,15,3,0,0,1,19,11.18,160.28,4,7,15
2024-01-11,Bansal Hospital,16,3,0,0,1,19,12.92,302.76,12,28,14
2024-01-11,Bansal Hospital,17,3,0,0,1,14,18.86,270.94,12,7,8
2024-01-11,Chirayu Medical College,9,3,0,0,1,9,10.73,98.46,5,20,15
2024-01-11,Chirayu Medical College,10,3,0,0,1,18,10.42,168.5,11,26,14
2024-01-11,Chirayu Medical College,11,3,0,0,1,20,18.64,298.38,18,8,2
2024-01-11,Chirayu Medical College,12,3,0,0,1,24,16.88,461.29,9,20,11
2024-01-11,Chirayu Medical College,13,3,0,0,1,15,20.7,310.94,7,26,5
2024-01-11,Chirayu Medical College,14,3,0,0,1,5,12.22,53.16,5,10,10
2024-01-11,Chirayu Medical College,15,3,0,0,1,10,12.29,97.23,7,9,16
2024-01-11,Chirayu Medical College,16,3,0,0,1,29,15.23,390.77,10,13,13
2024-01-11,Chirayu Medical College,17,3,0,0,1,18,18.74,389.89,3,4,4
2024-01-11,People's Hospital,9,3,0,0,1,13,16.88,198.42,8,9,3
2024-01-11,People's Hospital,10,3,0,0,1,11,8.14,74.79,11,18,16
2024-01-11,People's Hospital,11,3,0,0,1,20,17.69,369.0,3,3,6
2024-01-11,People's Hospital,12,3,0,0,1,23,21.8,419.11,15,28,1
2024-01-11,People's Hospital,13,3,0,0,1,13,6.18,66.83,7,29,11
2024-01-11,People's Hospital,14,3,0,0,1,6,16.4,84.57,1,26,2
2024-01-11,People's Hospital,15,3,0,0,1,17,17.46,316.33,17,6,3
2024-01-11,People's Hospital,16,3,0,0,1,19,12.46,230.65,17,24,7
2024-01-11,People's Hospital,17,3,0,0,1,13,10.23,120.77,12,6,18
2024-01-11,Bhopal Memorial Hospital,9,3,0,0,1,19,12.15,166.95,14,6,5
2024-01-11,Bhopal Memorial Hospital,10,3,0,0,1,16,10.49,155.55,6,20,19
2024-01-11,Bhopal Memorial Hospital,11,3,0,0,1,28,22.89,528.69,18,13,11
2024-01-11,Bhopal Memorial Hospital,12,3,0,0,1,21,15.38,254.66,11,22,7
2024-01-11,Bhopal Memorial Hospital,13,3,0,0,1,17,16.53,374.34,9,14,14
2024-01-11,Bhopal Memorial Hospital,14,3,0,0,1,15,15.08,225.93,1,12,19
2024-01-11,Bhopal Memorial Hospital,15,3,0,0,1,8,5.0,37.2,5,3,9
2024-01-11,Bhopal Memorial Hospital,16,3,0,0,1,19,15.76,350.32,9,20,16
2024-01-11,Bhopal Memorial Hospital,17,3,0,0,1,25,10.3,228.62,4,4,14
2024-01-12,AIIMS Bhopal,9,4,0,0,1,19,16.75,359.67,19,10,7
2024-01-12,AIIMS Bhopal,10,4,0,0,1,20,15.66,287.65,13,21,6
2024-01-12,AIIMS Bhopal,11,4,0,0,1,13,13.83,116.83,3,18,18
2024-01-12,AIIMS Bhopal,12,4,0,0,1,11,12.21,121.48,10,15,2
2024-01-12,AIIMS Bhopal,13,4,0,0,1,6,18.18,99.82,4,16,3
2024-01-12,AIIMS Bhopal,14,4,0,0,1,10,14.89,90.93,1,23,12
2024-01-12,AIIMS Bhopal,15,4,0,0,1,9,14.61,138.66,9,21,4
2024-01-12,AIIMS Bhopal,16,4,0,0,1,23,12.17,279.42,2,24,12
2024-01-12,AIIMS Bhopal,17,4,0,0,1,22,15.09,245.16,3,10,13
2024-01-12,Hamidia Hospital,9,4,0,0,1,17,15.51,234.64,11,5,15
2024-01-12,Hamidia Hospital,10,4,0,0,1,11,12.02,126.07,7,19,13
2024-01-12,Hamidia Hospital,11,4,0,0,1,15,15.35,177.62,4,18,12
2024-01-12,Hamidia Hospital,12,4,0,0,1,14,5.0,52.07,9,10,7
2024-01-12,Hamidia Hospital,13,4,0,0,1,7,14.57,123.49,6,21,2
2024-01-12,Hamidia Hospital,14,4,0,0,1,7,13.02,74.26,3,9,10
2024-01-12,Hamidia Hospital,15,4,0,0,1,19,14.26,264.34,10,8,11
2024-01-12,Hamidia Hospital,16,4,0,0,1,28,11.92,283.42,27,10,6
2024-01-12,Hamidia Hospital,17,4,0,0,1,19,18.6,448.13,3,6,1
2024-01-12,Bansal Hospital,9,4,0,0,1,15,23.68,303.97,14,29,9
2024-01-12,Bansal Hospital,10,4,0,0,1,10,11.0,143.16,5,17,15
2024-01-12,Bansal Hospital,11,4,0,0,1,10,11.77,151.33,4,9,17
2024-01-12,Bansal Hospital,12,4,0,0,1,24,15.01,269.37,20,26,4
2024-01-12,Bansal Hospital,13,4,0,0,1,5,8.79,57.31,5,4,8
2024-01-12,Bansal Hospital,14,4,0,0,1,9,17.49,165.17,5,4,14
2024-01-12,Bansal Hospital,15,4,0,0,1,8,20.37,182.43,6,30,3
2024-01-12,Bansal Hospital,16,4,0,0,1,10,12.81,179.36,7,10,12
2024-01-12,Bansal Hospital,17,4,0,0,1,24,16.81,398.09,11,18,19
2024-01-12,Chirayu Medical College,9,4,0,0,1,25,17.27,461.87,15,20,0
2024-01-12,Chirayu Medical College,10,4,0,0,1,11,15.08,206.62,6,18,12
2024-01-12,Chirayu Medical College,11,4,0,0,1,16,21.03,348.31,12,23,9
2024-01-12,Chirayu Medical College,12,4,0,0,1,15,26.09,385.85,5,28,1
2024-01-12,Chirayu Medical College,13,4,0,0,1,11,21.08,164.56,1,20,8
2024-01-12,Chirayu Medical College,14,4,0,0,1,10,19.94,268.76,3,5,12
2024-01-12,Chirayu Medical College,15,4,0,0,1,24,20.34,455.22,21,24,7
2024-01-12,Chirayu Medical College,16,4,0,0,1,27,15.14,455.75,10,22,10
2024-01-12,Chirayu Medical College,17,4,0,0,1,22,12.37,262.48,5,21,17
2024-01-12,People's Hospital,9,4,0,0,1,14,17.23,209.75,12,19,4
2024-01-12,People's Hospital,10,4,0,0,1,27,25.91,689.15,5,23,18
2024-01-12,People's Hospital,11,4,0,0,1,16,12.9,254.41,4,8,10
2024-01-12,People's Hospital,12,4,0,0,1,12,14.02,111.55,7,16,9
2024-01-12,People's Hospital,13,4,0,0,1,15,14.8,139.53,11,26,8
2024-01-12,People's Hospital,14,4,0,0,1,8,15.35,111.29,3,3,19
2024-01-12,People's Hospital,15,4,0,0,1,16,10.66,141.66,8,10,0
2024-01-12,People's Hospital,16,4,0,0,1,24,21.11,591.03,5,19,19
2024-01-12,People's Hospital,17,4,0,0,1,23,14.08,263.02,13,18,15
2024-01-12,Bhopal Memorial Hospital,9,4,0,0,1,12,16.48,222.0,7,27,0
2024-01-12,Bhopal Memorial Hospital,10,4,0,0,1,20,17.7,338.54,7,27,6
2024-01-12,Bhopal Memorial Hospital,11,4,0,0,1,13,19.4,364.77,8,30,19
2024-01-12,Bhopal Memorial Hospital,12,4,0,0,1,23,11.94,172.69,8,16,12
2024-01-12,Bhopal Memorial Hospital,13,4,0,0,1,6,9.19,42.24,6,13,12
2024-01-12,Bhopal Memorial Hospital,14,4,0,0,1,17,6.93,110.26,2,19,3
2024-01-12,Bhopal Memorial Hospital,15,4,0,0,1,22,7.1,173.28,8,19,17
2024-01-12,Bhopal Memorial Hospital,16,4,0,0,1,26,16.13,416.87,13,19,1
2024-01-12,Bhopal Memorial Hospital,17,4,0,0,1,14,13.97,233.66,5,27,9
2024-01-13,AIIMS Bhopal,9,5,1,0,1,13,16.67,248.09,1,25,16
2024-01-13,AIIMS Bhopal,10,5,1,0,1,9,9.38,89.99,2,26,16
2024-01-13,AIIMS Bhopal,11,5,1,0,1,7,17.27,149.88,6,20,4
2024-01-13,AIIMS Bhopal,12,5,1,0,1,12,11.25,150.29,3,17,18
2024-01-13,AIIMS Bhopal,13,5,1,0,1,5,16.29,76.67,3,25,5
2024-01-13,AIIMS Bhopal,14,5,1,0,1,4,20.26,94.8,3,5,16
2024-01-13,AIIMS Bhopal,15,5,1,0,1,12,13.43,74.42,10,8,12
2024-01-13,AIIMS Bhopal,16,5,1,0,1,19,10.0,234.21,11,21,4
2024-01-13,AIIMS Bhopal,17,5,1,0,1,7,16.71,106.16,6,4,13
2024-01-13,Hamidia Hospital,9,5,1,0,1,10,12.5,164.82,8,12,5
2024-01-13,Hamidia Hospital,10,5,1,0,1,7,23.17,113.12,1,22,8
2024-01-13,Hamidia Hospital,11,5,1,0,1,5,7.4,40.73,5,28,0
2024-01-13,Hamidia Hospital,12,5,1,0,1,13,15.41,253.53,8,17,13
2024-01-13,Hamidia Hospital,13,5,1,0,1,9,19.76,200.84,4,20,8
2024-01-13,Hamidia Hospital,14,5,1,0,1,10,16.16,141.69,3,7,1
2024-01-13,Hamidia Hospital,15,5,1,0,1,11,22.64,271.34,11,21,19
2024-01-13,Hamidia Hospital,16,5,1,0,1,13,14.16,197.9,2,16,5
2024-01-13,Hamidia Hospital,17,5,1,0,1,7,12.42,65.82,6,25,19
2024-01-13,Bansal Hospital,9,5,1,0,1,15,16.94,304.43,10,14,1
2024-01-13,Bansal Hospital,10,5,1,0,1,7,15.41,88.95,4,29,2
2024-01-13,Bansal Hospital,11,5,1,0,1,15,15.81,222.69,8,7,3
2024-01-13,Bansal Hospital,12,5,1,0,1,9,13.03,138.53,4,25,6
2024-01-13,Bansal Hospital,13,5,1,0,1,3,20.0,72.32,3,19,2
2024-01-13,Bansal Hospital,14,5,1,0,1,9,14.12,92.88,5,16,19
2024-01-13,Bansal Hospital,15,5,1,0,1,10,14.68,185.18,10,14,4
2024-01-13,Bansal Hospital,16,5,1,0,1,16,9.39,144.97,16,28,5
2024-01-13,Bansal Hospital,17,5,1,0,1,9,12.13,50.45,1,6,0
2024-01-13,Chirayu Medical College,9,5,1,0,1,13,13.59,164.08,4,28,19
2024-01-13,Chirayu Medical College,10,5,1,0,1,15,11.91,195.18,9,28,6
2024-01-13,Chirayu Medical College,11,5,1,0,1,5,11.12,42.43,3,28,2
2024-01-13,Chirayu Medical College,12,5,1,0,1,10,13.43,166.56,1,6,10
2024-01-13,Chirayu Medical College,13,5,1,0,1,7,10.88,88.16,1,29,5
2024-01-13,Chirayu Medical College,14,5,1,0,1,5,13.24,76.72,4,18,1
2024-01-13,Chirayu Medical College,15,5,1,0,1,7,9.42,68.08,7,20,10
2024-01-13,Chirayu Medical College,16,5,1,0,1,16,15.88,202.69,2,29,16
2024-01-13,Chirayu Medical College,17,5,1,0,1,10,9.47,83.39,9,20,0
2024-01-13,People's Hospital,9,5,1,0,1,8,11.83,86.66,6,5,4
2024-01-13,People's Hospital,10,5,1,0,1,11,16.97,158.02,7,23,17
2024-01-13,People's Hospital,11,5,1,0,1,9,11.41,93.92,2,30,9
2024-01-13,People's Hospital,12,5,1,0,1,10,14.21,120.15,2,18,7
2024-01-13,People's Hospital,13,5,1,0,1,7,5.63,45.16,2,19,9
2024-01-13,People's Hospital,14,5,1,0,1,4,20.34,99.85,2,5,14
2024-01-13,People's Hospital,15,5,1,0,1,14,19.54,283.3,9,7,6
2024-01-13,People's Hospital,16,5,1,0,1,13,20.76,229.44,9,12,10
2024-01-13,People's Hospital,17,5,1,0,1,7,15.22,96.94,5,24,4
2024-01-13,Bhopal Memorial Hospital,9,5,1,0,1,8,14.29,89.31,2,3,9
2024-01-13,Bhopal Memorial Hospital,10,5,1,0,1,6,12.93,58.35,1,13,14
2024-01-13,Bhopal Memorial Hospital,11,5,1,0,1,6,20.44,147.86,6,12,0
2024-01-13,Bhopal Memorial Hospital,12,5,1,0,1,10,13.23,118.43,4,9,9
2024-01-13,Bhopal Memorial Hospital,13,5,1,0,1,6,8.25,46.09,6,6,8
2024-01-13,Bhopal Memorial Hospital,14,5,1,0,1,4,16.08,69.63,1,9,17
2024-01-13,Bhopal Memorial Hospital,15,5,1,0,1,11,11.97,125.29,5,21,7
2024-01-13,Bhopal Memorial Hospital,16,5,1,0,1,9,19.97,201.18,6,20,14
2024-01-13,Bhopal Memorial Hospital,17,5,1,0,1,5,18.09,105.32,1,6,12
2024-01-14,AIIMS Bhopal,9,6,1,0,1,5,18.42,101.56,5,21,14
2024-01-14,AIIMS Bhopal,10,6,1,0,1,14,12.18,228.63,12,27,17
2024-01-14,AIIMS Bhopal,11,6,1,0,1,7,21.62,143.0,4,21,4
2024-01-14,AIIMS Bhopal,12,6,1,0,1,6,18.46,64.83,4,6,14
2024-01-14,AIIMS Bhopal,13,6,1,0,1,7,12.48,62.16,4,18,7
2024-01-14,AIIMS Bhopal,14,6,1,0,1,6,20.27,162.2,3,14,12
2024-01-14,AIIMS Bhopal,15,6,1,0,1,7,13.16,66.21,7,30,10
2024-01-14,AIIMS Bhopal,16,6,1,0,1,16,13.53,217.79,4,14,15
2024-01-14,AIIMS Bhopal,17,6,1,0,1,13,16.84,189.57,6,22,18
2024-01-14,Hamidia Hospital,9,6,1,0,1,7,10.92,75.69,6,28,3
2024-01-14,Hamidia Hospital,10,6,1,0,1,13,13.56,171.61,5,20,14
2024-01-14,Hamidia Hospital,11,6,1,0,1,15,12.51,172.75,4,20,5
2024-01-14,Hamidia Hospital,12,6,1,0,1,13,12.28,179.06,12,21,13
2024-01-14,Hamidia Hospital,13,6,1,0,1,8,11.66,86.29,4,8,2
2024-01-14,Hamidia Hospital,14,6,1,0,1,9,19.06,201.89,6,20,3
2024-01-14,Hamidia Hospital,15,6,1,0,1,13,19.47,366.24,2,22,3
2024-01-14,Hamidia Hospital,16,6,1,0,1,15,12.31,231.62,1,5,6
2024-01-14,Hamidia Hospital,17,6,1,0,1,7,21.57,108.51,6,28,0
2024-01-14,Bansal Hospital,9,6,1,0,1,7,12.67,72.16,3,15,19
2024-01-14,Bansal Hospital,10,6,1,0,1,16,17.03,350.07,11,12,18
2024-01-14,Bansal Hospital,11,6,1,0,1,13,23.19,232.08,12,14,2
2024-01-14,Bansal Hospital,12,6,1,0,1,4,11.35,38.39,2,30,9
2024-01-14,Bansal Hospital,13,6,1,0,1,3,11.56,41.1,1,3,17
2024-01-14,Bansal Hospital,14,6,1,0,1,7,17.51,135.29,1,10,13
2024-01-14,Bansal Hospital,15,6,1,0,1,12,10.54,98.27,7,15,13
2024-01-14,Bansal Hospital,16,6,1,0,1,19,15.6,331.81,5,9,17
2024-01-14,Bansal Hospital,17,6,1,0,1,12,17.09,172.81,7,7,9
2024-01-14,Chirayu Medical College,9,6,1,0,1,7,16.03,118.65,1,7,15
2024-01-14,Chirayu Medical College,10,6,1,0,1,15,17.13,252.67,3,23,13
2024-01-14,Chirayu Medical College,11,6,1,0,1,16,19.84,256.75,14,22,5
2024-01-14,Chirayu Medical College,12,6,1,0,1,13,9.94,127.28,8,15,11
2024-01-14,Chirayu Medical College,13,6,1,0,1,6,17.14,128.6,5,18,7
2024-01-14,Chirayu Medical College,14,6,1,0,1,9,13.9,181.82,6,4,1
2024-01-14,Chirayu Medical College,15,6,1,0,1,13,14.45,170.19,8,25,2
2024-01-14,Chirayu Medical College,16,6,1,0,1,9,14.39,98.11,5,17,16
2024-01-14,Chirayu Medical College,17,6,1,0,1,6,9.57,55.11,2,18,2
2024-01-14,People's Hospital,9,6,1,0,1,15,16.03,200.71,1,13,17
2024-01-14,People's Hospital,10,6,1,0,1,5,10.3,53.88,4,21,10
2024-01-14,People's Hospital,11,6,1,0,1,15,8.35,180.43,5,12,5
2024-01-14,People's Hospital,12,6,1,0,1,5,13.17,49.14,3,26,18
2024-01-14,People's Hospital,13,6,1,0,1,6,19.2,124.99,2,21,1
2024-01-14,People's Hospital,14,6,1,0,1,7,17.02,88.08,3,18,2
2024-01-14,People's Hospital,15,6,1,0,1,7,7.19,49.66,3,11,4
2024-01-14,People's Hospital,16,6,1,0,1,11,14.51,183.95,2,22,5
2024-01-14,People's Hospital,17,6,1,0,1,7,12.92,75.83,2,11,7
2024-01-14,Bhopal Memorial Hospital,9,6,1,0,1,13,17.06,271.08,1,13,2
2024-01-14,Bhopal Memorial Hospital,10,6,1,0,1,9,8.87,63.08,8,27,13
2024-01-14,Bhopal Memorial Hospital,11,6,1,0,1,15,15.33,279.27,11,8,6
2024-01-14,Bhopal Memorial Hospital,12,6,1,0,1,11,17.95,207.85,2,4,5
2024-01-14,Bhopal Memorial Hospital,13,6,1,0,1,9,12.28,121.59,9,10,12
2024-01-14,Bhopal Memorial Hospital,14,6,1,0,1,8,12.79,104.13,7,3,9
2024-01-14,Bhopal Memorial Hospital,15,6,1,0,1,13,12.43,180.61,9,24,1
2024-01-14,Bhopal Memorial Hospital,16,6,1,0,1,7,19.95,120.0,7,16,19
2024-01-14,Bhopal Memorial Hospital,17,6,1,0,1,9,13.4,136.92,2,11,18
2024-01-15,AIIMS Bhopal,9,0,0,1,1,28,9.18,275.66,8,26,18
2024-01-15,AIIMS Bhopal,10,0,0,1,1,24,9.03,208.51,6,13,17
2024-01-15,AIIMS Bhopal,11,0,0,1,1,14,11.48,107.03,1,16,3
2024-01-15,AIIMS Bhopal,12,0,0,1,1,33,18.45,689.35,15,26,9
2024-01-15,AIIMS Bhopal,13,0,0,1,1,15,15.31,239.02,2,4,19
2024-01-15,AIIMS Bhopal,14,0,0,1,1,13,20.43,242.4,12,6,2
2024-01-15,AIIMS Bhopal,15,0,0,1,1,16,10.17,201.49,6,6,5
2024-01-15,AIIMS Bhopal,16,0,0,1,1,28,13.38,480.3,3,23,14
2024-01-15,AIIMS Bhopal,17,0,0,1,1,22,15.75,240.82,22,27,10
2024-01-15,Hamidia Hospital,9,0,0,1,1,22,15.82,371.36,2,15,12
2024-01-15,Hamidia Hospital,10,0,0,1,1,32,18.09,576.63,17,8,14
2024-01-15,Hamidia Hospital,11,0,0,1,1,18,5.82,107.31,13,8,15
2024-01-15,Hamidia Hospital,12,0,0,1,1,15,19.23,366.09,4,22,3
2024-01-15,Hamidia Hospital,13,0,0,1,1,21,14.6,278.59,3,5,18
2024-01-15,Hamidia Hospital,14,0,0,1,1,15,15.13,218.28,8,7,0
2024-01-15,Hamidia Hospital,15,0,0,1,1,12,13.39,138.94,12,13,12
2024-01-15,Hamidia Hospital,16,0,0,1,1,14,5.56,74.26,8,18,13
2024-01-15,Hamidia Hospital,17,0,0,1,1,28,18.88,375.71,26,5,17
2024-01-15,Bansal Hospital,9,0,0,1,1,21,24.93,528.92,16,6,18
2024-01-15,Bansal Hospital,10,0,0,1,1,45,18.46,768.6,44,12,12
2024-01-15,Bansal Hospital,11,0,0,1,1,15,8.19,77.01,2,14,17
2024-01-15,Bansal Hospital,12,0,0,1,1,25,18.88,522.8,25,12,6
2024-01-15,Bansal Hospital,13,0,0,1,1,12,5.14,50.8,11,9,9
2024-01-15,Bansal Hospital,14,0,0,1,1,19,19.49,307.04,12,18,2
2024-01-15,Bansal Hospital,15,0,0,1,1,30,14.8,395.39,7,3,18
2024-01-15,Bansal Hospital,16,0,0,1,1,27,13.56,367.92,18,23,9
2024-01-15,Bansal Hospital,17,0,0,1,1,32,7.59,223.33,29,3,1
2024-01-15,Chirayu Medical College,9,0,0,1,1,25,21.61,605.9,2,15,3
2024-01-15,Chirayu Medical College,10,0,0,1,1,24,17.08,296.1,15,24,17
2024-01-15,Chirayu Medical College,11,0,0,1,1,20,14.84,253.57,3,4,4
2024-01-15,Chirayu Medical College,12,0,0,1,1,32,12.43,323.98,3,10,4
2024-01-15,Chirayu Medical College,13,0,0,1,1,7,15.6,115.38,3,29,3
2024-01-15,Chirayu Medical College,14,0,0,1,1,21,9.18,145.72,3,29,3
2024-01-15,Chirayu Medical College,15,0,0,1,1,15,7.83,118.26,4,5,6
2024-01-15,Chirayu Medical College,16,0,0,1,1,37,11.03,540.64,26,13,3
2024-01-15,Chirayu Medical College,17,0,0,1,1,35,19.95,900.11,14,27,1
2024-01-15,People's Hospital,9,0,0,1,1,18,13.96,273.21,5,27,13
2024-01-15,People's Hospital,10,0,0,1,1,23,13.32,232.92,15,10,18
2024-01-15,People's Hospital,11,0,0,1,1,15,19.74,373.9,11,22,12
2024-01-15,People's Hospital,12,0,0,1,1,18,19.6,360.78,1,3,5
2024-01-15,People's Hospital,13,0,0,1,1,9,13.56,90.47,5,16,15
2024-01-15,People's Hospital,14,0,0,1,1,11,16.55,232.19,9,17,13
2024-01-15,People's Hospital,15,0,0,1,1,21,20.08,377.81,2,22,5
2024-01-15,People's Hospital,16,0,0,1,1,41,13.69,530.14,20,14,13
2024-01-15,People's Hospital,17,0,0,1,1,11,12.56,131.75,9,6,19
2024-01-15,Bhopal Memorial Hospital,9,0,0,1,1,26,22.65,325.85,17,10,14
2024-01-15,Bhopal Memorial Hospital,10,0,0,1,1,24,14.57,394.84,5,24,15
2024-01-15,Bhopal Memorial Hospital,11,0,0,1,1,41,17.66,917.06,3,4,11
2024-01-15,Bhopal Memorial Hospital,12,0,0,1,1,23,15.76,416.0,20,28,14
2024-01-15,Bhopal Memorial Hospital,13,0,0,1,1,8,16.04,133.46,3,8,0
2024-01-15,Bhopal Memorial Hospital,14,0,0,1,1,22,13.47,294.28,8,26,14
2024-01-15,Bhopal Memorial Hospital,15,0,0,1,1,25,9.21,267.33,11,10,3
2024-01-15,Bhopal Memorial Hospital,16,0,0,1,1,32,15.41,564.96,27,30,6
2024-01-15,Bhopal Memorial Hospital,17,0,0,1,1,28,16.21,431.58,19,18,1
2024-01-16,AIIMS Bhopal,9,1,0,0,1,21,20.62,590.04,15,8,12
2024-01-16,AIIMS Bhopal,10,1,0,0,1,24,19.18,571.25,21,14,8
2024-01-16,AIIMS Bhopal,11,1,0,0,1,18,14.47,271.97,2,11,4
2024-01-16,AIIMS Bhopal,12,1,0,0,1,11,17.64,159.54,3,27,10
2024-01-16,AIIMS Bhopal,13,1,0,0,1,10,19.11,157.09,10,8,18
2024-01-16,AIIMS Bhopal,14,1,0,0,1,17,16.04,254.4,17,18,6
2024-01-16,AIIMS Bhopal,15,1,0,0,1,23,16.68,330.65,14,26,7
2024-01-16,AIIMS Bhopal,16,1,0,0,1,19,12.54,293.78,19,7,18
2024-01-16,AIIMS Bhopal,17,1,0,0,1,8,13.95,114.95,8,26,16
2024-01-16,Hamidia Hospital,9,1,0,0,1,9,11.42,112.07,2,17,15
2024-01-16,Hamidia Hospital,10,1,0,0,1,19,20.8,461.1,14,9,4
2024-01-16,Hamidia Hospital,11,1,0,0,1,24,13.36,409.48,3,3,15
2024-01-16,Hamidia Hospital,12,1,0,0,1,17,17.33,350.26,1,17,14
2024-01-16,Hamidia Hospital,13,1,0,0,1,8,17.87,122.24,6,23,14
2024-01-16,Hamidia Hospital,14,1,0,0,1,5,15.98,75.19,3,19,1
2024-01-16,Hamidia Hospital,15,1,0,0,1,17,12.17,221.54,7,28,2
2024-01-16,Hamidia Hospital,16,1,0,0,1,23,14.88,319.35,22,14,1
2024-01-16,Hamidia Hospital,17,1,0,0,1,11,11.68,147.78,1,14,11
2024-01-16,Bansal Hospital,9,1,0,0,1,13,11.27,109.78,9,25,6
2024-01-16,Bansal Hospital,10,1,0,0,1,15,17.93,264.33,2,23,15
2024-01-16,Bansal Hospital,11,1,0,0,1,18,15.13,180.28,11,14,8
2024-01-16,Bansal Hospital,12,1,0,0,1,24,13.63,279.44,3,14,11
2024-01-16,Bansal Hospital,13,1,0,0,1,15,10.13,155.1,2,18,17
2024-01-16,Bansal Hospital,14,1,0,0,1,17,18.54,274.35,12,28,2
2024-01-16,Bansal Hospital,15,1,0,0,1,14,18.44,222.32,2,15,5
2024-01-16,Bansal Hospital,16,1,0,0,1,22,16.55,356.46,6,11,3
2024-01-16,Bansal Hospital,17,1,0,0,1,12,6.84,82.91,9,23,0
2024-01-16,Chirayu Medical College,9,1,0,0,1,17,9.76,191.0,5,18,11
2024-01-16,Chirayu Medical College,10,1,0,0,1,27,9.6,284.96,10,9,2
2024-01-16,Chirayu Medical College,11,1,0,0,1,10,17.01,152.3,9,23,10
2024-01-16,Chirayu Medical College,12,1,0,0,1,21,9.86,178.32,11,18,18
2024-01-16,Chirayu Medical College,13,1,0,0,1,16,17.37,227.37,10,21,4
2024-01-16,Chirayu Medical College,14,1,0,0,1,11,16.47,205.9,8,14,9
2024-01-16,Chirayu Medical College,15,1,0,0,1,9,16.95,172.6,3,22,5
2024-01-16,Chirayu Medical College,16,1,0,0,1,32,12.64,616.63,10,8,7
2024-01-16,Chirayu Medical College,17,1,0,0,1,11,18.37,211.14,3,17,8
2024-01-16,People's Hospital,9,1,0,0,1,19,17.06,400.48,2,24,10
2024-01-16,People's Hospital,10,1,0,0,1,24,17.61,496.54,6,20,9
2024-01-16,People's Hospital,11,1,0,0,1,14,18.57,234.66,8,27,4
2024-01-16,People's Hospital,12,1,0,0,1,22,17.09,356.88,18,19,10
2024-01-16,People's Hospital,13,1,0,0,1,11,11.73,132.57,10,24,4
2024-01-16,People's Hospital,14,1,0,0,1,15,13.97,226.87,8,4,4
2024-01-16,People's Hospital,15,1,0,0,1,25,15.67,403.4,20,29,7
2024-01-16,People's Hospital,16,1,0,0,1,28,12.78,407.48,20,23,6
2024-01-16,People's Hospital,17,1,0,0,1,24,16.63,583.31,9,9,0
2024-01-16,Bhopal Memorial Hospital,9,1,0,0,1,10,10.78,102.23,2,19,12
2024-01-16,Bhopal Memorial Hospital,10,1,0,0,1,18,9.57,175.09,17,4,11
2024-01-16,Bhopal Memorial Hospital,11,1,0,0,1,26,19.69,672.92,12,15,11
2024-01-16,Bhopal Memorial Hospital,12,1,0,0,1,8,14.2,134.2,8,30,17
2024-01-16,Bhopal Memorial Hospital,13,1,0,0,1,7,16.79,165.55,6,16,14
2024-01-16,Bhopal Memorial Hospital,14,1,0,0,1,11,18.33,257.36,7,26,13
2024-01-16,Bhopal Memorial Hospital,15,1,0,0,1,12,17.76,163.72,3,9,9
2024-01-16,Bhopal Memorial Hospital,16,1,0,0,1,29,19.87,565.97,11,5,18
2024-01-16,Bhopal Memorial Hospital,17,1,0,0,1,20,18.49,409.8,9,16,5
2024-01-17,AIIMS Bhopal,9,2,0,0,1,25,9.96,264.32,5,9,5
2024-01-17,AIIMS Bhopal,10,2,0,0,1,26,13.86,441.5,10,29,18
2024-01-17,AIIMS Bhopal,11,2,0,0,1,22,8.44,187.95,8,3,0
2024-01-17,AIIMS Bhopal,12,2,0,0,1,12,14.2,255.4,11,18,3
2024-01-17,AIIMS Bhopal,13,2,0,0,1,11,10.96,134.54,11,10,0
2024-01-17,AIIMS Bhopal,14,2,0,0,1,7,15.43,82.94,1,22,11
2024-01-17,AIIMS Bhopal,15,2,0,0,1,23,7.62,146.98,21,24,15
2024-01-17,AIIMS Bhopal,16,2,0,0,1,14,10.46,180.4,1,30,8
2024-01-17,AIIMS Bhopal,17,2,0,0,1,13,13.04,160.18,8,25,4
2024-01-17,Hamidia Hospital,9,2,0,0,1,19,16.65,359.62,14,23,11
2024-01-17,Hamidia Hospital,10,2,0,0,1,11,13.78,187.69,2,19,6
2024-01-17,Hamidia Hospital,11,2,0,0,1,16,15.5,181.23,6,20,10
2024-01-17,Hamidia Hospital,12,2,0,0,1,18,17.82,234.42,10,11,11
2024-01-17,Hamidia Hospital,13,2,0,0,1,7,11.36,76.36,2,3,4
2024-01-17,Hamidia Hospital,14,2,0,0,1,16,13.64,292.53,14,13,5
2024-01-17,Hamidia Hospital,15,2,0,0,1,11,15.95,216.11,4,28,17
2024-01-17,Hamidia Hospital,16,2,0,0,1,31,18.59,426.35,23,27,3
2024-01-17,Hamidia Hospital,17,2,0,0,1,21,13.45,288.07,5,3,15
2024-01-17,Bansal Hospital,9,2,0,0,1,19,13.57,303.1,15,22,16
2024-01-17,Bansal Hospital,10,2,0,0,1,23,16.6,439.31,4,10,4
2024-01-17,Bansal Hospital,11,2,0,0,1,15,13.7,172.89,4,7,2
2024-01-17,Bansal Hospital,12,2,0,0,1,21,12.46,176.24,3,3,15
2024-01-17,Bansal Hospital,13,2,0,0,1,14,16.84,241.75,13,24,16
2024-01-17,Bansal Hospital,14,2,0,0,1,6,6.42,41.75,1,5,9
2024-01-17,Bansal Hospital,15,2,0,0,1,8,15.2,79.14,4,21,6
2024-01-17,Bansal Hospital,16,2,0,0,1,16,14.53,222.59,5,30,8
2024-01-17,Bansal Hospital,17,2,0,0,1,19,10.29,257.08,8,19,18
2024-01-17,Chirayu Medical College,9,2,0,0,1,10,19.27,222.22,1,19,6
2024-01-17,Chirayu Medical College,10,2,0,0,1,18,17.39,304.53,18,3,3
2024-01-17,Chirayu Medical College,11,2,0,0,1,18,21.85,319.79,16,14,18
2024-01-17,Chirayu Medical College,12,2,0,0,1,13,5.65,87.16,3,29,11
2024-01-17,Chirayu Medical College,13,2,0,0,1,14,10.73,166.79,7,6,10
2024-01-17,Chirayu Medical College,14,2,0,0,1,7,10.27,75.56,4,27,11
2024-01-17,Chirayu Medical College,15,2,0,0,1,17,13.92,231.88,11,18,3
2024-01-17,Chirayu Medical College,16,2,0,0,1,26,13.86,455.95,10,24,14
2024-01-17,Chirayu Medical College,17,2,0,0,1,15,11.87,168.3,14,16,6
2024-01-17,People's Hospital,9,2,0,0,1,10,20.69,161.1,6,8,0
2024-01-17,People's Hospital,10,2,0,0,1,29,13.11,312.77,17,24,2
2024-01-17,People's Hospital,11,2,0,0,1,14,17.51,284.08,10,6,5
2024-01-17,People's Hospital,12,2,0,0,1,10,13.25,145.88,4,22,12
2024-01-17,People's Hospital,13,2,0,0,1,7,15.45,130.78,4,11,18
2024-01-17,People's Hospital,14,2,0,0,1,11,15.28,107.76,7,14,15
2024-01-17,People's Hospital,15,2,0,0,1,20,19.77,388.04,5,27,14
2024-01-17,People's Hospital,16,2,0,0,1,14,18.34,298.05,4,23,4
2024-01-17,People's Hospital,17,2,0,0,1,8,16.07,133.51,2,18,0
2024-01-17,Bhopal Memorial Hospital,9,2,0,0,1,13,10.54,164.73,3,12,19
2024-01-17,Bhopal Memorial Hospital,10,2,0,0,1,14,15.38,152.06,9,27,15
2024-01-17,Bhopal Memorial Hospital,11,2,0,0,1,28,16.75,601.02,16,19,8
2024-01-17,Bhopal Memorial Hospital,12,2,0,0,1,25,10.6,352.43,18,3,1
2024-01-17,Bhopal Memorial Hospital,13,2,0,0,1,14,16.47,214.69,8,13,12
2024-01-17,Bhopal Memorial Hospital,14,2,0,0,1,15,14.0,212.71,9,24,9
2024-01-17,Bhopal Memorial Hospital,15,2,0,0,1,13,12.85,168.05,12,15,15
2024-01-17,Bhopal Memorial Hospital,16,2,0,0,1,14,10.78,136.25,9,24,17
2024-01-17,Bhopal Memorial Hospital,17,2,0,0,1,23,7.24,176.33,17,4,12
2024-01-18,AIIMS Bhopal,9,3,0,0,1,16,5.0,81.42,12,27,9
2024-01-18,AIIMS Bhopal,10,3,0,0,1,23,19.95,505.05,5,29,11
2024-01-18,AIIMS Bhopal,11,3,0,0,1,24,16.94,306.26,21,13,12
2024-01-18,AIIMS Bhopal,12,3,0,0,1,11,5.0,69.9,7,14,1
2024-01-18,AIIMS Bhopal,13,3,0,0,1,10,15.09,194.47,10,5,2
2024-01-18,AIIMS Bhopal,14,3,0,0,1,11,16.84,200.08,9,13,1
2024-01-18,AIIMS Bhopal,15,3,0,0,1,22,12.7,230.49,17,16,8
2024-01-18,AIIMS Bhopal,16,3,0,0,1,10,13.23,99.04,6,15,18
2024-01-18,AIIMS Bhopal,17,3,0,0,1,20,14.2,307.2,16,6,6
2024-01-18,Hamidia Hospital,9,3,0,0,1,18,7.69,139.54,11,8,19
2024-01-18,Hamidia Hospital,10,3,0,0,1,22,12.2,311.96,16,23,2
2024-01-18,Hamidia Hospital,11,3,0,0,1,32,15.7,579.37,20,21,12
2024-01-18,Hamidia Hospital,12,3,0,0,1,15,7.86,76.04,12,30,18
2024-01-18,Hamidia Hospital,13,3,0,0,1,7,12.32,78.73,5,28,16
2024-01-18,Hamidia Hospital,14,3,0,0,1,16,11.69,202.25,3,23,9
2024-01-18,Hamidia Hospital,15,3,0,0,1,24,16.42,314.96,18,13,6
2024-01-18,Hamidia Hospital,16,3,0,0,1,27,10.42,326.76,15,24,17
2024-01-18,Hamidia Hospital,17,3,0,0,1,13,19.12,201.02,9,30,5
2024-01-18,Bansal Hospital,9,3,0,0,1,23,17.36,598.12,15,11,17
2024-01-18,Bansal Hospital,10,3,0,0,1,27,20.91,491.88,2,19,6
2024-01-18,Bansal Hospital,11,3,0,0,1,24,12.12,300.85,24,24,9
2024-01-18,Bansal Hospital,12,3,0,0,1,21,8.29,211.1,3,23,6
2024-01-18,Bansal Hospital,13,3,0,0,1,14,14.65,238.66,3,11,19
2024-01-18,Bansal Hospital,14,3,0,0,1,10,13.37,141.02,4,3,7
2024-01-18,Bansal Hospital,15,3,0,0,1,17,10.01,179.82,14,16,1
2024-01-18,Bansal Hospital,16,3,0,0,1,18,16.17,317.58,9,28,8
2024-01-18,Bansal Hospital,17,3,0,0,1,25,18.51,624.59,24,18,0
2024-01-18,Chirayu Medical College,9,3,0,0,1,9,16.06,135.23,5,30,2
2024-01-18,Chirayu Medical College,10,3,0,0,1,27,19.76,437.27,3,15,4
2024-01-18,Chirayu Medical College,11,3,0,0,1,19,19.97,459.32,4,19,18
2024-01-18,Chirayu Medical College,12,3,0,0,1,24,14.91,506.4,8,22,3
2024-01-18,Chirayu Medical College,13,3,0,0,1,12,12.47,184.44,7,28,7
2024-01-18,Chirayu Medical College,14,3,0,0,1,14,15.38,235.37,4,11,14
2024-01-18,Chirayu Medical College,15,3,0,0,1,21,14.86,395.2,16,20,11
2024-01-18,Chirayu Medical College,16,3,0,0,1,14,13.3,221.87,11,10,8
2024-01-18,Chirayu Medical College,17,3,0,0,1,12,10.86,161.74,5,3,19
2024-01-18,People's Hospital,9,3,0,0,1,9,18.2,123.31,1,25,7
2024-01-18,People's Hospital,10,3,0,0,1,20,11.75,221.78,12,28,3
2024-01-18,People's Hospital,11,3,0,0,1,32,20.3,459.16,25,3,12
2024-01-18,People's Hospital,12,3,0,0,1,16,12.05,278.69,8,12,6
2024-01-18,People's Hospital,13,3,0,0,1,9,19.88,153.43,7,28,1
2024-01-18,People's Hospital,14,3,0,0,1,11,19.97,158.85,8,18,13
2024-01-18,People's Hospital,15,3,0,0,1,18,13.33,143.85,4,29,5
2024-01-18,People's Hospital,16,3,0,0,1,20,11.28,223.88,20,26,17
2024-01-18,People's Hospital,17,3,0,0,1,18,14.1,257.23,2,23,5
2024-01-18,Bhopal Memorial Hospital,9,3,0,0,1,22,15.55,306.34,13,9,9
2024-01-18,Bhopal Memorial Hospital,10,3,0,0,1,23,13.28,291.8,8,19,4
2024-01-18,Bhopal Memorial Hospital,11,3,0,0,1,27,15.93,357.32,16,30,4
2024-01-18,Bhopal Memorial Hospital,12,3,0,0,1,16,17.48,346.19,11,28,9
2024-01-18,Bhopal Memorial Hospital,13,3,0,0,1,9,18.3,180.68,7,15,18
2024-01-18,Bhopal Memorial Hospital,14,3,0,0,1,10,15.86,159.44,9,23,19
2024-01-18,Bhopal Memorial Hospital,15,3,0,0,1,15,24.01,252.61,4,11,5
2024-01-18,Bhopal Memorial Hospital,16,3,0,0,1,11,11.56,142.82,5,7,2
2024-01-18,Bhopal Memorial Hospital,17,3,0,0,1,19,17.49,407.74,1,25,16
2024-01-19,AIIMS Bhopal,9,4,0,0,1,21,16.34,187.32,16,6,7
2024-01-19,AIIMS Bhopal,10,4,0,0,1,18,17.9,441.71,9,12,15
2024-01-19,AIIMS Bhopal,11,4,0,0,1,26,20.39,682.47,20,9,9
2024-01-19,AIIMS Bhopal,12,4,0,0,1,14,11.43,176.1,3,3,9
2024-01-19,AIIMS Bhopal,13,4,0,0,1,11,15.4,206.33,4,14,18
2024-01-19,AIIMS Bhopal,14,4,0,0,1,15,18.86,315.6,14,13,12
2024-01-19,AIIMS Bhopal,15,4,0,0,1,14,13.57,131.86,12,22,8
2024-01-19,AIIMS Bhopal,16,4,0,0,1,13,16.15,218.18,6,10,15
2024-01-19,AIIMS Bhopal,17,4,0,0,1,19,24.47,460.37,2,3,8
2024-01-19,Hamidia Hospital,9,4,0,0,1,24,12.52,265.64,13,24,11
2024-01-19,Hamidia Hospital,10,4,0,0,1,15,20.02,284.96,10,8,8
2024-01-19,Hamidia Hospital,11,4,0,0,1,16,5.77,91.31,15,7,2
2024-01-19,Hamidia Hospital,12,4,0,0,1,18,13.95,199.23,9,6,10
2024-01-19,Hamidia Hospital,13,4,0,0,1,6,19.66,114.23,3,26,11
2024-01-19,Hamidia Hospital,14,4,0,0,1,14,13.32,261.16,10,29,8
2024-01-19,Hamidia Hospital,15,4,0,0,1,24,11.74,391.64,11,26,15
2024-01-19,Hamidia Hospital,16,4,0,0,1,15,6.49,82.29,11,28,14
2024-01-19,Hamidia Hospital,17,4,0,0,1,9,15.5,148.18,3,4,15
2024-01-19,Bansal Hospital,9,4,0,0,1,16,17.32,330.35,4,18,1
2024-01-19,Bansal Hospital,10,4,0,0,1,28,11.1,387.42,16,17,15
2024-01-19,Bansal Hospital,11,4,0,0,1,14,19.55,183.11,2,14,2
2024-01-19,Bansal Hospital,12,4,0,0,1,14,16.71,212.14,3,26,16
2024-01-19,Bansal Hospital,13,4,0,0,1,11,9.56,93.14,4,21,0
2024-01-19,Bansal Hospital,14,4,0,0,1,16,15.27,213.61,3,10,15
2024-01-19,Bansal Hospital,15,4,0,0,1,11,15.7,167.52,11,24,3
2024-01-19,Bansal Hospital,16,4,0,0,1,26,8.55,295.33,4,29,10
2024-01-19,Bansal Hospital,17,4,0,0,1,12,19.37,241.74,12,24,15
2024-01-19,Chirayu Medical College,9,4,0,0,1,22,12.81,249.53,22,3,10
2024-01-19,Chirayu Medical College,10,4,0,0,1,11,9.54,62.11,6,26,18
2024-01-19,Chirayu Medical College,11,4,0,0,1,15,15.3,243.64,11,12,10
2024-01-19,Chirayu Medical College,12,4,0,0,1,9,14.8,99.72,7,5,12
2024-01-19,Chirayu Medical College,13,4,0,0,1,11,19.53,314.88,7,5,0
2024-01-19,Chirayu Medical College,14,4,0,0,1,9,18.62,217.33,5,23,4
2024-01-19,Chirayu Medical College,15,4,0,0,1,11,12.84,189.68,5,24,19
2024-01-19,Chirayu Medical College,16,4,0,0,1,15,13.86,222.41,6,19,6
2024-01-19,Chirayu Medical College,17,4,0,0,1,23,11.27,276.39,9,21,19
2024-01-19,People's Hospital,9,4,0,0,1,21,18.54,433.07,12,22,5
2024-01-19,People's Hospital,10,4,0,0,1,27,13.8,348.41,17,13,14
2024-01-19,People's Hospital,11,4,0,0,1,19,11.21,159.02,16,19,16
2024-01-19,People's Hospital,12,4,0,0,1,10,13.91,168.02,8,12,4
2024-01-19,People's Hospital,13,4,0,0,1,8,13.64,92.25,4,19,13
2024-01-19,People's Hospital,14,4,0,0,1,11,10.4,102.32,1,19,3
2024-01-19,People's Hospital,15,4,0,0,1,24,13.41,334.94,22,26,18
2024-01-19,People's Hospital,16,4,0,0,1,20,11.73,283.79,17,3,3
2024-01-19,People's Hospital,17,4,0,0,1,22,16.09,394.47,13,4,2
2024-01-19,Bhopal Memorial Hospital,9,4,0,0,1,21,17.4,322.51,19,26,14
2024-01-19,Bhopal Memorial Hospital,10,4,0,0,1,28,12.76,318.01,28,28,5
2024-01-19,Bhopal Memorial Hospital,11,4,0,0,1,18,17.63,413.95,9,30,3
2024-01-19,Bhopal Memorial Hospital,12,4,0,0,1,21,14.58,304.69,4,3,5
2024-01-19,Bhopal Memorial Hospital,13,4,0,0,1,16,11.05,185.73,16,12,19
2024-01-19,Bhopal Memorial Hospital,14,4,0,0,1,13,11.26,76.3,11,15,9
2024-01-19,Bhopal Memorial Hospital,15,4,0,0,1,10,15.47,158.39,2,29,0
2024-01-19,Bhopal Memorial Hospital,16,4,0,0,1,18,16.73,269.24,5,23,7
2024-01-19,Bhopal Memorial Hospital,17,4,0,0,1,21,19.32,271.5,18,9,2
2024-01-20,AIIMS Bhopal,9,5,1,0,1,10,15.28,135.63,7,3,3
2024-01-20,AIIMS Bhopal,10,5,1,0,1,9,20.36,148.69,8,18,15
2024-01-20,AIIMS Bhopal,11,5,1,0,1,5,18.38,73.08,2,12,18
2024-01-20,AIIMS Bhopal,12,5,1,0,1,12,15.48,187.2,11,30,13
2024-01-20,AIIMS Bhopal,13,5,1,0,1,8,18.8,110.35,5,4,15
2024-01-20,AIIMS Bhopal,14,5,1,0,1,8,9.67,79.18,8,10,1
2024-01-20,AIIMS Bhopal,15,5,1,0,1,14,20.21,291.72,9,5,8
2024-01-20,AIIMS Bhopal,16,5,1,0,1,15,16.53,232.09,10,23,11
2024-01-20,AIIMS Bhopal,17,5,1,0,1,13,14.73,184.11,5,26,6
2024-01-20,Hamidia Hospital,9,5,1,0,1,13,13.38,195.0,4,21,10
2024-01-20,Hamidia Hospital,10,5,1,0,1,16,17.26,310.02,13,16,11
2024-01-20,Hamidia Hospital,11,5,1,0,1,16,17.37,175.91,7,12,2
2024-01-20,Hamidia Hospital,12,5,1,0,1,13,16.84,240.06,10,18,3
2024-01-20,Hamidia Hospital,13,5,1,0,1,8,19.37,142.31,4,9,17
2024-01-20,Hamidia Hospital,14,5,1,0,1,3,18.77,56.26,2,14,5
2024-01-20,Hamidia Hospital,15,5,1,0,1,7,18.99,83.18,1,28,2
2024-01-20,Hamidia Hospital,16,5,1,0,1,13,9.97,144.82,2,20,7
2024-01-20,Hamidia Hospital,17,5,1,0,1,13,14.82,227.78,6,27,1
2024-01-20,Bansal Hospital,9,5,1,0,1,15,14.75,246.41,12,30,16
2024-01-20,Bansal Hospital,10,5,1,0,1,7,12.53,49.1,4,28,14
2024-01-20,Bansal Hospital,11,5,1,0,1,7,21.89,144.75,5,28,3
2024-01-20,Bansal Hospital,12,5,1,0,1,15,16.82,258.55,11,6,6
2024-01-20,Bansal Hospital,13,5,1,0,1,7,16.83,134.18,4,27,16
2024-01-20,Bansal Hospital,14,5,1,0,1,9,14.8,121.09,6,13,4
2024-01-20,Bansal Hospital,15,5,1,0,1,6,17.5,86.6,4,27,0
2024-01-20,Bansal Hospital,16,5,1,0,1,11,17.3,153.18,5,19,5
2024-01-20,Bansal Hospital,17,5,1,0,1,6,14.36,113.36,4,14,7
2024-01-20,Chirayu Medical College,9,5,1,0,1,7,15.1,79.73,7,10,4
2024-01-20,Chirayu Medical College,10,5,1,0,1,15,11.49,190.63,8,30,16
2024-01-20,Chirayu Medical College,11,5,1,0,1,14,19.06,246.83,13,3,16
2024-01-20,Chirayu Medical College,12,5,1,0,1,6,18.0,117.51,2,16,1
2024-01-20,Chirayu Medical College,13,5,1,0,1,8,15.34,86.71,3,21,1
2024-01-20,Chirayu Medical College,14,5,1,0,1,9,19.11,165.85,9,30,9
2024-01-20,Chirayu Medical College,15,5,1,0,1,10,15.42,152.14,5,19,19
2024-01-20,Chirayu Medical College,16,5,1,0,1,9,13.66,97.53,4,20,19
2024-01-20,Chirayu Medical College,17,5,1,0,1,13,12.29,96.55,13,23,12
2024-01-20,People's Hospital,9,5,1,0,1,8,16.23,122.43,6,15,4
2024-01-20,People's Hospital,10,5,1,0,1,18,18.26,326.04,3,19,17
2024-01-20,People's Hospital,11,5,1,0,1,13,8.33,103.44,3,3,0
2024-01-20,People's Hospital,12,5,1,0,1,15,12.52,172.41,13,12,13
2024-01-20,People's Hospital,13,5,1,0,1,9,16.08,151.24,6,11,16
2024-01-20,People's Hospital,14,5,1,0,1,7,19.79,171.22,1,17,9
2024-01-20,People's Hospital,15,5,1,0,1,4,5.0,23.31,2,14,9
2024-01-20,People's Hospital,16,5,1,0,1,13,11.34,100.42,10,24,4
2024-01-20,People's Hospital,17,5,1,0,1,12,12.01,141.39,6,19,18
2024-01-20,Bhopal Memorial Hospital,9,5,1,0,1,8,16.67,110.73,2,7,13
2024-01-20,Bhopal Memorial Hospital,10,5,1,0,1,15,16.25,252.32,15,7,15
2024-01-20,Bhopal Memorial Hospital,11,5,1,0,1,10,11.38,121.02,9,15,18
2024-01-20,Bhopal Memorial Hospital,12,5,1,0,1,15,11.02,161.36,5,21,15
2024-01-20,Bhopal Memorial Hospital,13,5,1,0,1,8,21.11,167.77,8,26,13
2024-01-20,Bhopal Memorial Hospital,14,5,1,0,1,4,16.29,70.49,4,7,16
2024-01-20,Bhopal Memorial Hospital,15,5,1,0,1,14,17.04,260.84,8,4,5
2024-01-20,Bhopal Memorial Hospital,16,5,1,0,1,19,8.29,214.2,14,6,3
2024-01-20,Bhopal Memorial Hospital,17,5,1,0,1,11,13.97,149.8,3,6,11
2024-01-21,AIIMS Bhopal,9,6,1,0,1,10,18.4,182.19,8,3,4
2024-01-21,AIIMS Bhopal,10,6,1,0,1,9,15.88,113.69,5,12,6
2024-01-21,AIIMS Bhopal,11,6,1,0,1,9,16.95,120.49,2,20,11
2024-01-21,AIIMS Bhopal,12,6,1,0,1,6,17.86,90.93,5,12,18
2024-01-21,AIIMS Bhopal,13,6,1,0,1,9,20.65,147.85,8,29,19
2024-01-21,AIIMS Bhopal,14,6,1,0,1,4,15.36,46.9,4,27,14
2024-01-21,AIIMS Bhopal,15,6,1,0,1,13,18.83,308.34,2,28,19
2024-01-21,AIIMS Bhopal,16,6,1,0,1,15,8.48,162.72,6,20,1
2024-01-21,AIIMS Bhopal,17,6,1,0,1,13,14.49,134.3,3,25,0
2024-01-21,Hamidia Hospital,9,6,1,0,1,10,13.09,125.89,9,5,6
2024-01-21,Hamidia Hospital,10,6,1,0,1,19,13.83,254.77,19,19,6
2024-01-21,Hamidia Hospital,11,6,1,0,1,16,14.22,227.43,6,3,8
2024-01-21,Hamidia Hospital,12,6,1,0,1,8,15.19,159.46,8,5,17
2024-01-21,Hamidia Hospital,13,6,1,0,1,7,14.01,101.51,7,3,10
2024-01-21,Hamidia Hospital,14,6,1,0,1,8,15.37,127.91,6,15,8
2024-01-21,Hamidia Hospital,15,6,1,0,1,6,16.38,104.18,2,12,4
2024-01-21,Hamidia Hospital,16,6,1,0,1,9,14.94,146.1,5,16,5
2024-01-21,Hamidia Hospital,17,6,1,0,1,5,12.33,54.45,1,25,1
2024-01-21,Bansal Hospital,9,6,1,0,1,10,12.29,136.71,7,13,8
2024-01-21,Bansal Hospital,10,6,1,0,1,15,23.0,291.96,1,9,7
2024-01-21,Bansal Hospital,11,6,1,0,1,11,8.32,92.9,7,6,8
2024-01-21,Bansal Hospital,12,6,1,0,1,5,12.89,79.3,1,18,0
2024-01-21,Bansal Hospital,13,6,1,0,1,8,9.08,48.73,1,11,17
2024-01-21,Bansal Hospital,14,6,1,0,1,4,15.12,75.85,2,12,18
2024-01-21,Bansal Hospital,15,6,1,0,1,12,7.7,104.31,9,9,4
2024-01-21,Bansal Hospital,16,6,1,0,1,14,12.65,171.7,4,20,13
2024-01-21,Bansal Hospital,17,6,1,0,1,15,14.83,223.03,8,29,19
2024-01-21,Chirayu Medical College,9,6,1,0,1,10,13.61,122.63,1,18,8
2024-01-21,Chirayu Medical College,10,6,1,0,1,11,17.09,156.84,6,29,6
2024-01-21,Chirayu Medical College,11,6,1,0,1,18,14.54,292.1,18,21,2
2024-01-21,Chirayu Medical College,12,6,1,0,1,10,20.24,235.84,3,26,17
2024-01-21,Chirayu Medical College,13,6,1,0,1,6,16.99,92.2,5,28,10
2024-01-21,Chirayu Medical College,14,6,1,0,1,7,7.63,31.01,6,17,8
2024-01-21,Chirayu Medical College,15,6,1,0,1,9,13.15,100.62,4,17,19
2024-01-21,Chirayu Medical College,16,6,1,0,1,13,21.11,282.78,11,3,19
2024-01-21,Chirayu Medical College,17,6,1,0,1,13,15.55,202.36,3,16,17
2024-01-21,People's Hospital,9,6,1,0,1,13,15.39,150.48,13,23,2
2024-01-21,People's Hospital,10,6,1,0,1,19,22.41,456.95,15,24,3
2024-01-21,People's Hospital,11,6,1,0,1,14,18.83,254.63,10,14,12
2024-01-21,People's Hospital,12,6,1,0,1,7,18.88,91.25,1,6,14
2024-01-21,People's Hospital,13,6,1,0,1,7,18.99,121.72,2,26,0
2024-01-21,People's Hospital,14,6,1,0,1,6,12.34,52.96,2,5,19
2024-01-21,People's Hospital,15,6,1,0,1,10,16.01,139.01,8,14,1
2024-01-21,People's Hospital,16,6,1,0,1,11,8.76,97.76,10,9,0
2024-01-21,People's Hospital,17,6,1,0,1,8,20.68,160.76,2,30,8
2024-01-21,Bhopal Memorial Hospital,9,6,1,0,1,14,9.94,140.43,11,26,18
2024-01-21,Bhopal Memorial Hospital,10,6,1,0,1,9,16.92,158.66,2,7,8
2024-01-21,Bhopal Memorial Hospital,11,6,1,0,1,11,19.74,169.42,5,9,0
2024-01-21,Bhopal Memorial Hospital,12,6,1,0,1,15,10.45,125.58,15,17,0
2024-01-21,Bhopal Memorial Hospital,13,6,1,0,1,8,8.94,45.0,1,30,10
2024-01-21,Bhopal Memorial Hospital,14,6,1,0,1,8,17.28,114.83,2,24,16
2024-01-21,Bhopal Memorial Hospital,15,6,1,0,1,13,10.17,133.15,1,26,7
2024-01-21,Bhopal Memorial Hospital,16,6,1,0,1,6,14.27,103.23,4,13,0
2024-01-21,Bhopal Memorial Hospital,17,6,1,0,1,12,15.56,201.27,10,28,0
2024-01-22,AIIMS Bhopal,9,0,0,1,1,21,19.16,390.78,3,10,6
2024-01-22,AIIMS Bhopal,10,0,0,1,1,23,14.31,350.01,21,6,0
2024-01-22,AIIMS Bhopal,11,0,0,1,1,41,14.2,592.74,41,13,8
2024-01-22,AIIMS Bhopal,12,0,0,1,1,21,17.3,396.91,11,29,1
2024-01-22,AIIMS Bhopal,13,0,0,1,1,17,12.08,201.67,3,27,19
2024-01-22,AIIMS Bhopal,14,0,0,1,1,21,15.5,234.57,19,6,2
2024-01-22,AIIMS Bhopal,15,0,0,1,1,12,18.37,199.02,12,5,4
2024-01-22,AIIMS Bhopal,16,0,0,1,1,15,18.77,252.01,5,22,13
2024-01-22,AIIMS Bhopal,17,0,0,1,1,14,16.09,234.33,1,12,12
2024-01-22,Hamidia Hospital,9,0,0,1,1,28,20.5,682.73,8,30,19
2024-01-22,Hamidia Hospital,10,0,0,1,1,14,10.72,159.78,7,22,19
2024-01-22,Hamidia Hospital,11,0,0,1,1,19,9.97,264.91,1,17,16
2024-01-22,Hamidia Hospital,12,0,0,1,1,25,13.37,317.53,1,22,2
2024-01-22,Hamidia Hospital,13,0,0,1,1,13,16.71,204.51,9,11,11
2024-01-22,Hamidia Hospital,14,0,0,1,1,20,9.47,195.49,6,10,4
2024-01-22,Hamidia Hospital,15,0,0,1,1,12,18.21,232.54,7,19,11
2024-01-22,Hamidia Hospital,16,0,0,1,1,29,10.68,270.95,5,7,15
2024-01-22,Hamidia Hospital,17,0,0,1,1,23,12.36,255.71,1,19,18
2024-01-22,Bansal Hospital,9,0,0,1,1,16,19.45,337.34,2,16,11
2024-01-22,Bansal Hospital,10,0,0,1,1,24,20.66,474.98,7,28,2
2024-01-22,Bansal Hospital,11,0,0,1,1,32,16.69,646.78,30,22,10
2024-01-22,Bansal Hospital,12,0,0,1,1,25,11.89,256.06,6,6,14
2024-01-22,Bansal Hospital,13,0,0,1,1,8,6.01,48.66,4,25,7
2024-01-22,Bansal Hospital,14,0,0,1,1,21,12.9,242.69,11,28,12
2024-01-22,Bansal Hospital,15,0,0,1,1,19,8.94,207.08,1,14,0
2024-01-22,Bansal Hospital,16,0,0,1,1,18,11.81,254.68,5,12,14
2024-01-22,Bansal Hospital,17,0,0,1,1,19,9.01,115.6,12,4,0
2024-01-22,Chirayu Medical College,9,0,0,1,1,19,15.8,335.29,9,26,5
2024-01-22,Chirayu Medical College,10,0,0,1,1,32,16.73,469.51,13,3,5
2024-01-22,Chirayu Medical College,11,0,0,1,1,28,15.7,429.89,22,7,12
2024-01-22,Chirayu Medical College,12,0,0,1,1,15,13.55,227.0,8,10,11
2024-01-22,Chirayu Medical College,13,0,0,1,1,18,9.94,106.79,14,25,2
2024-01-22,Chirayu Medical College,14,0,0,1,1,10,20.59,279.64,4,9,17
2024-01-22,Chirayu Medical College,15,0,0,1,1,28,13.8,322.91,14,23,7
2024-01-22,Chirayu Medical College,16,0,0,1,1,15,15.44,170.15,14,20,9
2024-01-22,Chirayu Medical College,17,0,0,1,1,16,14.38,243.52,9,30,4
2024-01-22,People's Hospital,9,0,0,1,1,33,23.17,701.72,14,26,2
2024-01-22,People's Hospital,10,0,0,1,1,41,16.41,492.98,11,19,12
2024-01-22,People's Hospital,11,0,0,1,1,42,11.59,570.65,12,13,11
2024-01-22,People's Hospital,12,0,0,1,1,33,12.83,297.24,32,18,8
2024-01-22,People's Hospital,13,0,0,1,1,19,10.43,144.65,2,9,7
2024-01-22,People's Hospital,14,0,0,1,1,13,12.21,165.58,4,12,13
2024-01-22,People's Hospital,15,0,0,1,1,28,6.56,146.4,12,11,17
2024-01-22,People's Hospital,16,0,0,1,1,18,16.11,308.21,15,19,11
2024-01-22,People's Hospital,17,0,0,1,1,21,11.13,207.45,20,13,13
2024-01-22,Bhopal Memorial Hospital,9,0,0,1,1,30,10.98,343.17,26,18,10
2024-01-22,Bhopal Memorial Hospital,10,0,0,1,1,28,13.14,399.11,8,11,2
2024-01-22,Bhopal Memorial Hospital,11,0,0,1,1,33,17.72,528.11,33,19,17
2024-01-22,Bhopal Memorial Hospital,12,0,0,1,1,14,17.04,132.29,2,6,2
2024-01-22,Bhopal Memorial Hospital,13,0,0,1,1,18,17.6,326.85,7,24,10
2024-01-22,Bhopal Memorial Hospital,14,0,0,1,1,15,12.61,254.89,11,30,8
2024-01-22,Bhopal Memorial Hospital,15,0,0,1,1,19,11.12,68.09,18,11,0
2024-01-22,Bhopal Memorial Hospital,16,0,0,1,1,29,14.27,488.55,13,15,18
2024-01-22,Bhopal Memorial Hospital,17,0,0,1,1,11,10.28,117.8,3,30,12
2024-01-23,AIIMS Bhopal,9,1,0,0,1,15,15.96,318.21,8,10,16
2024-01-23,AIIMS Bhopal,10,1,0,0,1,32,15.31,333.13,30,13,2
2024-01-23,AIIMS Bhopal,11,1,0,0,1,23,17.4,330.33,23,16,6
2024-01-23,AIIMS Bhopal,12,1,0,0,1,22,10.14,240.62,12,7,18
2024-01-23,AIIMS Bhopal,13,1,0,0,1,8,12.76,133.48,8,28,11
2024-01-23,AIIMS Bhopal,14,1,0,0,1,12,15.65,226.84,7,27,17
2024-01-23,AIIMS Bhopal,15,1,0,0,1,17,14.6,257.78,2,7,4
2024-01-23,AIIMS Bhopal,16,1,0,0,1,23,8.48,166.02,20,21,12
2024-01-23,AIIMS Bhopal,17,1,0,0,1,20,16.13,384.17,18,15,6
2024-01-23,Hamidia Hospital,9,1,0,0,1,23,19.03,509.38,15,23,9
2024-01-23,Hamidia Hospital,10,1,0,0,1,13,17.84,293.17,3,4,19
2024-01-23,Hamidia Hospital,11,1,0,0,1,29,17.63,522.61,13,12,6
2024-01-23,Hamidia Hospital,12,1,0,0,1,15,13.75,254.95,8,4,11
2024-01-23,Hamidia Hospital,13,1,0,0,1,16,18.55,300.46,14,15,5
2024-01-23,Hamidia Hospital,14,1,0,0,1,7,17.87,143.96,6,5,12
2024-01-23,Hamidia Hospital,15,1,0,0,1,14,16.86,259.37,7,29,15
2024-01-23,Hamidia Hospital,16,1,0,0,1,16,7.47,85.27,7,19,14
2024-01-23,Hamidia Hospital,17,1,0,0,1,16,18.67,473.96,15,5,12
2024-01-23,Bansal Hospital,9,1,0,0,1,15,6.33,88.23,15,18,14
2024-01-23,Bansal Hospital,10,1,0,0,1,28,9.19,218.68,10,23,14
2024-01-23,Bansal Hospital,11,1,0,0,1,24,13.06,219.4,10,15,19
2024-01-23,Bansal Hospital,12,1,0,0,1,13,12.83,177.51,10,26,13
2024-01-23,Bansal Hospital,13,1,0,0,1,15,10.61,190.04,12,21,3
2024-01-23,Bansal Hospital,14,1,0,0,1,14,14.62,193.09,14,8,8
2024-01-23,Bansal Hospital,15,1,0,0,1,25,12.68,453.42,23,26,6
2024-01-23,Bansal Hospital,16,1,0,0,1,29,9.25,316.32,4,14,2
2024-01-23,Bansal Hospital,17,1,0,0,1,11,8.05,87.67,7,17,5
2024-01-23,Chirayu Medical College,9,1,0,0,1,16,15.32,259.41,1,5,14
2024-01-23,Chirayu Medical College,10,1,0,0,1,26,12.76,387.43,7,15,1
2024-01-23,Chirayu Medical College,11,1,0,0,1,10,14.98,196.83,3,13,14
2024-01-23,Chirayu Medical College,12,1,0,0,1,23,13.39,314.08,22,10,14
2024-01-23,Chirayu Medical College,13,1,0,0,1,8,11.82,97.34,3,8,0
2024-01-23,Chirayu Medical College,14,1,0,0,1,7,15.91,121.65,6,15,5
2024-01-23,Chirayu Medical College,15,1,0,0,1,10,14.72,143.26,5,7,14
2024-01-23,Chirayu Medical College,16,1,0,0,1,24,17.77,547.92,22,20,6
2024-01-23,Chirayu Medical College,17,1,0,0,1,22,12.5,176.13,17,23,3
2024-01-23,People's Hospital,9,1,0,0,1,20,13.41,214.17,20,3,1
2024-01-23,People's Hospital,10,1,0,0,1,26,15.99,225.65,12,10,6
2024-01-23,People's Hospital,11,1,0,0,1,13,15.95,208.31,1,13,6
2024-01-23,People's Hospital,12,1,0,0,1,10,16.52,232.4,3,26,5
2024-01-23,People's Hospital,13,1,0,0,1,6,13.35,83.98,3,13,17
2024-01-23,People's Hospital,14,1,0,0,1,9,8.39,50.61,7,16,3
2024-01-23,People's Hospital,15,1,0,0,1,15,15.85,281.21,3,3,12
2024-01-23,People's Hospital,16,1,0,0,1,23,17.76,412.71,8,5,8
2024-01-23,People's Hospital,17,1,0,0,1,19,23.01,486.84,14,12,19
2024-01-23,Bhopal Memorial Hospital,9,1,0,0,1,23,16.84,383.59,18,28,18
2024-01-23,Bhopal Memorial Hospital,10,1,0,0,1,16,14.98,261.04,11,23,12
2024-01-23,Bhopal Memorial Hospital,11,1,0,0,1,15,12.2,228.21,15,25,10
2024-01-23,Bhopal Memorial Hospital,12,1,0,0,1,23,15.69,366.43,19,17,12
2024-01-23,Bhopal Memorial Hospital,13,1,0,0,1,16,13.15,186.8,1,10,0
2024-01-23,Bhopal Memorial Hospital,14,1,0,0,1,7,12.63,115.43,7,10,19
2024-01-23,Bhopal Memorial Hospital,15,1,0,0,1,10,18.6,199.29,5,9,4
2024-01-23,Bhopal Memorial Hospital,16,1,0,0,1,26,15.31,419.41,24,22,14
2024-01-23,Bhopal Memorial Hospital,17,1,0,0,1,18,17.32,352.57,2,19,13
2024-01-24,AIIMS Bhopal,9,2,0,0,1,17,15.01,218.36,11,13,7
2024-01-24,AIIMS Bhopal,10,2,0,0,1,18,6.55,105.4,8,28,7
2024-01-24,AIIMS Bhopal,11,2,0,0,1,26,12.48,318.81,21,3,2
2024-01-24,AIIMS Bhopal,12,2,0,0,1,23,17.37,421.67,21,7,6
2024-01-24,AIIMS Bhopal,13,2,0,0,1,8,19.49,178.74,4,10,16
2024-01-24,AIIMS Bhopal,14,2,0,0,1,7,10.99,84.61,2,26,6
2024-01-24,AIIMS Bhopal,15,2,0,0,1,15,10.15,171.38,5,12,18
2024-01-24,AIIMS Bhopal,16,2,0,0,1,28,17.63,480.24,28,28,15
2024-01-24,AIIMS Bhopal,17,2,0,0,1,10,18.6,175.35,7,8,15
2024-01-24,Hamidia Hospital,9,2,0,0,1,22,10.15,251.88,14,27,4
2024-01-24,Hamidia Hospital,10,2,0,0,1,29,18.89,561.15,28,5,9
2024-01-24,Hamidia Hospital,11,2,0,0,1,32,18.69,756.09,17,15,14
2024-01-24,Hamidia Hospital,12,2,0,0,1,17,11.28,202.53,16,5,10
2024-01-24,Hamidia Hospital,13,2,0,0,1,8,14.42,100.52,4,3,0
2024-01-24,Hamidia Hospital,14,2,0,0,1,16,14.52,187.71,13,16,12
2024-01-24,Hamidia Hospital,15,2,0,0,1,19,12.44,263.36,19,5,13
2024-01-24,Hamidia Hospital,16,2,0,0,1,11,17.06,186.75,10,8,6
2024-01-24,Hamidia Hospital,17,2,0,0,1,21,21.62,412.53,12,19,15
2024-01-24,Bansal Hospital,9,2,0,0,1,19,13.08,180.51,14,26,7
2024-01-24,Bansal Hospital,10,2,0,0,1,19,6.07,122.49,12,23,0
2024-01-24,Bansal Hospital,11,2,0,0,1,15,14.69,268.75,11,7,8
2024-01-24,Bansal Hospital,12,2,0,0,1,15,7.11,75.21,14,8,0
2024-01-24,Bansal Hospital,13,2,0,0,1,7,15.76,78.85,4,15,18
2024-01-24,Bansal Hospital,14,2,0,0,1,7,12.43,85.7,4,8,13
2024-01-24,Bansal Hospital,15,2,0,0,1,16,13.32,166.15,13,21,9
2024-01-24,Bansal Hospital,16,2,0,0,1,27,15.14,223.05,3,6,18
2024-01-24,Bansal Hospital,17,2,0,0,1,19,16.24,263.69,7,26,12
2024-01-24,Chirayu Medical College,9,2,0,0,1,17,17.43,297.71,16,3,3
2024-01-24,Chirayu Medical College,10,2,0,0,1,13,15.62,161.27,7,23,9
2024-01-24,Chirayu Medical College,11,2,0,0,1,27,16.85,532.49,23,7,6
2024-01-24,Chirayu Medical College,12,2,0,0,1,23,19.04,631.97,15,21,6
2024-01-24,Chirayu Medical College,13,2,0,0,1,9,17.02,201.79,4,11,13
2024-01-24,Chirayu Medical College,14,2,0,0,1,15,11.09,133.02,14,23,5
2024-01-24,Chirayu Medical College,15,2,0,0,1,10,13.96,165.77,5,5,10
2024-01-24,Chirayu Medical College,16,2,0,0,1,10,11.08,97.89,2,3,1
2024-01-24,Chirayu Medical College,17,2,0,0,1,16,15.01,234.3,2,6,6
2024-01-24,People's Hospital,9,2,0,0,1,24,16.01,312.16,17,27,8
2024-01-24,People's Hospital,10,2,0,0,1,29,11.42,341.37,14,13,11
2024-01-24,People's Hospital,11,2,0,0,1,23,22.37,513.85,12,24,12
2024-01-24,People's Hospital,12,2,0,0,1,20,6.65,86.59,11,28,3
2024-01-24,People's Hospital,13,2,0,0,1,5,9.03,48.9,2,3,19
2024-01-24,People's Hospital,14,2,0,0,1,7,17.2,106.12,6,27,7
2024-01-24,People's Hospital,15,2,0,0,1,19,9.19,190.34,16,19,13
2024-01-24,People's Hospital,16,2,0,0,1,18,20.7,374.72,11,3,11
2024-01-24,People's Hospital,17,2,0,0,1,9,21.41,180.73,8,10,19
2024-01-24,Bhopal Memorial Hospital,9,2,0,0,1,23,10.54,281.61,3,14,13
2024-01-24,Bhopal Memorial Hospital,10,2,0,0,1,29,22.86,641.49,29,6,12
2024-01-24,Bhopal Memorial Hospital,11,2,0,0,1,22,10.07,177.89,17,21,16
2024-01-24,Bhopal Memorial Hospital,12,2,0,0,1,9,19.96,225.78,5,29,17
2024-01-24,Bhopal Memorial Hospital,13,2,0,0,1,15,17.14,305.79,2,18,17
2024-01-24,Bhopal Memorial Hospital,14,2,0,0,1,10,15.1,169.47,2,6,13
2024-01-24,Bhopal Memorial Hospital,15,2,0,0,1,8,19.92,221.28,7,27,8
2024-01-24,Bhopal Memorial Hospital,16,2,0,0,1,19,13.86,186.81,4,24,4
2024-01-24,Bhopal Memorial Hospital,17,2,0,0,1,25,11.89,245.77,23,13,7
2024-01-25,AIIMS Bhopal,9,3,0,0,1,10,12.6,106.69,7,23,17
2024-01-25,AIIMS Bhopal,10,3,0,0,1,27,16.02,375.14,4,12,2
2024-01-25,AIIMS Bhopal,11,3,0,0,1,14,20.57,338.2,4,26,3
2024-01-25,AIIMS Bhopal,12,3,0,0,1,19,17.42,372.08,13,21,0
2024-01-25,AIIMS Bhopal,13,3,0,0,1,11,19.58,235.66,7,16,10
2024-01-25,AIIMS Bhopal,14,3,0,0,1,13,17.74,127.88,3,19,19
2024-01-25,AIIMS Bhopal,15,3,0,0,1,15,15.43,235.29,14,17,10
2024-01-25,AIIMS Bhopal,16,3,0,0,1,15,16.36,207.66,4,18,14
2024-01-25,AIIMS Bhopal,17,3,0,0,1,12,13.19,147.76,11,30,1
2024-01-25,Hamidia Hospital,9,3,0,0,1,18,10.59,298.99,4,11,18
2024-01-25,Hamidia Hospital,10,3,0,0,1,29,13.11,341.18,10,25,12
2024-01-25,Hamidia Hospital,11,3,0,0,1,11,18.58,199.98,4,30,7
2024-01-25,Hamidia Hospital,12,3,0,0,1,9,21.13,159.61,8,26,12
2024-01-25,Hamidia Hospital,13,3,0,0,1,11,20.84,222.67,3,3,17
2024-01-25,Hamidia Hospital,14,3,0,0,1,14,11.86,208.62,6,27,12
2024-01-25,Hamidia Hospital,15,3,0,0,1,20,20.8,474.41,10,25,6
2024-01-25,Hamidia Hospital,16,3,0,0,1,32,13.34,454.73,4,30,9
2024-01-25,Hamidia Hospital,17,3,0,0,1,22,12.04,207.48,15,25,15
2024-01-25,Bansal Hospital,9,3,0,0,1,17,17.19,268.12,7,26,0
2024-01-25,Bansal Hospital,10,3,0,0,1,24,14.21,252.78,22,28,4
2024-01-25,Bansal Hospital,11,3,0,0,1,26,19.02,462.48,6,4,3
2024-01-25,Bansal Hospital,12,3,0,0,1,19,17.48,325.44,2,6,16
2024-01-25,Bansal Hospital,13,3,0,0,1,12,6.19,52.53,11,26,12
2024-01-25,Bansal Hospital,14,3,0,0,1,10,17.9,184.65,8,12,19
2024-01-25,Bansal Hospital,15,3,0,0,1,13,12.77,139.67,12,28,2
2024-01-25,Bansal Hospital,16,3,0,0,1,28,18.83,412.55,9,23,14
2024-01-25,Bansal Hospital,17,3,0,0,1,19,16.99,325.09,4,18,16
2024-01-25,Chirayu Medical College,9,3,0,0,1,15,20.16,313.83,10,18,8
2024-01-25,Chirayu Medical College,10,3,0,0,1,14,15.7,193.03,8,23,13
2024-01-25,Chirayu Medical College,11,3,0,0,1,22,13.35,282.05,3,25,17
2024-01-25,Chirayu Medical College,12,3,0,0,1,13,9.85,150.4,7,20,17
2024-01-25,Chirayu Medical College,13,3,0,0,1,16,10.17,165.61,4,27,6
2024-01-25,Chirayu Medical College,14,3,0,0,1,7,17.28,150.63,2,3,17
2024-01-25,Chirayu Medical College,15,3,0,0,1,22,15.64,310.57,5,21,6
2024-01-25,Chirayu Medical College,16,3,0,0,1,16,17.62,304.76,2,5,3
2024-01-25,Chirayu Medical College,17,3,0,0,1,24,11.87,426.38,6,16,0
2024-01-25,People's Hospital,9,3,0,0,1,15,11.98,262.17,9,28,9
2024-01-25,People's Hospital,10,3,0,0,1,32,10.06,350.69,21,19,11
2024-01-25,People's Hospital,11,3,0,0,1,32,8.91,279.3,3,10,1
2024-01-25,People's Hospital,12,3,0,0,1,14,19.96,364.9,4,7,19
2024-01-25,People's Hospital,13,3,0,0,1,17,15.8,318.1,5,26,19
2024-01-25,People's Hospital,14,3,0,0,1,14,17.74,265.53,7,23,5
2024-01-25,People's Hospital,15,3,0,0,1,20,5.74,129.82,14,25,4
2024-01-25,People's Hospital,16,3,0,0,1,32,16.61,675.25,18,23,6
2024-01-25,People's Hospital,17,3,0,0,1,19,9.68,163.19,17,22,5
2024-01-25,Bhopal Memorial Hospital,9,3,0,0,1,21,16.52,292.36,14,15,0
2024-01-25,Bhopal Memorial Hospital,10,3,0,0,1,19,16.82,335.09,4,24,17
2024-01-25,Bhopal Memorial Hospital,11,3,0,0,1,27,20.23,609.25,12,13,8
2024-01-25,Bhopal Memorial Hospital,12,3,0,0,1,12,16.94,181.98,1,6,12
2024-01-25,Bhopal Memorial Hospital,13,3,0,0,1,10,13.64,145.25,2,8,16
2024-01-25,Bhopal Memorial Hospital,14,3,0,0,1,11,8.85,78.63,2,19,11
2024-01-25,Bhopal Memorial Hospital,15,3,0,0,1,17,9.81,152.32,2,8,10
2024-01-25,Bhopal Memorial Hospital,16,3,0,0,1,26,18.06,623.67,22,28,17
2024-01-25,Bhopal Memorial Hospital,17,3,0,0,1,25,8.55,167.13,16,21,4
2024-01-26,AIIMS Bhopal,9,4,0,0,1,16,19.79,321.23,5,24,4
2024-01-26,AIIMS Bhopal,10,4,0,0,1,15,10.28,188.88,1,26,11
2024-01-26,AIIMS Bhopal,11,4,0,0,1,19,13.19,203.58,15,8,14
2024-01-26,AIIMS Bhopal,12,4,0,0,1,19,16.42,241.62,9,16,16
2024-01-26,AIIMS Bhopal,13,4,0,0,1,10,12.31,168.9,5,16,10
2024-01-26,AIIMS Bhopal,14,4,0,0,1,7,13.94,91.75,2,5,5
2024-01-26,AIIMS Bhopal,15,4,0,0,1,9,17.83,173.81,8,28,0
2024-01-26,AIIMS Bhopal,16,4,0,0,1,27,10.89,171.61,5,18,15
2024-01-26,AIIMS Bhopal,17,4,0,0,1,24,12.62,219.24,18,25,3
2024-01-26,Hamidia Hospital,9,4,0,0,1,20,17.59,355.75,1,25,13
2024-01-26,Hamidia Hospital,10,4,0,0,1,32,14.99,407.99,3,22,14
2024-01-26,Hamidia Hospital,11,4,0,0,1,16,11.22,113.53,8,8,2
2024-01-26,Hamidia Hospital,12,4,0,0,1,19,17.56,265.81,2,16,15
2024-01-26,Hamidia Hospital,13,4,0,0,1,14,20.07,411.41,6,24,7
2024-01-26,Hamidia Hospital,14,4,0,0,1,17,19.67,227.96,10,12,15
2024-01-26,Hamidia Hospital,15,4,0,0,1,17,14.98,257.97,13,9,9
2024-01-26,Hamidia Hospital,16,4,0,0,1,31,15.49,457.32,15,22,15
2024-01-26,Hamidia Hospital,17,4,0,0,1,9,11.59,127.02,6,12,11
2024-01-26,Bansal Hospital,9,4,0,0,1,11,23.4,260.94,3,15,11
2024-01-26,Bansal Hospital,10,4,0,0,1,10,18.74,213.38,2,19,16
2024-01-26,Bansal Hospital,11,4,0,0,1,15,7.51,139.2,1,7,8
2024-01-26,Bansal Hospital,12,4,0,0,1,15,11.19,173.83,6,16,5
2024-01-26,Bansal Hospital,13,4,0,0,1,17,15.72,243.55,15,24,14
2024-01-26,Bansal Hospital,14,4,0,0,1,9,19.23,217.29,1,14,6
2024-01-26,Bansal Hospital,15,4,0,0,1,11,15.43,178.71,7,16,10
2024-01-26,Bansal Hospital,16,4,0,0,1,11,16.42,201.0,8,24,8
2024-01-26,Bansal Hospital,17,4,0,0,1,11,10.55,130.04,11,25,4
2024-01-26,Chirayu Medical College,9,4,0,0,1,18,15.05,176.54,13,19,12
2024-01-26,Chirayu Medical College,10,4,0,0,1,15,16.47,262.14,1,7,4
2024-01-26,Chirayu Medical College,11,4,0,0,1,24,8.17,196.05,8,4,10
2024-01-26,Chirayu Medical College,12,4,0,0,1,21,21.47,429.12,14,18,9
2024-01-26,Chirayu Medical College,13,4,0,0,1,11,8.26,93.57,4,22,4
2024-01-26,Chirayu Medical College,14,4,0,0,1,16,16.26,299.08,4,30,8
2024-01-26,Chirayu Medical College,15,4,0,0,1,15,12.87,157.74,8,25,3
2024-01-26,Chirayu Medical College,16,4,0,0,1,31,13.02,370.02,28,21,4
2024-01-26,Chirayu Medical College,17,4,0,0,1,15,17.95,306.62,5,9,4
2024-01-26,People's Hospital,9,4,0,0,1,21,17.65,376.19,2,15,13
2024-01-26,People's Hospital,10,4,0,0,1,31,13.03,511.33,8,10,10
2024-01-26,People's Hospital,11,4,0,0,1,27,10.26,285.75,21,4,9
2024-01-26,People's Hospital,12,4,0,0,1,11,14.61,186.58,6,25,13
2024-01-26,People's Hospital,13,4,0,0,1,10,14.47,152.87,1,3,1
2024-01-26,People's Hospital,14,4,0,0,1,12,16.07,235.19,10,6,13
2024-01-26,People's Hospital,15,4,0,0,1,13,14.93,239.28,6,12,3
2024-01-26,People's Hospital,16,4,0,0,1,14,12.04,123.99,13,30,4
2024-01-26,People's Hospital,17,4,0,0,1,18,10.33,238.08,17,22,11
2024-01-26,Bhopal Memorial Hospital,9,4,0,0,1,15,13.39,178.5,7,5,3
2024-01-26,Bhopal Memorial Hospital,10,4,0,0,1,15,11.27,135.72,1,21,6
2024-01-26,Bhopal Memorial Hospital,11,4,0,0,1,18,12.44,125.95,3,20,19
2024-01-26,Bhopal Memorial Hospital,12,4,0,0,1,18,13.56,296.53,7,20,4
2024-01-26,Bhopal Memorial Hospital,13,4,0,0,1,6,17.89,123.43,6,11,17
2024-01-26,Bhopal Memorial Hospital,14,4,0,0,1,13,18.45,207.71,12,6,13
2024-01-26,Bhopal Memorial Hospital,15,4,0,0,1,10,10.16,104.23,9,28,0
2024-01-26,Bhopal Memorial Hospital,16,4,0,0,1,16,9.98,130.92,5,12,1
2024-01-26,Bhopal Memorial Hospital,17,4,0,0,1,9,16.69,105.8,7,18,17
2024-01-27,AIIMS Bhopal,9,5,1,0,1,14,17.37,237.95,13,19,12
2024-01-27,AIIMS Bhopal,10,5,1,0,1,19,15.74,239.59,9,9,5
2024-01-27,AIIMS Bhopal,11,5,1,0,1,5,16.5,92.28,1,28,16
2024-01-27,AIIMS Bhopal,12,5,1,0,1,13,8.61,111.13,5,12,7
2024-01-27,AIIMS Bhopal,13,5,1,0,1,7,13.69,72.34,2,10,1
2024-01-27,AIIMS Bhopal,14,5,1,0,1,10,15.08,159.33,3,11,4
2024-01-27,AIIMS Bhopal,15,5,1,0,1,9,15.91,136.54,4,29,6
2024-01-27,AIIMS Bhopal,16,5,1,0,1,19,19.31,437.69,12,13,2
2024-01-27,AIIMS Bhopal,17,5,1,0,1,15,14.81,245.87,15,22,9
2024-01-27,Hamidia Hospital,9,5,1,0,1,10,20.59,200.52,1,29,11
2024-01-27,Hamidia Hospital,10,5,1,0,1,11,14.6,134.81,5,3,17
2024-01-27,Hamidia Hospital,11,5,1,0,1,7,13.95,68.3,6,11,19
2024-01-27,Hamidia Hospital,12,5,1,0,1,15,16.18,293.09,6,11,6
2024-01-27,Hamidia Hospital,13,5,1,0,1,8,16.62,149.0,7,14,4
2024-01-27,Hamidia Hospital,14,5,1,0,1,9,17.11,164.77,3,29,5
2024-01-27,Hamidia Hospital,15,5,1,0,1,8,6.32,40.28,3,23,9
2024-01-27,Hamidia Hospital,16,5,1,0,1,5,11.93,82.71,4,24,19
2024-01-27,Hamidia Hospital,17,5,1,0,1,8,16.4,135.5,4,17,12
2024-01-27,Bansal Hospital,9,5,1,0,1,6,14.65,78.47,1,22,3
2024-01-27,Bansal Hospital,10,5,1,0,1,15,13.56,216.47,1,27,1
2024-01-27,Bansal Hospital,11,5,1,0,1,9,15.02,146.45,3,23,19
2024-01-27,Bansal Hospital,12,5,1,0,1,4,15.14,58.97,1,20,10
2024-01-27,Bansal Hospital,13,5,1,0,1,4,16.35,79.71,4,29,5
2024-01-27,Bansal Hospital,14,5,1,0,1,7,13.86,106.82,1,20,8
2024-01-27,Bansal Hospital,15,5,1,0,1,15,20.34,384.74,2,20,9
2024-01-27,Bansal Hospital,16,5,1,0,1,7,7.41,50.42,2,3,7
2024-01-27,Bansal Hospital,17,5,1,0,1,4,15.58,74.47,3,23,9
2024-01-27,Chirayu Medical College,9,5,1,0,1,9,20.35,156.9,2,18,5
2024-01-27,Chirayu Medical College,10,5,1,0,1,7,16.6,173.6,3,14,2
2024-01-27,Chirayu Medical College,11,5,1,0,1,13,21.67,368.19,2,4,19
2024-01-27,Chirayu Medical College,12,5,1,0,1,7,17.15,146.59,5,8,13
2024-01-27,Chirayu Medical College,13,5,1,0,1,4,19.77,64.09,3,14,3
2024-01-27,Chirayu Medical College,14,5,1,0,1,6,20.09,102.72,3,28,2
2024-01-27,Chirayu Medical College,15,5,1,0,1,4,22.14,51.18,2,13,4
2024-01-27,Chirayu Medical College,16,5,1,0,1,15,8.26,138.36,8,29,2
2024-01-27,Chirayu Medical College,17,5,1,0,1,6,6.06,27.68,3,7,2
2024-01-27,People's Hospital,9,5,1,0,1,10,17.53,174.6,7,14,10
2024-01-27,People's Hospital,10,5,1,0,1,16,9.54,174.26,14,22,10
2024-01-27,People's Hospital,11,5,1,0,1,9,16.88,109.98,4,15,13
2024-01-27,People's Hospital,12,5,1,0,1,15,10.06,151.57,9,20,7
2024-01-27,People's Hospital,13,5,1,0,1,8,20.48,189.9,4,25,2
2024-01-27,People's Hospital,14,5,1,0,1,6,13.26,87.74,1,14,17
2024-01-27,People's Hospital,15,5,1,0,1,13,23.69,271.49,1,14,11
2024-01-27,People's Hospital,16,5,1,0,1,9,14.38,143.31,9,16,7
2024-01-27,People's Hospital,17,5,1,0,1,8,15.64,117.61,3,6,4
2024-01-27,Bhopal Memorial Hospital,9,5,1,0,1,12,14.34,119.3,7,14,1
2024-01-27,Bhopal Memorial Hospital,10,5,1,0,1,7,14.18,92.65,7,22,5
2024-01-27,Bhopal Memorial Hospital,11,5,1,0,1,5,16.33,88.85,2,5,0
2024-01-27,Bhopal Memorial Hospital,12,5,1,0,1,12,16.5,218.25,12,7,16
2024-01-27,Bhopal Memorial Hospital,13,5,1,0,1,7,8.71,64.58,4,28,0
2024-01-27,Bhopal Memorial Hospital,14,5,1,0,1,7,16.08,117.63,6,4,19
2024-01-27,Bhopal Memorial Hospital,15,5,1,0,1,7,14.41,100.8,7,16,14
2024-01-27,Bhopal Memorial Hospital,16,5,1,0,1,19,14.26,230.26,19,19,9
2024-01-27,Bhopal Memorial Hospital,17,5,1,0,1,9,12.93,122.62,2,19,12
2024-01-28,AIIMS Bhopal,9,6,1,0,1,7,14.83,82.81,1,10,12
2024-01-28,AIIMS Bhopal,10,6,1,0,1,9,19.81,90.82,2,29,14
2024-01-28,AIIMS Bhopal,11,6,1,0,1,16,12.78,258.6,13,8,1
2024-01-28,AIIMS Bhopal,12,6,1,0,1,11,13.41,132.03,2,6,2
2024-01-28,AIIMS Bhopal,13,6,1,0,1,7,8.83,47.33,1,10,9
2024-01-28,AIIMS Bhopal,14,6,1,0,1,4,13.58,53.29,1,27,9
2024-01-28,AIIMS Bhopal,15,6,1,0,1,8,9.59,69.76,1,10,8
2024-01-28,AIIMS Bhopal,16,6,1,0,1,7,20.1,135.43,5,28,15
2024-01-28,AIIMS Bhopal,17,6,1,0,1,5,16.69,85.64,3,3,11
2024-01-28,Hamidia Hospital,9,6,1,0,1,10,19.55,183.73,6,27,12
2024-01-28,Hamidia Hospital,10,6,1,0,1,14,21.15,280.96,2,13,13
2024-01-28,Hamidia Hospital,11,6,1,0,1,18,20.85,456.02,5,3,18
2024-01-28,Hamidia Hospital,12,6,1,0,1,12,7.02,89.17,1,12,5
2024-01-28,Hamidia Hospital,13,6,1,0,1,4,14.33,53.1,1,25,7
2024-01-28,Hamidia Hospital,14,6,1,0,1,5,17.06,62.04,2,19,16
2024-01-28,Hamidia Hospital,15,6,1,0,1,14,18.31,236.45,13,7,10
2024-01-28,Hamidia Hospital,16,6,1,0,1,13,9.97,168.84,7,4,12
2024-01-28,Hamidia Hospital,17,6,1,0,1,9,16.41,186.84,2,7,18
2024-01-28,Bansal Hospital,9,6,1,0,1,13,15.57,206.42,13,30,9
2024-01-28,Bansal Hospital,10,6,1,0,1,19,19.81,276.94,3,18,3
2024-01-28,Bansal Hospital,11,6,1,0,1,16,11.36,259.93,6,5,8
2024-01-28,Bansal Hospital,12,6,1,0,1,11,14.07,164.25,8,11,15
2024-01-28,Bansal Hospital,13,6,1,0,1,6,15.36,72.3,2,6,18
2024-01-28,Bansal Hospital,14,6,1,0,1,9,22.67,223.96,7,16,19
2024-01-28,Bansal Hospital,15,6,1,0,1,7,10.53,80.15,5,13,11
2024-01-28,Bansal Hospital,16,6,1,0,1,7,13.04,71.52,3,24,1
2024-01-28,Bansal Hospital,17,6,1,0,1,5,14.83,63.06,5,3,4
2024-01-28,Chirayu Medical College,9,6,1,0,1,6,14.41,96.26,4,30,2
2024-01-28,Chirayu Medical College,10,6,1,0,1,11,11.6,145.95,2,14,14
2024-01-28,Chirayu Medical College,11,6,1,0,1,16,9.63,102.47,15,6,2
2024-01-28,Chirayu Medical College,12,6,1,0,1,7,13.98,54.43,4,27,13
2024-01-28,Chirayu Medical College,13,6,1,0,1,5,13.81,71.98,3,22,15
2024-01-28,Chirayu Medical College,14,6,1,0,1,5,13.66,53.44,3,17,1
2024-01-28,Chirayu Medical College,15,6,1,0,1,15,17.52,311.87,11,9,10
2024-01-28,Chirayu Medical College,16,6,1,0,1,6,21.88,127.82,1,28,11
2024-01-28,Chirayu Medical College,17,6,1,0,1,12,17.75,208.99,4,30,0
2024-01-28,People's Hospital,9,6,1,0,1,12,14.29,219.88,2,7,2
2024-01-28,People's Hospital,10,6,1,0,1,11,12.21,147.06,8,30,13
2024-01-28,People's Hospital,11,6,1,0,1,18,16.89,429.37,6,29,1
2024-01-28,People's Hospital,12,6,1,0,1,6,18.34,95.78,3,8,6
2024-01-28,People's Hospital,13,6,1,0,1,7,19.28,123.94,5,25,5
2024-01-28,People's Hospital,14,6,1,0,1,8,11.24,111.81,7,29,0
2024-01-28,People's Hospital,15,6,1,0,1,15,16.11,177.91,2,26,18
2024-01-28,People's Hospital,16,6,1,0,1,9,9.76,133.91,6,3,4
2024-01-28,People's Hospital,17,6,1,0,1,13,19.3,227.11,6,6,13
2024-01-28,Bhopal Memorial Hospital,9,6,1,0,1,9,14.66,131.64,8,29,4
2024-01-28,Bhopal Memorial Hospital,10,6,1,0,1,16,11.62,148.5,2,9,6
2024-01-28,Bhopal Memorial Hospital,11,6,1,0,1,15,12.72,128.65,10,15,6
2024-01-28,Bhopal Memorial Hospital,12,6,1,0,1,11,15.65,193.89,11,21,0
2024-01-28,Bhopal Memorial Hospital,13,6,1,0,1,7,15.28,103.41,3,19,3
2024-01-28,Bhopal Memorial Hospital,14,6,1,0,1,9,12.38,91.64,7,14,11
2024-01-28,Bhopal Memorial Hospital,15,6,1,0,1,15,5.34,99.58,6,6,5
2024-01-28,Bhopal Memorial Hospital,16,6,1,0,1,16,12.75,215.12,6,20,13
2024-01-28,Bhopal Memorial Hospital,17,6,1,0,1,12,13.72,211.78,11,16,9
2024-01-29,AIIMS Bhopal,9,0,0,1,1,15,22.24,330.09,2,5,0
2024-01-29,AIIMS Bhopal,10,0,0,1,1,37,20.3,902.57,35,6,14
2024-01-29,AIIMS Bhopal,11,0,0,1,1,42,14.1,577.33,19,30,13
2024-01-29,AIIMS Bhopal,12,0,0,1,1,19,15.75,364.13,13,6,6
2024-01-29,AIIMS Bhopal,13,0,0,1,1,22,18.54,384.68,15,16,12
2024-01-29,AIIMS Bhopal,14,0,0,1,1,7,21.49,130.96,5,12,8
2024-01-29,AIIMS Bhopal,15,0,0,1,1,22,11.95,369.2,14,24,7
2024-01-29,AIIMS Bhopal,16,0,0,1,1,14,18.35,225.72,1,3,4
2024-01-29,AIIMS Bhopal,17,0,0,1,1,26,17.61,364.67,24,22,10
2024-01-29,Hamidia Hospital,9,0,0,1,1,25,17.5,537.54,14,10,17
2024-01-29,Hamidia Hospital,10,0,0,1,1,36,17.03,778.0,4,28,18
2024-01-29,Hamidia Hospital,11,0,0,1,1,37,18.92,844.38,12,15,10
2024-01-29,Hamidia Hospital,12,0,0,1,1,33,16.58,613.58,9,19,3
2024-01-29,Hamidia Hospital,13,0,0,1,1,19,18.1,263.32,9,29,17
2024-01-29,Hamidia Hospital,14,0,0,1,1,12,17.56,201.72,2,3,13
2024-01-29,Hamidia Hospital,15,0,0,1,1,11,11.3,100.15,1,22,17
2024-01-29,Hamidia Hospital,16,0,0,1,1,18,14.19,250.29,5,17,11
2024-01-29,Hamidia Hospital,17,0,0,1,1,18,15.55,399.28,10,9,17
2024-01-29,Bansal Hospital,9,0,0,1,1,21,13.92,187.48,13,27,8
2024-01-29,Bansal Hospital,10,0,0,1,1,15,13.54,296.88,11,3,18
2024-01-29,Bansal Hospital,11,0,0,1,1,19,22.02,541.36,4,6,4
2024-01-29,Bansal Hospital,12,0,0,1,1,23,14.81,383.51,3,18,11
2024-01-29,Bansal Hospital,13,0,0,1,1,13,11.4,170.07,1,16,2
2024-01-29,Bansal Hospital,14,0,0,1,1,22,16.54,356.57,22,16,12
2024-01-29,Bansal Hospital,15,0,0,1,1,25,12.07,252.66,6,8,9
2024-01-29,Bansal Hospital,16,0,0,1,1,14,19.83,231.21,11,22,1
2024-01-29,Bansal Hospital,17,0,0,1,1,15,27.6,374.19,8,22,19
2024-01-29,Chirayu Medical College,9,0,0,1,1,35,19.86,700.28,17,6,6
2024-01-29,Chirayu Medical College,10,0,0,1,1,14,10.29,136.27,13,7,6
2024-01-29,Chirayu Medical College,11,0,0,1,1,33,17.1,616.45,21,7,7
2024-01-29,Chirayu Medical College,12,0,0,1,1,14,13.68,101.57,5,11,15
2024-01-29,Chirayu Medical College,13,0,0,1,1,13,18.54,228.15,9,23,9
2024-01-29,Chirayu Medical College,14,0,0,1,1,21,14.86,239.03,17,15,6
2024-01-29,Chirayu Medical College,15,0,0,1,1,22,17.84,498.31,9,15,3
2024-01-29,Chirayu Medical College,16,0,0,1,1,29,16.37,530.44,24,18,13
2024-01-29,Chirayu Medical College,17,0,0,1,1,30,9.11,315.24,27,13,19
2024-01-29,People's Hospital,9,0,0,1,1,15,11.69,152.17,10,14,11
2024-01-29,People's Hospital,10,0,0,1,1,18,7.03,143.06,17,11,18
2024-01-29,People's Hospital,11,0,0,1,1,37,12.98,653.41,34,14,12
2024-01-29,People's Hospital,12,0,0,1,1,11,20.47,279.24,7,28,5
2024-01-29,People's Hospital,13,0,0,1,1,18,15.08,309.25,12,14,4
2024-01-29,People's Hospital,14,0,0,1,1,17,17.52,334.08,1,25,10
2024-01-29,People's Hospital,15,0,0,1,1,19,8.04,164.59,8,20,2
2024-01-29,People's Hospital,16,0,0,1,1,36,14.42,589.27,14,6,17
2024-01-29,People's Hospital,17,0,0,1,1,22,12.97,150.37,22,5,18
2024-01-29,Bhopal Memorial Hospital,9,0,0,1,1,29,13.23,309.03,27,13,6
2024-01-29,Bhopal Memorial Hospital,10,0,0,1,1,24,19.44,500.07,2,11,13
2024-01-29,Bhopal Memorial Hospital,11,0,0,1,1,19,16.74,345.52,11,21,12
2024-01-29,Bhopal Memorial Hospital,12,0,0,1,1,21,12.09,234.75,21,28,18
2024-01-29,Bhopal Memorial Hospital,13,0,0,1,1,7,17.78,113.73,7,15,1
2024-01-29,Bhopal Memorial Hospital,14,0,0,1,1,24,15.98,372.93,21,3,2
2024-01-29,Bhopal Memorial Hospital,15,0,0,1,1,32,20.96,806.51,20,11,10
2024-01-29,Bhopal Memorial Hospital,16,0,0,1,1,33,10.87,412.21,21,18,19
2024-01-29,Bhopal Memorial Hospital,17,0,0,1,1,12,10.16,145.3,8,18,3
2024-01-30,AIIMS Bhopal,9,1,0,0,1,19,16.72,306.42,8,4,0
2024-01-30,AIIMS Bhopal,10,1,0,0,1,15,17.79,295.75,12,26,13
2024-01-30,AIIMS Bhopal,11,1,0,0,1,19,16.25,344.07,12,29,17
2024-01-30,AIIMS Bhopal,12,1,0,0,1,8,22.37,149.98,5,28,1
2024-01-30,AIIMS Bhopal,13,1,0,0,1,7,18.25,134.24,3,13,19
2024-01-30,AIIMS Bhopal,14,1,0,0,1,14,14.69,230.68,3,21,14
2024-01-30,AIIMS Bhopal,15,1,0,0,1,11,20.58,290.63,10,30,13
2024-01-30,AIIMS Bhopal,16,1,0,0,1,28,12.61,278.43,8,21,15
2024-01-30,AIIMS Bhopal,17,1,0,0,1,23,18.49,414.1,16,10,2
2024-01-30,Hamidia Hospital,9,1,0,0,1,16,15.64,171.76,12,20,7
2024-01-30,Hamidia Hospital,10,1,0,0,1,18,14.46,240.99,16,4,6
2024-01-30,Hamidia Hospital,11,1,0,0,1,10,12.85,103.12,7,9,15
2024-01-30,Hamidia Hospital,12,1,0,0,1,11,11.05,159.15,9,19,10
2024-01-30,Hamidia Hospital,13,1,0,0,1,11,13.5,106.58,9,6,4
2024-01-30,Hamidia Hospital,14,1,0,0,1,10,18.42,166.02,8,30,19
2024-01-30,Hamidia Hospital,15,1,0,0,1,24,16.18,463.35,3,11,13
2024-01-30,Hamidia Hospital,16,1,0,0,1,16,11.16,97.69,4,7,14
2024-01-30,Hamidia Hospital,17,1,0,0,1,11,14.91,139.66,8,8,8
2024-01-30,Bansal Hospital,9,1,0,0,1,8,10.13,84.03,6,11,3
2024-01-30,Bansal Hospital,10,1,0,0,1,32,18.67,661.5,10,15,16
2024-01-30,Bansal Hospital,11,1,0,0,1,27,13.68,368.13,9,14,3
2024-01-30,Bansal Hospital,12,1,0,0,1,9,11.14,74.1,7,9,9
2024-01-30,Bansal Hospital,13,1,0,0,1,9,10.6,110.13,9,22,15
2024-01-30,Bansal Hospital,14,1,0,0,1,16,9.47,170.12,8,6,7
2024-01-30,Bansal Hospital,15,1,0,0,1,11,16.02,179.32,5,10,2
2024-01-30,Bansal Hospital,16,1,0,0,1,32,17.31,600.94,26,15,12
2024-01-30,Bansal Hospital,17,1,0,0,1,11,16.4,246.5,5,18,6
2024-01-30,Chirayu Medical College,9,1,0,0,1,13,15.82,168.63,5,25,19
2024-01-30,Chirayu Medical College,10,1,0,0,1,22,14.82,297.18,17,25,19
2024-01-30,Chirayu Medical College,11,1,0,0,1,29,14.46,255.69,23,10,5
2024-01-30,Chirayu Medical College,12,1,0,0,1,18,13.99,224.21,11,17,4
2024-01-30,Chirayu Medical College,13,1,0,0,1,5,12.87,52.6,1,8,8
2024-01-30,Chirayu Medical College,14,1,0,0,1,7,18.23,165.5,1,22,11
2024-01-30,Chirayu Medical College,15,1,0,0,1,23,10.99,223.51,8,18,3
2024-01-30,Chirayu Medical College,16,1,0,0,1,11,17.17,144.52,5,29,7
2024-01-30,Chirayu Medical College,17,1,0,0,1,24,8.29,197.7,4,6,9
2024-01-30,People's Hospital,9,1,0,0,1,18,8.77,172.94,18,11,15
2024-01-30,People's Hospital,10,1,0,0,1,20,14.57,298.55,12,12,10
2024-01-30,People's Hospital,11,1,0,0,1,31,16.21,306.67,29,29,19
2024-01-30,People's Hospital,12,1,0,0,1,23,19.62,540.67,21,3,4
2024-01-30,People's Hospital,13,1,0,0,1,14,18.63,200.76,3,14,15
2024-01-30,People's Hospital,14,1,0,0,1,5,15.23,101.19,4,14,6
2024-01-30,People's Hospital,15,1,0,0,1,10,18.44,270.53,2,11,17
2024-01-30,People's Hospital,16,1,0,0,1,28,23.15,627.1,6,11,11
2024-01-30,People's Hospital,17,1,0,0,1,18,11.78,239.91,9,12,6
2024-01-30,Bhopal Memorial Hospital,9,1,0,0,1,9,9.54,73.04,2,16,14
2024-01-30,Bhopal Memorial Hospital,10,1,0,0,1,24,12.47,452.98,16,24,4
2024-01-30,Bhopal Memorial Hospital,11,1,0,0,1,28,12.95,282.58,10,22,17
2024-01-30,Bhopal Memorial Hospital,12,1,0,0,1,13,13.91,208.96,13,12,0
2024-01-30,Bhopal Memorial Hospital,13,1,0,0,1,15,18.16,283.64,10,6,1
2024-01-30,Bhopal Memorial Hospital,14,1,0,0,1,16,13.54,259.84,1,4,8
2024-01-30,Bhopal Memorial Hospital,15,1,0,0,1,12,13.08,177.63,9,24,17
2024-01-30,Bhopal Memorial Hospital,16,1,0,0,1,15,21.06,287.2,3,26,6
2024-01-30,Bhopal Memorial Hospital,17,1,0,0,1,21,13.59,273.41,8,4,15
2024-01-31,AIIMS Bhopal,9,2,0,0,1,19,15.05,372.06,13,16,12
2024-01-31,AIIMS Bhopal,10,2,0,0,1,14,22.04,222.14,10,12,5
2024-01-31,AIIMS Bhopal,11,2,0,0,1,27,13.48,305.93,19,7,6
2024-01-31,AIIMS Bhopal,12,2,0,0,1,16,18.35,349.74,10,12,2
2024-01-31,AIIMS Bhopal,13,2,0,0,1,11,9.86,96.04,9,8,12
2024-01-31,AIIMS Bhopal,14,2,0,0,1,14,19.03,303.36,12,13,16
2024-01-31,AIIMS Bhopal,15,2,0,0,1,19,10.86,214.89,14,16,14
2024-01-31,AIIMS Bhopal,16,2,0,0,1,10,15.79,154.08,7,5,4
2024-01-31,AIIMS Bhopal,17,2,0,0,1,17,16.2,204.76,12,7,19
2024-01-31,Hamidia Hospital,9,2,0,0,1,25,21.63,410.36,2,27,12
2024-01-31,Hamidia Hospital,10,2,0,0,1,15,14.64,222.37,13,27,16
2024-01-31,Hamidia Hospital,11,2,0,0,1,28,15.89,413.33,9,29,3
2024-01-31,Hamidia Hospital,12,2,0,0,1,18,8.84,126.04,16,25,10
2024-01-31,Hamidia Hospital,13,2,0,0,1,6,18.83,133.7,5,26,1
2024-01-31,Hamidia Hospital,14,2,0,0,1,9,9.89,86.65,8,7,7
2024-01-31,Hamidia Hospital,15,2,0,0,1,12,13.91,194.34,1,28,15
2024-01-31,Hamidia Hospital,16,2,0,0,1,18,15.03,270.76,4,19,3
2024-01-31,Hamidia Hospital,17,2,0,0,1,15,16.28,297.34,14,19,14
2024-01-31,Bansal Hospital,9,2,0,0,1,20,16.92,350.12,13,18,5
2024-01-31,Bansal Hospital,10,2,0,0,1,19,17.74,265.98,15,30,19
2024-01-31,Bansal Hospital,11,2,0,0,1,14,9.82,153.57,3,7,7
2024-01-31,Bansal Hospital,12,2,0,0,1,13,8.81,111.99,4,18,15
2024-01-31,Bansal Hospital,13,2,0,0,1,11,14.55,174.29,10,18,11
2024-01-31,Bansal Hospital,14,2,0,0,1,11,10.2,134.17,2,17,13
2024-01-31,Bansal Hospital,15,2,0,0,1,21,16.95,402.57,4,21,12
2024-01-31,Bansal Hospital,16,2,0,0,1,10,14.08,137.19,10,17,1
2024-01-31,Bansal Hospital,17,2,0,0,1,19,19.37,348.9,15,11,0
2024-01-31,Chirayu Medical College,9,2,0,0,1,13,10.07,171.04,9,9,11
2024-01-31,Chirayu Medical College,10,2,0,0,1,31,13.89,450.15,21,7,11
2024-01-31,Chirayu Medical College,11,2,0,0,1,23,7.34,185.7,5,11,9
2024-01-31,Chirayu Medical College,12,2,0,0,1,20,21.96,508.94,16,15,15
2024-01-31,Chirayu Medical College,13,2,0,0,1,9,6.86,48.77,9,11,4
2024-01-31,Chirayu Medical College,14,2,0,0,1,12,10.53,108.68,10,22,12
2024-01-31,Chirayu Medical College,15,2,0,0,1,10,22.51,249.62,3,10,3
2024-01-31,Chirayu Medical College,16,2,0,0,1,14,8.97,125.68,6,27,7
2024-01-31,Chirayu Medical College,17,2,0,0,1,15,21.5,404.4,12,15,13
2024-01-31,People's Hospital,9,2,0,0,1,10,17.81,188.37,1,30,2
2024-01-31,People's Hospital,10,2,0,0,1,28,15.46,315.0,27,3,5
2024-01-31,People's Hospital,11,2,0,0,1,23,18.41,481.31,5,23,18
2024-01-31,People's Hospital,12,2,0,0,1,25,15.95,456.52,15,24,9
2024-01-31,People's Hospital,13,2,0,0,1,10,15.72,175.0,9,28,6
2024-01-31,People's Hospital,14,2,0,0,1,7,10.1,60.87,6,6,6
2024-01-31,People's Hospital,15,2,0,0,1,9,18.12,98.9,6,27,13
2024-01-31,People's Hospital,16,2,0,0,1,32,17.41,480.5,32,9,6
2024-01-31,People's Hospital,17,2,0,0,1,23,11.24,258.36,18,30,4
2024-01-31,Bhopal Memorial Hospital,9,2,0,0,1,10,9.8,108.32,2,21,2
2024-01-31,Bhopal Memorial Hospital,10,2,0,0,1,15,15.68,196.43,2,18,7
2024-01-31,Bhopal Memorial Hospital,11,2,0,0,1,11,12.12,119.08,4,29,9
2024-01-31,Bhopal Memorial Hospital,12,2,0,0,1,16,12.09,216.62,6,12,2
2024-01-31,Bhopal Memorial Hospital,13,2,0,0,1,17,8.03,112.07,17,12,12
2024-01-31,Bhopal Memorial Hospital,14,2,0,0,1,6,6.91,36.5,5,18,8
2024-01-31,Bhopal Memorial Hospital,15,2,0,0,1,8,19.1,159.23,4,13,1
2024-01-31,Bhopal Memorial Hospital,16,2,0,0,1,15,17.09,346.92,6,27,1
2024-01-31,Bhopal Memorial Hospital,17,2,0,0,1,15,7.77,118.19,10,22,1
2024-02-01,AIIMS Bhopal,9,3,0,0,2,19,24.72,442.36,3,20,15
2024-02-01,AIIMS Bhopal,10,3,0,0,2,15,14.85,235.65,1,18,16
2024-02-01,AIIMS Bhopal,11,3,0,0,2,19,12.51,196.73,10,28,7
2024-02-01,AIIMS Bhopal,12,3,0,0,2,8,15.84,124.26,4,20,19
2024-02-01,AIIMS Bhopal,13,3,0,0,2,14,12.29,120.77,9,18,1
2024-02-01,AIIMS Bhopal,14,3,0,0,2,14,15.61,151.44,7,25,13
2024-02-01,AIIMS Bhopal,15,3,0,0,2,25,17.78,517.26,20,14,11
2024-02-01,AIIMS Bhopal,16,3,0,0,2,18,10.06,248.57,8,10,2
2024-02-01,AIIMS Bhopal,17,3,0,0,2,8,15.95,169.51,1,28,0
2024-02-01,Hamidia Hospital,9,3,0,0,2,15,15.61,216.91,3,17,5
2024-02-01,Hamidia Hospital,10,3,0,0,2,22,18.57,429.13,21,10,9
2024-02-01,Hamidia Hospital,11,3,0,0,2,15,11.41,147.01,2,24,2
2024-02-01,Hamidia Hospital,12,3,0,0,2,10,14.99,187.5,8,25,11
2024-02-01,Hamidia Hospital,13,3,0,0,2,10,11.81,125.12,6,27,17
2024-02-01,Hamidia Hospital,14,3,0,0,2,11,17.03,166.82,5,13,17
2024-02-01,Hamidia Hospital,15,3,0,0,2,24,17.92,478.61,14,25,19
2024-02-01,Hamidia Hospital,16,3,0,0,2,29,14.5,476.18,5,29,16
2024-02-01,Hamidia Hospital,17,3,0,0,2,15,13.28,246.82,2,14,4
2024-02-01,Bansal Hospital,9,3,0,0,2,9,21.13,182.05,8,6,0
2024-02-01,Bansal Hospital,10,3,0,0,2,29,16.64,416.92,19,15,9
2024-02-01,Bansal Hospital,11,3,0,0,2,13,22.31,331.75,7,18,0
2024-02-01,Bansal Hospital,12,3,0,0,2,20,14.1,293.21,7,15,5
2024-02-01,Bansal Hospital,13,3,0,0,2,14,9.24,121.69,1,20,11
2024-02-01,Bansal Hospital,14,3,0,0,2,5,20.66,84.76,3,29,8
2024-02-01,Bansal Hospital,15,3,0,0,2,14,15.17,173.59,14,22,13
2024-02-01,Bansal Hospital,16,3,0,0,2,27,16.87,250.58,25,4,3
2024-02-01,Bansal Hospital,17,3,0,0,2,25,10.12,305.36,22,12,17
2024-02-01,Chirayu Medical College,9,3,0,0,2,22,9.34,235.66,17,11,5
2024-02-01,Chirayu Medical College,10,3,0,0,2,26,5.0,146.6,8,7,0
2024-02-01,Chirayu Medical College,11,3,0,0,2,20,18.01,191.82,3,10,17
2024-02-01,Chirayu Medical College,12,3,0,0,2,17,12.91,256.87,9,14,8
2024-02-01,Chirayu Medical College,13,3,0,0,2,11,16.48,116.51,10,3,3
2024-02-01,Chirayu Medical College,14,3,0,0,2,11,11.8,120.29,5,30,5
2024-02-01,Chirayu Medical College,15,3,0,0,2,22,10.81,249.72,15,4,11
2024-02-01,Chirayu Medical College,16,3,0,0,2,29,11.69,273.23,14,4,18
2024-02-01,Chirayu Medical College,17,3,0,0,2,10,14.09,179.08,6,5,14
2024-02-01,People's Hospital,9,3,0,0,2,13,14.65,257.26,5,30,15
2024-02-01,People's Hospital,10,3,0,0,2,15,15.35,258.49,14,22,1
2024-02-01,People's Hospital,11,3,0,0,2,19,15.84,312.14,17,30,14
2024-02-01,People's Hospital,12,3,0,0,2,18,21.14,412.03,2,25,8
2024-02-01,People's Hospital,13,3,0,0,2,11,22.68,259.26,6,20,1
2024-02-01,People's Hospital,14,3,0,0,2,10,14.06,149.73,8,6,16
2024-02-01,People's Hospital,15,3,0,0,2,10,15.29,179.97,6,29,13
2024-02-01,People's Hospital,16,3,0,0,2,13,9.87,87.5,3,3,10
2024-02-01,People's Hospital,17,3,0,0,2,19,12.91,288.65,12,18,9
2024-02-01,Bhopal Memorial Hospital,9,3,0,0,2,8,15.65,131.56,3,21,0
2024-02-01,Bhopal Memorial Hospital,10,3,0,0,2,14,9.37,101.05,9,25,16
2024-02-01,Bhopal Memorial Hospital,11,3,0,0,2,24,18.63,414.94,19,4,4
2024-02-01,Bhopal Memorial Hospital,12,3,0,0,2,20,15.46,219.95,3,10,18
2024-02-01,Bhopal Memorial Hospital,13,3,0,0,2,16,20.64,329.0,14,20,3
2024-02-01,Bhopal Memorial Hospital,14,3,0,0,2,16,16.63,196.66,15,13,8
2024-02-01,Bhopal Memorial Hospital,15,3,0,0,2,14,16.71,200.57,4,13,7
2024-02-01,Bhopal Memorial Hospital,16,3,0,0,2,24,15.42,433.88,4,25,7
2024-02-01,Bhopal Memorial Hospital,17,3,0,0,2,22,14.11,183.28,12,5,11
2024-02-02,AIIMS Bhopal,9,4,0,0,2,25,6.13,150.88,21,18,19
2024-02-02,AIIMS Bhopal,10,4,0,0,2,19,11.04,223.64,19,29,4
2024-02-02,AIIMS Bhopal,11,4,0,0,2,32,15.28,703.02,9,22,8
2024-02-02,AIIMS Bhopal,12,4,0,0,2,17,13.91,256.34,14,16,16
2024-02-02,AIIMS Bhopal,13,4,0,0,2,8,9.97,69.4,4,8,14
2024-02-02,AIIMS Bhopal,14,4,0,0,2,5,17.08,100.82,5,25,15
2024-02-02,AIIMS Bhopal,15,4,0,0,2,11,15.74,179.62,7,3,5
2024-02-02,AIIMS Bhopal,16,4,0,0,2,13,20.41,344.11,7,16,11
2024-02-02,AIIMS Bhopal,17,4,0,0,2,12,10.83,149.03,12,12,3
2024-02-02,Hamidia Hospital,9,4,0,0,2,18,21.84,292.08,4,26,1
2024-02-02,Hamidia Hospital,10,4,0,0,2,13,14.74,155.77,8,16,14
2024-02-02,Hamidia Hospital,11,4,0,0,2,27,13.89,457.75,5,26,5
2024-02-02,Hamidia Hospital,12,4,0,0,2,24,22.35,651.05,19,21,11
2024-02-02,Hamidia Hospital,13,4,0,0,2,15,11.88,204.5,9,26,18
2024-02-02,Hamidia Hospital,14,4,0,0,2,11,16.7,178.04,5,18,10
2024-02-02,Hamidia Hospital,15,4,0,0,2,9,7.15,53.58,9,30,13
2024-02-02,Hamidia Hospital,16,4,0,0,2,22,13.45,342.48,6,7,1
2024-02-02,Hamidia Hospital,17,4,0,0,2,14,12.07,180.55,10,13,3
2024-02-02,Bansal Hospital,9,4,0,0,2,19,14.56,303.86,9,18,14
2024-02-02,Bansal Hospital,10,4,0,0,2,19,17.48,295.97,9,22,3
2024-02-02,Bansal Hospital,11,4,0,0,2,19,13.89,238.81,7,20,16
2024-02-02,Bansal Hospital,12,4,0,0,2,13,23.5,328.11,9,20,6
2024-02-02,Bansal Hospital,13,4,0,0,2,5,7.58,38.95,3,9,9
2024-02-02,Bansal Hospital,14,4,0,0,2,14,14.46,153.58,14,17,9
2024-02-02,Bansal Hospital,15,4,0,0,2,11,13.11,80.98,2,17,13
2024-02-02,Bansal Hospital,16,4,0,0,2,29,14.34,581.78,9,26,3
2024-02-02,Bansal Hospital,17,4,0,0,2,19,17.18,224.73,8,26,2
2024-02-02,Chirayu Medical College,9,4,0,0,2,18,17.0,352.08,15,23,16
2024-02-02,Chirayu Medical College,10,4,0,0,2,13,14.07,152.24,1,16,3
2024-02-02,Chirayu Medical College,11,4,0,0,2,31,11.84,495.42,22,29,1
2024-02-02,Chirayu Medical College,12,4,0,0,2,8,15.14,153.26,4,24,6
2024-02-02,Chirayu Medical College,13,4,0,0,2,11,10.48,120.19,3,26,15
2024-02-02,Chirayu Medical College,14,4,0,0,2,11,18.84,250.57,2,19,6
2024-02-02,Chirayu Medical College,15,4,0,0,2,8,10.74,93.96,4,25,5
2024-02-02,Chirayu Medical College,16,4,0,0,2,11,12.28,145.45,7,23,18
2024-02-02,Chirayu Medical College,17,4,0,0,2,15,12.02,148.65,11,8,9
2024-02-02,People's Hospital,9,4,0,0,2,15,19.2,227.55,8,28,12
2024-02-02,People's Hospital,10,4,0,0,2,24,11.78,269.89,8,6,9
2024-02-02,People's Hospital,11,4,0,0,2,27,18.48,482.11,22,16,3
2024-02-02,People's Hospital,12,4,0,0,2,13,11.58,156.34,2,14,12
2024-02-02,People's Hospital,13,4,0,0,2,8,15.68,96.92,8,22,13
2024-02-02,People's Hospital,14,4,0,0,2,10,18.11,186.25,4,30,13
2024-02-02,People's Hospital,15,4,0,0,2,9,11.73,98.48,6,16,12
2024-02-02,People's Hospital,16,4,0,0,2,28,12.23,366.49,2,11,15
2024-02-02,People's Hospital,17,4,0,0,2,15,11.05,217.42,5,17,13
2024-02-02,Bhopal Memorial Hospital,9,4,0,0,2,15,12.83,182.25,4,27,3
2024-02-02,Bhopal Memorial Hospital,10,4,0,0,2,23,18.43,500.5,1,28,12
2024-02-02,Bhopal Memorial Hospital,11,4,0,0,2,13,15.68,167.85,6,27,17
2024-02-02,Bhopal Memorial Hospital,12,4,0,0,2,10,12.28,98.24,6,20,6
2024-02-02,Bhopal Memorial Hospital,13,4,0,0,2,9,17.11,127.72,4,12,5
2024-02-02,Bhopal Memorial Hospital,14,4,0,0,2,13,13.63,198.78,12,10,0
2024-02-02,Bhopal Memorial Hospital,15,4,0,0,2,9,18.79,122.27,9,6,16
2024-02-02,Bhopal Memorial Hospital,16,4,0,0,2,26,15.3,375.25,10,12,0
2024-02-02,Bhopal Memorial Hospital,17,4,0,0,2,15,10.86,126.36,1,11,3
2024-02-03,AIIMS Bhopal,9,5,1,0,2,12,13.81,151.17,12,11,2
2024-02-03,AIIMS Bhopal,10,5,1,0,2,7,20.72,165.86,7,26,13
2024-02-03,AIIMS Bhopal,11,5,1,0,2,5,22.5,116.42,5,7,3
2024-02-03,AIIMS Bhopal,12,5,1,0,2,12,16.87,254.35,5,28,10
2024-02-03,AIIMS Bhopal,13,5,1,0,2,8,14.13,112.67,5,17,6
2024-02-03,AIIMS Bhopal,14,5,1,0,2,4,14.48,74.76,4,15,9
2024-02-03,AIIMS Bhopal,15,5,1,0,2,12,23.71,366.49,9,11,15
2024-02-03,AIIMS Bhopal,16,5,1,0,2,13,19.13,215.03,4,15,0
2024-02-03,AIIMS Bhopal,17,5,1,0,2,13,13.62,90.8,13,20,3
2024-02-03,Hamidia Hospital,9,5,1,0,2,13,16.76,334.89,7,27,7
2024-02-03,Hamidia Hospital,10,5,1,0,2,16,11.48,218.18,10,13,4
2024-02-03,Hamidia Hospital,11,5,1,0,2,7,17.01,127.26,7,18,18
2024-02-03,Hamidia Hospital,12,5,1,0,2,9,18.51,183.64,8,19,18
2024-02-03,Hamidia Hospital,13,5,1,0,2,6,19.35,125.89,4,12,10
2024-02-03,Hamidia Hospital,14,5,1,0,2,4,20.95,89.64,4,30,0
2024-02-03,Hamidia Hospital,15,5,1,0,2,9,12.55,77.66,8,20,15
2024-02-03,Hamidia Hospital,16,5,1,0,2,13,17.84,223.33,8,25,15
2024-02-03,Hamidia Hospital,17,5,1,0,2,14,8.82,109.83,12,5,3
2024-02-03,Bansal Hospital,9,5,1,0,2,12,13.78,134.9,1,8,16
2024-02-03,Bansal Hospital,10,5,1,0,2,7,17.16,142.38,1,4,13
2024-02-03,Bansal Hospital,11,5,1,0,2,16,18.45,388.62,16,7,17
2024-02-03,Bansal Hospital,12,5,1,0,2,12,12.29,162.13,7,12,8
2024-02-03,Bansal Hospital,13,5,1,0,2,9,11.31,140.2,3,7,9
2024-02-03,Bansal Hospital,14,5,1,0,2,9,12.14,73.11,6,19,19
2024-02-03,Bansal Hospital,15,5,1,0,2,9,12.29,113.27,6,26,4
2024-02-03,Bansal Hospital,16,5,1,0,2,9,7.57,64.18,1,13,13
2024-02-03,Bansal Hospital,17,5,1,0,2,7,15.87,117.82,1,12,6
2024-02-03,Chirayu Medical College,9,5,1,0,2,8,13.29,81.51,6,6,1
2024-02-03,Chirayu Medical College,10,5,1,0,2,16,13.77,211.12,8,14,0
2024-02-03,Chirayu Medical College,11,5,1,0,2,10,13.86,189.37,7,21,9
2024-02-03,Chirayu Medical College,12,5,1,0,2,11,12.12,114.19,5,20,17
2024-02-03,Chirayu Medical College,13,5,1,0,2,5,17.03,89.75,2,11,5
2024-02-03,Chirayu Medical College,14,5,1,0,2,6,13.08,75.31,5,21,12
2024-02-03,Chirayu Medical College,15,5,1,0,2,10,8.03,65.9,10,11,19
2024-02-03,Chirayu Medical College,16,5,1,0,2,16,15.07,244.6,8,9,2
2024-02-03,Chirayu Medical College,17,5,1,0,2,7,17.82,146.97,1,13,2
2024-02-03,People's Hospital,9,5,1,0,2,5,19.73,125.81,4,24,15
2024-02-03,People's Hospital,10,5,1,0,2,13,12.81,219.74,4,20,12
2024-02-03,People's Hospital,11,5,1,0,2,15,15.94,165.07,6,12,16
2024-02-03,People's Hospital,12,5,1,0,2,10,6.86,63.18,4,8,8
2024-02-03,People's Hospital,13,5,1,0,2,4,17.74,55.6,4,25,8
2024-02-03,People's Hospital,14,5,1,0,2,4,11.0,40.66,3,8,0
2024-02-03,People's Hospital,15,5,1,0,2,11,19.22,154.18,6,26,13
2024-02-03,People's Hospital,16,5,1,0,2,10,8.93,64.84,4,15,11
2024-02-03,People's Hospital,17,5,1,0,2,7,26.99,138.38,2,17,11
2024-02-03,Bhopal Memorial Hospital,9,5,1,0,2,14,16.8,294.04,6,6,11
2024-02-03,Bhopal Memorial Hospital,10,5,1,0,2,11,14.35,157.79,5,4,8
2024-02-03,Bhopal Memorial Hospital,11,5,1,0,2,16,5.0,111.53,9,11,1
2024-02-03,Bhopal Memorial Hospital,12,5,1,0,2,4,20.98,54.79,4,18,5
2024-02-03,Bhopal Memorial Hospital,13,5,1,0,2,9,15.0,95.99,9,28,3
2024-02-03,Bhopal Memorial Hospital,14,5,1,0,2,3,11.24,40.51,3,7,5
2024-02-03,Bhopal Memorial Hospital,15,5,1,0,2,7,21.58,179.51,1,4,14
2024-02-03,Bhopal Memorial Hospital,16,5,1,0,2,6,11.9,97.32,3,30,6
2024-02-03,Bhopal Memorial Hospital,17,5,1,0,2,4,12.04,60.62,3,25,5
2024-02-04,AIIMS Bhopal,9,6,1,0,2,11,5.55,58.04,7,16,1
2024-02-04,AIIMS Bhopal,10,6,1,0,2,7,17.38,160.19,2,26,8
2024-02-04,AIIMS Bhopal,11,6,1,0,2,7,15.56,114.76,5,9,16
2024-02-04,AIIMS Bhopal,12,6,1,0,2,12,18.09,280.7,1,12,8
2024-02-04,AIIMS Bhopal,13,6,1,0,2,10,12.84,147.31,10,29,2
2024-02-04,AIIMS Bhopal,14,6,1,0,2,9,22.61,251.36,3,26,2
2024-02-04,AIIMS Bhopal,15,6,1,0,2,7,12.69,111.55,1,27,5
2024-02-04,AIIMS Bhopal,16,6,1,0,2,5,15.79,93.9,1,26,7
2024-02-04,AIIMS Bhopal,17,6,1,0,2,10,17.99,135.88,4,26,4
2024-02-04,Hamidia Hospital,9,6,1,0,2,10,20.91,230.62,3,11,4
2024-02-04,Hamidia Hospital,10,6,1,0,2,13,8.49,131.88,5,9,5
2024-02-04,Hamidia Hospital,11,6,1,0,2,13,14.75,232.91,2,18,11
2024-02-04,Hamidia Hospital,12,6,1,0,2,11,11.66,158.21,8,29,5
2024-02-04,Hamidia Hospital,13,6,1,0,2,3,20.04,55.17,1,20,18
2024-02-04,Hamidia Hospital,14,6,1,0,2,5,19.26,95.51,3,9,10
2024-02-04,Hamidia Hospital,15,6,1,0,2,14,8.75,109.61,5,5,16
2024-02-04,Hamidia Hospital,16,6,1,0,2,10,14.77,180.81,1,6,16
2024-02-04,Hamidia Hospital,17,6,1,0,2,7,10.57,76.53,3,14,18
2024-02-04,Bansal Hospital,9,6,1,0,2,12,10.31,79.07,6,25,3
2024-02-04,Bansal Hospital,10,6,1,0,2,14,15.34,210.85,7,18,10
2024-02-04,Bansal Hospital,11,6,1,0,2,13,13.9,167.39,6,12,5
2024-02-04,Bansal Hospital,12,6,1,0,2,13,8.61,101.06,8,28,19
2024-02-04,Bansal Hospital,13,6,1,0,2,9,9.87,73.69,7,18,7
2024-02-04,Bansal Hospital,14,6,1,0,2,6,14.1,61.97,4,24,12
2024-02-04,Bansal Hospital,15,6,1,0,2,10,23.91,266.53,4,27,16
2024-02-04,Bansal Hospital,16,6,1,0,2,7,8.93,72.81,5,15,18
2024-02-04,Bansal Hospital,17,6,1,0,2,4,16.24,71.69,3,22,16
2024-02-04,Chirayu Medical College,9,6,1,0,2,8,19.94,147.14,3,7,10
2024-02-04,Chirayu Medical College,10,6,1,0,2,6,18.38,106.77,2,28,11
2024-02-04,Chirayu Medical College,11,6,1,0,2,16,11.47,208.34,5,9,5
2024-02-04,Chirayu Medical College,12,6,1,0,2,10,14.1,157.81,4,16,2
2024-02-04,Chirayu Medical College,13,6,1,0,2,6,17.89,129.83,3,3,15
2024-02-04,Chirayu Medical College,14,6,1,0,2,4,12.47,59.2,4,25,6
2024-02-04,Chirayu Medical College,15,6,1,0,2,13,11.3,98.58,12,10,3
2024-02-04,Chirayu Medical College,16,6,1,0,2,15,19.69,367.83,3,15,10
2024-02-04,Chirayu Medical College,17,6,1,0,2,10,17.75,125.46,7,22,12
2024-02-04,People's Hospital,9,6,1,0,2,15,19.17,316.51,12,21,0
2024-02-04,People's Hospital,10,6,1,0,2,11,16.89,170.42,4,14,11
2024-02-04,People's Hospital,11,6,1,0,2,13,14.77,192.05,10,27,12
2024-02-04,People's Hospital,12,6,1,0,2,6,13.67,74.93,2,4,6
2024-02-04,People's Hospital,13,6,1,0,2,7,11.65,87.43,6,8,13
2024-02-04,People's Hospital,14,6,1,0,2,4,14.14,67.47,4,4,8
2024-02-04,People's Hospital,15,6,1,0,2,12,16.73,237.29,9,29,3
2024-02-04,People's Hospital,16,6,1,0,2,16,16.28,215.36,4,23,12
2024-02-04,People's Hospital,17,6,1,0,2,4,16.12,70.2,4,24,14
2024-02-04,Bhopal Memorial Hospital,9,6,1,0,2,4,5.0,20.88,4,16,1
2024-02-04,Bhopal Memorial Hospital,10,6,1,0,2,13,9.13,136.48,2,22,14
2024-02-04,Bhopal Memorial Hospital,11,6,1,0,2,18,11.84,247.73,11,30,17
2024-02-04,Bhopal Memorial Hospital,12,6,1,0,2,11,16.92,201.18,7,20,12
2024-02-04,Bhopal Memorial Hospital,13,6,1,0,2,4,17.12,78.57,3,9,16
2024-02-04,Bhopal Memorial Hospital,14,6,1,0,2,9,10.9,106.79,1,6,15
2024-02-04,Bhopal Memorial Hospital,15,6,1,0,2,13,9.37,159.67,11,14,8
2024-02-04,Bhopal Memorial Hospital,16,6,1,0,2,15,13.25,227.14,14,3,17
2024-02-04,Bhopal Memorial Hospital,17,6,1,0,2,9,16.63,175.0,1,17,10
2024-02-05,AIIMS Bhopal,9,0,0,1,2,23,11.46,210.15,12,26,1
2024-02-05,AIIMS Bhopal,10,0,0,1,2,45,14.79,564.97,6,20,3
2024-02-05,AIIMS Bhopal,11,0,0,1,2,20,14.18,204.11,14,11,11
2024-02-05,AIIMS Bhopal,12,0,0,1,2,30,13.88,358.64,27,29,16
2024-02-05,AIIMS Bhopal,13,0,0,1,2,21,18.44,404.67,2,7,19
2024-02-05,AIIMS Bhopal,14,0,0,1,2,10,6.74,92.9,2,13,9
2024-02-05,AIIMS Bhopal,15,0,0,1,2,29,12.93,402.89,24,11,2
2024-02-05,AIIMS Bhopal,16,0,0,1,2,37,21.94,749.03,37,11,9
2024-02-05,AIIMS Bhopal,17,0,0,1,2,33,8.11,244.37,4,14,18
2024-02-05,Hamidia Hospital,9,0,0,1,2,32,17.03,794.11,18,26,5
2024-02-05,Hamidia Hospital,10,0,0,1,2,28,13.78,385.5,13,8,9
2024-02-05,Hamidia Hospital,11,0,0,1,2,28,17.72,498.42,26,16,4
2024-02-05,Hamidia Hospital,12,0,0,1,2,22,14.42,402.58,21,13,3
2024-02-05,Hamidia Hospital,13,0,0,1,2,14,15.99,293.33,4,5,19
2024-02-05,Hamidia Hospital,14,0,0,1,2,16,14.25,166.07,15,21,13
2024-02-05,Hamidia Hospital,15,0,0,1,2,25,10.61,249.69,18,3,10
2024-02-05,Hamidia Hospital,16,0,0,1,2,32,11.85,506.86,10,17,15
2024-02-05,Hamidia Hospital,17,0,0,1,2,19,12.61,233.67,13,11,12
2024-02-05,Bansal Hospital,9,0,0,1,2,12,12.23,114.41,2,23,15
2024-02-05,Bansal Hospital,10,0,0,1,2,45,16.66,743.74,34,14,9
2024-02-05,Bansal Hospital,11,0,0,1,2,29,15.02,340.19,15,3,4
2024-02-05,Bansal Hospital,12,0,0,1,2,18,11.33,166.97,14,27,0
2024-02-05,Bansal Hospital,13,0,0,1,2,16,10.64,156.54,8,15,17
2024-02-05,Bansal Hospital,14,0,0,1,2,11,7.96,117.05,2,6,12
2024-02-05,Bansal Hospital,15,0,0,1,2,19,15.47,321.48,10,8,5
2024-02-05,Bansal Hospital,16,0,0,1,2,36,11.46,388.66,14,16,19
2024-02-05,Bansal Hospital,17,0,0,1,2,22,13.39,345.44,4,24,10
2024-02-05,Chirayu Medical College,9,0,0,1,2,33,11.11,350.33,26,18,14
2024-02-05,Chirayu Medical College,10,0,0,1,2,29,17.01,397.64,28,8,12
2024-02-05,Chirayu Medical College,11,0,0,1,2,29,22.53,658.43,25,17,5
2024-02-05,Chirayu Medical College,12,0,0,1,2,15,10.67,191.28,7,16,6
2024-02-05,Chirayu Medical College,13,0,0,1,2,7,13.4,86.82,5,19,2
2024-02-05,Chirayu Medical College,14,0,0,1,2,20,18.34,344.97,8,8,18
2024-02-05,Chirayu Medical College,15,0,0,1,2,32,11.05,194.03,2,26,19
2024-02-05,Chirayu Medical College,16,0,0,1,2,36,7.44,233.54,11,17,11
2024-02-05,Chirayu Medical College,17,0,0,1,2,21,19.26,574.14,7,13,4
2024-02-05,People's Hospital,9,0,0,1,2,23,15.92,373.43,19,17,14
2024-02-05,People's Hospital,10,0,0,1,2,27,13.25,286.82,8,28,5
2024-02-05,People's Hospital,11,0,0,1,2,39,13.06,509.2,39,29,10
2024-02-05,People's Hospital,12,0,0,1,2,18,15.21,361.27,3,3,1
2024-02-05,People's Hospital,13,0,0,1,2,20,23.83,244.08,13,5,13
2024-02-05,People's Hospital,14,0,0,1,2,15,18.69,233.79,12,27,19
2024-02-05,People's Hospital,15,0,0,1,2,35,14.06,388.83,4,12,12
2024-02-05,People's Hospital,16,0,0,1,2,15,10.85,201.84,9,23,14
2024-02-05,People's Hospital,17,0,0,1,2,29,15.44,406.92,28,11,18
2024-02-05,Bhopal Memorial Hospital,9,0,0,1,2,15,14.33,174.52,11,13,4
2024-02-05,Bhopal Memorial Hospital,10,0,0,1,2,27,15.78,369.82,4,13,2
2024-02-05,Bhopal Memorial Hospital,11,0,0,1,2,39,18.75,630.57,16,27,8
2024-02-05,Bhopal Memorial Hospital,12,0,0,1,2,25,13.78,416.28,15,25,8
2024-02-05,Bhopal Memorial Hospital,13,0,0,1,2,15,9.39,114.14,3,19,9
2024-02-05,Bhopal Memorial Hospital,14,0,0,1,2,7,15.7,130.69,3,25,9
2024-02-05,Bhopal Memorial Hospital,15,0,0,1,2,23,17.21,380.0,21,12,15
2024-02-05,Bhopal Memorial Hospital,16,0,0,1,2,39,13.93,487.36,9,7,19
2024-02-05,Bhopal Memorial Hospital,17,0,0,1,2,23,16.95,343.39,8,3,6
2024-02-06,AIIMS Bhopal,9,1,0,0,2,17,15.37,267.85,12,26,16
2024-02-06,AIIMS Bhopal,10,1,0,0,2,31,10.39,371.99,6,14,4
2024-02-06,AIIMS Bhopal,11,1,0,0,2,31,13.48,492.2,28,18,5
2024-02-06,AIIMS Bhopal,12,1,0,0,2,24,10.43,256.75,13,3,2
2024-02-06,AIIMS Bhopal,13,1,0,0,2,12,15.43,210.01,3,11,19
2024-02-06,AIIMS Bhopal,14,1,0,0,2,7,12.79,75.94,4,21,0
2024-02-06,AIIMS Bhopal,15,1,0,0,2,24,20.28,391.04,12,24,1
2024-02-06,AIIMS Bhopal,16,1,0,0,2,26,8.09,136.4,17,5,8
2024-02-06,AIIMS Bhopal,17,1,0,0,2,25,22.52,511.02,18,30,2
2024-02-06,Hamidia Hospital,9,1,0,0,2,9,10.4,101.14,4,11,5
2024-02-06,Hamidia Hospital,10,1,0,0,2,19,15.86,396.33,6,4,19
2024-02-06,Hamidia Hospital,11,1,0,0,2,20,13.34,259.34,7,26,2
2024-02-06,Hamidia Hospital,12,1,0,0,2,12,13.6,161.53,4,10,18
2024-02-06,Hamidia Hospital,13,1,0,0,2,16,10.16,171.56,2,13,2
2024-02-06,Hamidia Hospital,14,1,0,0,2,9,10.72,99.31,8,9,3
2024-02-06,Hamidia Hospital,15,1,0,0,2,25,10.43,223.19,10,21,0
2024-02-06,Hamidia Hospital,16,1,0,0,2,27,16.25,406.08,15,27,6
2024-02-06,Hamidia Hospital,17,1,0,0,2,22,18.04,393.99,14,22,8
2024-02-06,Bansal Hospital,9,1,0,0,2,23,12.57,251.32,16,19,9
2024-02-06,Bansal Hospital,10,1,0,0,2,22,14.56,398.99,11,11,17
2024-02-06,Bansal Hospital,11,1,0,0,2,31,13.44,500.49,25,8,15
2024-02-06,Bansal Hospital,12,1,0,0,2,8,10.44,124.51,8,18,5
2024-02-06,Bansal Hospital,13,1,0,0,2,9,18.9,184.57,5,6,14
2024-02-06,Bansal Hospital,14,1,0,0,2,12,11.78,114.55,3,9,3
2024-02-06,Bansal Hospital,15,1,0,0,2,15,16.08,296.66,6,27,16
2024-02-06,Bansal Hospital,16,1,0,0,2,29,17.7,565.44,20,9,18
2024-02-06,Bansal Hospital,17,1,0,0,2,12,13.83,185.38,7,28,5
2024-02-06,Chirayu Medical College,9,1,0,0,2,13,13.2,158.78,9,18,19
2024-02-06,Chirayu Medical College,10,1,0,0,2,27,15.59,355.37,9,18,9
2024-02-06,Chirayu Medical College,11,1,0,0,2,24,17.21,471.85,12,29,10
2024-02-06,Chirayu Medical College,12,1,0,0,2,22,13.16,359.28,14,3,12
2024-02-06,Chirayu Medical College,13,1,0,0,2,6,18.66,107.9,2,17,8
2024-02-06,Chirayu Medical College,14,1,0,0,2,5,16.12,70.76,3,12,11
2024-02-06,Chirayu Medical College,15,1,0,0,2,8,11.91,125.65,6,20,17
2024-02-06,Chirayu Medical College,16,1,0,0,2,18,16.63,220.0,15,30,8
2024-02-06,Chirayu Medical College,17,1,0,0,2,11,17.11,198.26,8,26,18
2024-02-06,People's Hospital,9,1,0,0,2,23,24.25,477.58,22,15,15
2024-02-06,People's Hospital,10,1,0,0,2,19,13.97,336.69,13,4,3
2024-02-06,People's Hospital,11,1,0,0,2,11,12.94,124.79,6,17,9
2024-02-06,People's Hospital,12,1,0,0,2,11,6.88,81.15,2,13,13
2024-02-06,People's Hospital,13,1,0,0,2,8,18.75,121.5,4,20,2
2024-02-06,People's Hospital,14,1,0,0,2,15,15.16,286.62,13,24,8
2024-02-06,People's Hospital,15,1,0,0,2,25,11.74,284.13,1,7,2
2024-02-06,People's Hospital,16,1,0,0,2,23,18.65,407.39,15,26,6
2024-02-06,People's Hospital,17,1,0,0,2,13,13.76,201.99,6,13,6
2024-02-06,Bhopal Memorial Hospital,9,1,0,0,2,16,14.78,314.85,1,7,3
2024-02-06,Bhopal Memorial Hospital,10,1,0,0,2,27,8.5,266.07,26,4,16
2024-02-06,Bhopal Memorial Hospital,11,1,0,0,2,11,19.09,183.87,1,21,13
2024-02-06,Bhopal Memorial Hospital,12,1,0,0,2,9,22.87,184.92,6,28,17
2024-02-06,Bhopal Memorial Hospital,13,1,0,0,2,16,14.27,268.53,3,26,2
2024-02-06,Bhopal Memorial Hospital,14,1,0,0,2,7,21.88,144.53,5,8,16
2024-02-06,Bhopal Memorial Hospital,15,1,0,0,2,10,10.98,98.74,4,27,2
2024-02-06,Bhopal Memorial Hospital,16,1,0,0,2,27,16.85,362.16,24,7,10
2024-02-06,Bhopal Memorial Hospital,17,1,0,0,2,10,17.18,212.67,8,19,13
2024-02-07,AIIMS Bhopal,9,2,0,0,2,8,12.28,107.77,7,3,0
2024-02-07,AIIMS Bhopal,10,2,0,0,2,19,14.0,293.22,8,21,10
2024-02-07,AIIMS Bhopal,11,2,0,0,2,32,9.29,320.3,23,25,18
2024-02-07,AIIMS Bhopal,12,2,0,0,2,12,15.85,210.17,5,8,3
2024-02-07,AIIMS Bhopal,13,2,0,0,2,5,5.59,25.16,1,27,4
2024-02-07,AIIMS Bhopal,14,2,0,0,2,17,14.12,254.87,11,10,6
2024-02-07,AIIMS Bhopal,15,2,0,0,2,14,13.63,228.69,5,10,6
2024-02-07,AIIMS Bhopal,16,2,0,0,2,24,23.08,592.64,15,6,12
2024-02-07,AIIMS Bhopal,17,2,0,0,2,8,8.8,78.44,4,15,1
2024-02-07,Hamidia Hospital,9,2,0,0,2,22,12.53,289.57,13,21,3
2024-02-07,Hamidia Hospital,10,2,0,0,2,13,19.67,243.99,10,26,16
2024-02-07,Hamidia Hospital,11,2,0,0,2,14,16.43,256.93,8,26,19
2024-02-07,Hamidia Hospital,12,2,0,0,2,19,14.99,235.13,7,9,2
2024-02-07,Hamidia Hospital,13,2,0,0,2,16,13.04,233.42,4,17,0
2024-02-07,Hamidia Hospital,14,2,0,0,2,5,11.96,68.32,1,14,11
2024-02-07,Hamidia Hospital,15,2,0,0,2,17,17.21,239.11,10,10,2
2024-02-07,Hamidia Hospital,16,2,0,0,2,26,15.51,393.09,9,26,10
2024-02-07,Hamidia Hospital,17,2,0,0,2,9,16.92,170.09,1,7,16
2024-02-07,Bansal Hospital,9,2,0,0,2,12,17.87,251.67,1,4,19
2024-02-07,Bansal Hospital,10,2,0,0,2,18,18.93,266.09,12,22,13
2024-02-07,Bansal Hospital,11,2,0,0,2,16,12.83,217.71,5,26,5
2024-02-07,Bansal Hospital,12,2,0,0,2,19,16.4,290.87,6,3,15
2024-02-07,Bansal Hospital,13,2,0,0,2,9,13.07,148.53,5,22,10
2024-02-07,Bansal Hospital,14,2,0,0,2,5,15.75,64.9,4,4,4
2024-02-07,Bansal Hospital,15,2,0,0,2,21,18.73,415.3,20,26,16
2024-02-07,Bansal Hospital,16,2,0,0,2,16,15.38,253.21,8,5,13
2024-02-07,Bansal Hospital,17,2,0,0,2,10,18.46,211.81,7,30,17
2024-02-07,Chirayu Medical College,9,2,0,0,2,22,18.61,492.72,21,3,9
2024-02-07,Chirayu Medical College,10,2,0,0,2,29,6.52,204.64,5,13,17
2024-02-07,Chirayu Medical College,11,2,0,0,2,24,20.73,457.91,4,18,15
2024-02-07,Chirayu Medical College,12,2,0,0,2,14,18.38,301.37,13,7,7
2024-02-07,Chirayu Medical College,13,2,0,0,2,7,14.73,70.35,3,22,3
2024-02-07,Chirayu Medical College,14,2,0,0,2,10,15.38,173.24,5,13,14
2024-02-07,Chirayu Medical College,15,2,0,0,2,24,5.0,112.46,9,27,4
2024-02-07,Chirayu Medical College,16,2,0,0,2,23,9.81,256.8,19,26,1
2024-02-07,Chirayu Medical College,17,2,0,0,2,20,10.19,150.43,6,3,4
2024-02-07,People's Hospital,9,2,0,0,2,9,16.51,129.74,7,13,0
2024-02-07,People's Hospital,10,2,0,0,2,29,11.35,335.17,21,30,18
2024-02-07,People's Hospital,11,2,0,0,2,26,12.34,334.15,20,11,17
2024-02-07,People's Hospital,12,2,0,0,2,22,17.39,424.36,17,13,10
2024-02-07,People's Hospital,13,2,0,0,2,9,14.76,180.99,8,27,17
2024-02-07,People's Hospital,14,2,0,0,2,15,11.92,133.39,6,27,16
2024-02-07,People's Hospital,15,2,0,0,2,16,18.52,318.13,1,20,4
2024-02-07,People's Hospital,16,2,0,0,2,14,15.63,266.78,2,6,17
2024-02-07,People's Hospital,17,2,0,0,2,17,17.59,338.49,15,16,17
2024-02-07,Bhopal Memorial Hospital,9,2,0,0,2,10,25.44,225.85,3,15,16
2024-02-07,Bhopal Memorial Hospital,10,2,0,0,2,18,18.8,417.92,1,9,11
2024-02-07,Bhopal Memorial Hospital,11,2,0,0,2,31,13.15,379.97,28,19,16
2024-02-07,Bhopal Memorial Hospital,12,2,0,0,2,9,16.18,119.34,4,25,16
2024-02-07,Bhopal Memorial Hospital,13,2,0,0,2,9,13.71,131.38,3,23,19
2024-02-07,Bhopal Memorial Hospital,14,2,0,0,2,10,18.69,134.94,3,20,19
2024-02-07,Bhopal Memorial Hospital,15,2,0,0,2,21,17.03,312.77,13,12,12
2024-02-07,Bhopal Memorial Hospital,16,2,0,0,2,31,23.34,669.91,15,13,4
2024-02-07,Bhopal Memorial Hospital,17,2,0,0,2,17,18.04,306.84,10,9,19
2024-02-08,AIIMS Bhopal,9,3,0,0,2,10,18.83,202.38,3,18,5
2024-02-08,AIIMS Bhopal,10,3,0,0,2,19,13.17,268.89,14,15,18
2024-02-08,AIIMS Bhopal,11,3,0,0,2,18,15.03,320.87,8,11,4
2024-02-08,AIIMS Bhopal,12,3,0,0,2,20,19.68,484.15,5,9,14
2024-02-08,AIIMS Bhopal,13,3,0,0,2,8,11.83,66.35,1,23,3
2024-02-08,AIIMS Bhopal,14,3,0,0,2,16,14.3,248.58,16,10,14
2024-02-08,AIIMS Bhopal,15,3,0,0,2,17,17.19,226.65,15,7,2
2024-02-08,AIIMS Bhopal,16,3,0,0,2,23,21.92,330.22,2,15,8
2024-02-08,AIIMS Bhopal,17,3,0,0,2,11,12.06,112.62,3,25,15
2024-02-08,Hamidia Hospital,9,3,0,0,2,17,15.3,283.98,12,10,15
2024-02-08,Hamidia Hospital,10,3,0,0,2,27,9.97,305.58,25,11,8
2024-02-08,Hamidia Hospital,11,3,0,0,2,20,12.73,219.48,9,14,2
2024-02-08,Hamidia Hospital,12,3,0,0,2,8,20.83,202.46,4,21,15
2024-02-08,Hamidia Hospital,13,3,0,0,2,10,10.02,84.16,2,27,15
2024-02-08,Hamidia Hospital,14,3,0,0,2,17,10.95,156.31,17,30,12
2024-02-08,Hamidia Hospital,15,3,0,0,2,9,10.71,81.03,2,21,3
2024-02-08,Hamidia Hospital,16,3,0,0,2,14,17.89,242.77,10,24,19
2024-02-08,Hamidia Hospital,17,3,0,0,2,21,17.54,260.79,2,14,14
2024-02-08,Bansal Hospital,9,3,0,0,2,22,10.64,208.8,13,29,13
2024-02-08,Bansal Hospital,10,3,0,0,2,10,15.53,174.52,6,6,9
2024-02-08,Bansal Hospital,11,3,0,0,2,27,17.07,319.78,9,14,11
2024-02-08,Bansal Hospital,12,3,0,0,2,19,17.98,333.14,15,28,1
2024-02-08,Bansal Hospital,13,3,0,0,2,12,5.0,69.56,5,27,5
2024-02-08,Bansal Hospital,14,3,0,0,2,9,7.55,58.21,6,26,12
2024-02-08,Bansal Hospital,15,3,0,0,2,19,15.48,258.58,16,30,2
2024-02-08,Bansal Hospital,16,3,0,0,2,23,12.03,331.93,8,13,9
2024-02-08,Bansal Hospital,17,3,0,0,2,11,16.49,173.33,7,13,19
2024-02-08,Chirayu Medical College,9,3,0,0,2,23,10.7,182.47,7,11,15
2024-02-08,Chirayu Medical College,10,3,0,0,2,24,12.77,362.63,12,27,5
2024-02-08,Chirayu Medical College,11,3,0,0,2,16,14.14,246.01,10,19,17
2024-02-08,Chirayu Medical College,12,3,0,0,2,17,15.21,194.36,13,22,2
2024-02-08,Chirayu Medical College,13,3,0,0,2,9,20.25,214.11,7,30,8
2024-02-08,Chirayu Medical College,14,3,0,0,2,8,13.95,84.7,7,7,12
2024-02-08,Chirayu Medical College,15,3,0,0,2,11,18.67,149.92,5,22,18
2024-02-08,Chirayu Medical College,16,3,0,0,2,13,13.72,201.17,1,10,17
2024-02-08,Chirayu Medical College,17,3,0,0,2,12,13.42,138.61,8,10,7
2024-02-08,People's Hospital,9,3,0,0,2,15,18.05,229.53,13,9,4
2024-02-08,People's Hospital,10,3,0,0,2,10,12.0,179.43,10,18,14
2024-02-08,People's Hospital,11,3,0,0,2,27,5.0,101.47,7,16,5
2024-02-08,People's Hospital,12,3,0,0,2,24,10.09,209.06,13,26,8
2024-02-08,People's Hospital,13,3,0,0,2,13,16.03,177.62,6,14,7
2024-02-08,People's Hospital,14,3,0,0,2,12,13.45,158.15,12,7,10
2024-02-08,People's Hospital,15,3,0,0,2,15,16.49,184.88,2,28,16
2024-02-08,People's Hospital,16,3,0,0,2,29,13.16,373.84,27,22,7
2024-02-08,People's Hospital,17,3,0,0,2,19,13.83,188.77,18,29,7
2024-02-08,Bhopal Memorial Hospital,9,3,0,0,2,22,14.09,427.04,15,22,14
2024-02-08,Bhopal Memorial Hospital,10,3,0,0,2,29,13.77,383.53,6,3,17
2024-02-08,Bhopal Memorial Hospital,11,3,0,0,2,28,13.72,374.48,12,18,4
2024-02-08,Bhopal Memorial Hospital,12,3,0,0,2,10,14.39,134.27,5,21,8
2024-02-08,Bhopal Memorial Hospital,13,3,0,0,2,5,13.95,53.95,2,15,6
2024-02-08,Bhopal Memorial Hospital,14,3,0,0,2,15,12.73,245.86,5,13,7
2024-02-08,Bhopal Memorial Hospital,15,3,0,0,2,24,17.11,395.38,18,24,18
2024-02-08,Bhopal Memorial Hospital,16,3,0,0,2,23,21.92,300.51,2,25,11
2024-02-08,Bhopal Memorial Hospital,17,3,0,0,2,11,15.24,154.89,2,19,13
2024-02-09,AIIMS Bhopal,9,4,0,0,2,13,14.67,162.02,10,27,5
2024-02-09,AIIMS Bhopal,10,4,0,0,2,16,24.04,417.19,4,13,2
2024-02-09,AIIMS Bhopal,11,4,0,0,2,14,19.93,254.81,11,15,13
2024-02-09,AIIMS Bhopal,12,4,0,0,2,20,14.28,256.13,11,8,3
2024-02-09,AIIMS Bhopal,13,4,0,0,2,11,11.15,153.04,5,18,2
2024-02-09,AIIMS Bhopal,14,4,0,0,2,9,14.82,151.23,6,23,2
2024-02-09,AIIMS Bhopal,15,4,0,0,2,18,13.3,245.82,9,3,19
2024-02-09,AIIMS Bhopal,16,4,0,0,2,11,16.39,178.85,6,6,5
2024-02-09,AIIMS Bhopal,17,4,0,0,2,8,19.78,149.44,1,13,12
2024-02-09,Hamidia Hospital,9,4,0,0,2,17,23.55,430.41,12,30,2
2024-02-09,Hamidia Hospital,10,4,0,0,2,16,17.1,344.19,6,20,6
2024-02-09,Hamidia Hospital,11,4,0,0,2,24,19.97,562.55,5,22,11
2024-02-09,Hamidia Hospital,12,4,0,0,2,13,19.86,207.23,13,8,16
2024-02-09,Hamidia Hospital,13,4,0,0,2,8,16.71,106.99,1,20,3
2024-02-09,Hamidia Hospital,14,4,0,0,2,11,16.75,177.3,11,8,18
2024-02-09,Hamidia Hospital,15,4,0,0,2,24,15.91,412.22,7,22,4
2024-02-09,Hamidia Hospital,16,4,0,0,2,23,23.5,445.87,18,29,12
2024-02-09,Hamidia Hospital,17,4,0,0,2,22,20.58,406.41,3,13,7
2024-02-09,Bansal Hospital,9,4,0,0,2,19,21.41,567.24,16,9,12
2024-02-09,Bansal Hospital,10,4,0,0,2,11,9.39,139.07,8,28,18
2024-02-09,Bansal Hospital,11,4,0,0,2,14,16.01,208.1,11,13,16
2024-02-09,Bansal Hospital,12,4,0,0,2,25,8.33,198.85,21,9,9
2024-02-09,Bansal Hospital,13,4,0,0,2,12,19.48,293.42,5,23,13
2024-02-09,Bansal Hospital,14,4,0,0,2,14,13.48,194.88,1,18,3
2024-02-09,Bansal Hospital,15,4,0,0,2,18,9.91,160.08,10,18,9
2024-02-09,Bansal Hospital,16,4,0,0,2,11,13.85,150.83,2,12,18
2024-02-09,Bansal Hospital,17,4,0,0,2,25,16.61,479.03,2,20,0
2024-02-09,Chirayu Medical College,9,4,0,0,2,9,18.86,162.78,6,20,1
2024-02-09,Chirayu Medical College,10,4,0,0,2,27,14.65,299.4,6,19,11
2024-02-09,Chirayu Medical College,11,4,0,0,2,11,16.54,173.15,3,10,10
2024-02-09,Chirayu Medical College,12,4,0,0,2,10,13.95,107.72,10,23,19
2024-02-09,Chirayu Medical College,13,4,0,0,2,5,18.76,98.98,1,12,0
2024-02-09,Chirayu Medical College,14,4,0,0,2,10,10.22,63.91,6,8,12
2024-02-09,Chirayu Medical College,15,4,0,0,2,15,9.72,185.83,1,7,4
2024-02-09,Chirayu Medical College,16,4,0,0,2,19,12.77,216.66,14,24,18
2024-02-09,Chirayu Medical College,17,4,0,0,2,17,17.3,410.05,9,16,0
2024-02-09,People's Hospital,9,4,0,0,2,21,16.74,290.22,7,29,15
2024-02-09,People's Hospital,10,4,0,0,2,20,10.46,174.66,13,4,14
2024-02-09,People's Hospital,11,4,0,0,2,15,13.52,178.22,11,6,3
2024-02-09,People's Hospital,12,4,0,0,2,13,18.78,211.6,3,20,10
2024-02-09,People's Hospital,13,4,0,0,2,9,17.89,152.37,7,12,17
2024-02-09,People's Hospital,14,4,0,0,2,11,13.88,191.36,2,27,3
2024-02-09,People's Hospital,15,4,0,0,2,20,18.67,234.36,3,20,15
2024-02-09,People's Hospital,16,4,0,0,2,18,24.19,640.64,16,18,3
2024-02-09,People's Hospital,17,4,0,0,2,11,16.01,242.2,3,5,2
2024-02-09,Bhopal Memorial Hospital,9,4,0,0,2,15,11.46,184.81,12,7,14
2024-02-09,Bhopal Memorial Hospital,10,4,0,0,2,11,12.54,110.02,4,27,6
2024-02-09,Bhopal Memorial Hospital,11,4,0,0,2,23,15.65,363.29,5,13,8
2024-02-09,Bhopal Memorial Hospital,12,4,0,0,2,13,13.42,193.41,11,4,12
2024-02-09,Bhopal Memorial Hospital,13,4,0,0,2,14,16.9,268.85,2,10,5
2024-02-09,Bhopal Memorial Hospital,14,4,0,0,2,9,11.72,134.35,1,30,14
2024-02-09,Bhopal Memorial Hospital,15,4,0,0,2,10,18.01,139.38,5,20,5
2024-02-09,Bhopal Memorial Hospital,16,4,0,0,2,15,11.66,165.91,2,24,2
2024-02-09,Bhopal Memorial Hospital,17,4,0,0,2,21,14.25,298.06,6,26,10
2024-02-10,AIIMS Bhopal,9,5,1,0,2,11,23.36,283.45,11,10,0
2024-02-10,AIIMS Bhopal,10,5,1,0,2,15,16.39,246.18,7,27,18
2024-02-10,AIIMS Bhopal,11,5,1,0,2,7,19.22,98.87,1,21,17
2024-02-10,AIIMS Bhopal,12,5,1,0,2,6,22.4,140.61,4,21,12
2024-02-10,AIIMS Bhopal,13,5,1,0,2,7,13.44,76.99,6,10,15
2024-02-10,AIIMS Bhopal,14,5,1,0,2,6,8.31,74.33,4,18,4
2024-02-10,AIIMS Bhopal,15,5,1,0,2,13,11.32,140.83,3,12,5
2024-02-10,AIIMS Bhopal,16,5,1,0,2,15,23.27,348.25,6,26,0
2024-02-10,AIIMS Bhopal,17,5,1,0,2,12,15.76,169.31,8,16,17
2024-02-10,Hamidia Hospital,9,5,1,0,2,9,17.06,152.3,6,9,12
2024-02-10,Hamidia Hospital,10,5,1,0,2,15,18.31,233.87,8,17,12
2024-02-10,Hamidia Hospital,11,5,1,0,2,16,12.67,230.03,13,7,16
2024-02-10,Hamidia Hospital,12,5,1,0,2,8,15.16,159.56,4,30,19
2024-02-10,Hamidia Hospital,13,5,1,0,2,7,19.09,113.86,7,28,13
2024-02-10,Hamidia Hospital,14,5,1,0,2,7,13.29,82.87,2,18,3
2024-02-10,Hamidia Hospital,15,5,1,0,2,15,13.05,168.73,14,27,19
2024-02-10,Hamidia Hospital,16,5,1,0,2,15,17.66,276.51,9,8,12
2024-02-10,Hamidia Hospital,17,5,1,0,2,14,6.29,105.53,1,25,6
2024-02-10,Bansal Hospital,9,5,1,0,2,12,12.76,145.35,12,24,18
2024-02-10,Bansal Hospital,10,5,1,0,2,9,11.7,83.9,4,7,13
2024-02-10,Bansal Hospital,11,5,1,0,2,13,7.11,99.67,3,27,15
2024-02-10,Bansal Hospital,12,5,1,0,2,10,9.78,76.55,9,26,1
2024-02-10,Bansal Hospital,13,5,1,0,2,4,15.39,56.49,1,30,1
2024-02-10,Bansal Hospital,14,5,1,0,2,7,17.08,103.01,3,9,4
2024-02-10,Bansal Hospital,15,5,1,0,2,8,14.48,123.82,6,21,14
2024-02-10,Bansal Hospital,16,5,1,0,2,16,13.69,242.09,10,6,17
2024-02-10,Bansal Hospital,17,5,1,0,2,7,16.87,110.14,4,6,17
2024-02-10,Chirayu Medical College,9,5,1,0,2,12,17.76,258.48,8,25,8
2024-02-10,Chirayu Medical College,10,5,1,0,2,11,20.84,219.12,3,17,3
2024-02-10,Chirayu Medical College,11,5,1,0,2,6,17.58,121.03,4,18,5
2024-02-10,Chirayu Medical College,12,5,1,0,2,4,5.0,13.88,3,17,18
2024-02-10,Chirayu Medical College,13,5,1,0,2,4,14.24,57.71,4,24,18
2024-02-10,Chirayu Medical College,14,5,1,0,2,7,23.94,102.05,3,5,5
2024-02-10,Chirayu Medical College,15,5,1,0,2,7,10.72,59.17,2,6,6
2024-02-10,Chirayu Medical College,16,5,1,0,2,13,13.13,229.19,13,5,11
2024-02-10,Chirayu Medical College,17,5,1,0,2,13,23.38,316.75,7,8,11
2024-02-10,People's Hospital,9,5,1,0,2,9,16.16,167.44,9,3,15
2024-02-10,People's Hospital,10,5,1,0,2,13,16.09,201.48,4,25,9
2024-02-10,People's Hospital,11,5,1,0,2,11,10.96,128.62,1,11,14
2024-02-10,People's Hospital,12,5,1,0,2,6,14.5,90.79,5,3,18
2024-02-10,People's Hospital,13,5,1,0,2,2,14.13,31.83,2,15,12
2024-02-10,People's Hospital,14,5,1,0,2,3,13.93,35.54,2,13,11
2024-02-10,People's Hospital,15,5,1,0,2,14,19.24,194.38,7,25,10
2024-02-10,People's Hospital,16,5,1,0,2,9,20.97,167.6,9,9,15
2024-02-10,People's Hospital,17,5,1,0,2,10,14.07,202.67,2,28,10
2024-02-10,Bhopal Memorial Hospital,9,5,1,0,2,14,15.68,213.82,3,28,3
2024-02-10,Bhopal Memorial Hospital,10,5,1,0,2,11,18.45,220.67,3,21,7
2024-02-10,Bhopal Memorial Hospital,11,5,1,0,2,7,15.36,105.29,1,26,10
2024-02-10,Bhopal Memorial Hospital,12,5,1,0,2,6,18.12,134.06,4,23,10
2024-02-10,Bhopal Memorial Hospital,13,5,1,0,2,4,13.97,53.4,2,9,2
2024-02-10,Bhopal Memorial Hospital,14,5,1,0,2,4,23.25,117.92,1,16,7
2024-02-10,Bhopal Memorial Hospital,15,5,1,0,2,8,16.55,135.71,6,23,16
2024-02-10,Bhopal Memorial Hospital,16,5,1,0,2,10,12.38,126.24,8,22,5
2024-02-10,Bhopal Memorial Hospital,17,5,1,0,2,13,13.58,228.0,1,17,5
2024-02-11,AIIMS Bhopal,9,6,1,0,2,14,17.49,246.01,4,11,4
2024-02-11,AIIMS Bhopal,10,6,1,0,2,19,12.69,226.92,4,25,2
2024-02-11,AIIMS Bhopal,11,6,1,0,2,10,16.36,190.16,4,8,12
2024-02-11,AIIMS Bhopal,12,6,1,0,2,10,11.18,95.97,5,9,13
2024-02-11,AIIMS Bhopal,13,6,1,0,2,6,17.94,76.31,5,3,8
2024-02-11,AIIMS Bhopal,14,6,1,0,2,7,15.04,97.58,1,18,11
2024-02-11,AIIMS Bhopal,15,6,1,0,2,5,9.62,35.94,1,24,14
2024-02-11,AIIMS Bhopal,16,6,1,0,2,5,20.93,100.17,3,21,11
2024-02-11,AIIMS Bhopal,17,6,1,0,2,6,9.15,47.46,3,17,11
2024-02-11,Hamidia Hospital,9,6,1,0,2,13,12.68,185.08,8,13,17
2024-02-11,Hamidia Hospital,10,6,1,0,2,10,15.34,171.93,6,16,14
2024-02-11,Hamidia Hospital,11,6,1,0,2,16,11.79,248.64,13,17,14
2024-02-11,Hamidia Hospital,12,6,1,0,2,13,18.76,309.19,7,16,0
2024-02-11,Hamidia Hospital,13,6,1,0,2,4,15.93,51.6,2,15,11
2024-02-11,Hamidia Hospital,14,6,1,0,2,2,8.24,18.92,1,7,18
2024-02-11,Hamidia Hospital,15,6,1,0,2,7,15.15,109.82,4,7,8
2024-02-11,Hamidia Hospital,16,6,1,0,2,13,16.51,262.33,3,12,17
2024-02-11,Hamidia Hospital,17,6,1,0,2,9,15.64,172.99,8,16,13
2024-02-11,Bansal Hospital,9,6,1,0,2,7,9.1,65.17,3,6,2
2024-02-11,Bansal Hospital,10,6,1,0,2,13,13.51,129.36,3,10,16
2024-02-11,Bansal Hospital,11,6,1,0,2,16,16.37,210.64,1,12,5
2024-02-11,Bansal Hospital,12,6,1,0,2,10,10.86,84.47,7,22,3
2024-02-11,Bansal Hospital,13,6,1,0,2,4,11.41,44.09,3,28,4
2024-02-11,Bansal Hospital,14,6,1,0,2,7,10.85,69.05,1,17,11
2024-02-11,Bansal Hospital,15,6,1,0,2,12,15.24,270.74,12,10,10
2024-02-11,Bansal Hospital,16,6,1,0,2,16,16.17,194.59,11,25,6
2024-02-11,Bansal Hospital,17,6,1,0,2,7,21.81,141.23,5,10,18
2024-02-11,Chirayu Medical College,9,6,1,0,2,9,16.17,125.24,8,3,10
2024-02-11,Chirayu Medical College,10,6,1,0,2,18,17.88,278.72,5,22,10
2024-02-11,Chirayu Medical College,11,6,1,0,2,7,10.62,71.29,6,11,2
2024-02-11,Chirayu Medical College,12,6,1,0,2,13,12.99,182.95,13,11,4
2024-02-11,Chirayu Medical College,13,6,1,0,2,7,15.8,104.32,2,10,0
2024-02-11,Chirayu Medical College,14,6,1,0,2,7,11.55,98.57,5,7,8
2024-02-11,Chirayu Medical College,15,6,1,0,2,10,11.54,117.35,9,9,6
2024-02-11,Chirayu Medical College,16,6,1,0,2,7,14.6,109.13,2,19,16
2024-02-11,Chirayu Medical College,17,6,1,0,2,10,15.04,179.65,1,12,8
2024-02-11,People's Hospital,9,6,1,0,2,8,15.56,128.9,7,5,11
2024-02-11,People's Hospital,10,6,1,0,2,16,17.03,103.12,15,23,12
2024-02-11,People's Hospital,11,6,1,0,2,19,17.39,390.18,11,6,8
2024-02-11,People's Hospital,12,6,1,0,2,13,13.98,237.94,8,12,5
2024-02-11,People's Hospital,13,6,1,0,2,4,14.67,60.64,1,30,10
2024-02-11,People's Hospital,14,6,1,0,2,10,12.81,130.14,7,20,0
2024-02-11,People's Hospital,15,6,1,0,2,12,12.57,126.73,6,22,1
2024-02-11,People's Hospital,16,6,1,0,2,13,11.98,202.62,1,19,1
2024-02-11,People's Hospital,17,6,1,0,2,7,5.85,41.35,2,7,3
2024-02-11,Bhopal Memorial Hospital,9,6,1,0,2,14,18.28,325.13,2,27,11
2024-02-11,Bhopal Memorial Hospital,10,6,1,0,2,14,12.83,211.13,13,5,15
2024-02-11,Bhopal Memorial Hospital,11,6,1,0,2,15,10.32,144.19,11,28,12
2024-02-11,Bhopal Memorial Hospital,12,6,1,0,2,7,13.35,91.02,2,17,5
2024-02-11,Bhopal Memorial Hospital,13,6,1,0,2,4,15.65,37.44,2,10,1
2024-02-11,Bhopal Memorial Hospital,14,6,1,0,2,10,20.67,215.74,4,18,1
2024-02-11,Bhopal Memorial Hospital,15,6,1,0,2,5,15.56,88.93,2,30,4
2024-02-11,Bhopal Memorial Hospital,16,6,1,0,2,18,13.33,282.91,13,3,16
2024-02-11,Bhopal Memorial Hospital,17,6,1,0,2,10,9.05,91.85,7,20,2
2024-02-12,AIIMS Bhopal,9,0,0,1,2,12,15.33,193.49,4,21,15
2024-02-12,AIIMS Bhopal,10,0,0,1,2,14,14.04,209.65,6,19,5
2024-02-12,AIIMS Bhopal,11,0,0,1,2,36,16.15,721.58,19,11,17
2024-02-12,AIIMS Bhopal,12,0,0,1,2,26,12.64,326.11,7,27,19
2024-02-12,AIIMS Bhopal,13,0,0,1,2,15,13.2,228.35,5,15,3
2024-02-12,AIIMS Bhopal,14,0,0,1,2,16,10.85,184.96,13,9,5
2024-02-12,AIIMS Bhopal,15,0,0,1,2,15,21.98,360.58,12,30,6
2024-02-12,AIIMS Bhopal,16,0,0,1,2,24,15.4,249.23,10,29,6
2024-02-12,AIIMS Bhopal,17,0,0,1,2,23,14.14,341.93,21,10,18
2024-02-12,Hamidia Hospital,9,0,0,1,2,22,15.18,348.35,1,9,5
2024-02-12,Hamidia Hospital,10,0,0,1,2,32,17.62,826.97,25,26,10
2024-02-12,Hamidia Hospital,11,0,0,1,2,39,20.4,774.3,11,18,15
2024-02-12,Hamidia Hospital,12,0,0,1,2,35,9.15,255.25,16,5,19
2024-02-12,Hamidia Hospital,13,0,0,1,2,10,20.85,154.33,10,4,0
2024-02-12,Hamidia Hospital,14,0,0,1,2,15,18.08,251.59,7,26,18
2024-02-12,Hamidia Hospital,15,0,0,1,2,18,18.14,362.39,7,16,11
2024-02-12,Hamidia Hospital,16,0,0,1,2,18,13.91,321.99,10,27,1
2024-02-12,Hamidia Hospital,17,0,0,1,2,15,14.0,241.0,15,28,6
2024-02-12,Bansal Hospital,9,0,0,1,2,15,20.78,261.73,11,28,0
2024-02-12,Bansal Hospital,10,0,0,1,2,41,15.89,708.25,16,17,18
2024-02-12,Bansal Hospital,11,0,0,1,2,45,14.88,697.73,37,18,2
2024-02-12,Bansal Hospital,12,0,0,1,2,16,15.87,303.78,13,3,1
2024-02-12,Bansal Hospital,13,0,0,1,2,22,10.92,262.34,6,3,18
2024-02-12,Bansal Hospital,14,0,0,1,2,8,9.39,43.46,5,25,9
2024-02-12,Bansal Hospital,15,0,0,1,2,32,15.92,586.41,18,30,6
2024-02-12,Bansal Hospital,16,0,0,1,2,27,12.3,219.6,21,4,18
2024-02-12,Bansal Hospital,17,0,0,1,2,29,9.19,236.45,26,10,1
2024-02-12,Chirayu Medical College,9,0,0,1,2,23,11.45,317.06,15,29,15
2024-02-12,Chirayu Medical College,10,0,0,1,2,45,18.02,1014.72,24,26,17
2024-02-12,Chirayu Medical College,11,0,0,1,2,45,18.97,1074.54,23,16,5
2024-02-12,Chirayu Medical College,12,0,0,1,2,28,7.04,278.59,25,12,4
2024-02-12,Chirayu Medical College,13,0,0,1,2,22,13.16,236.54,14,5,19
2024-02-12,Chirayu Medical College,14,0,0,1,2,15,17.7,233.8,6,23,14
2024-02-12,Chirayu Medical College,15,0,0,1,2,30,15.19,274.34,6,4,10
2024-02-12,Chirayu Medical College,16,0,0,1,2,42,24.93,753.98,10,22,10
2024-02-12,Chirayu Medical College,17,0,0,1,2,35,10.56,279.06,9,29,6
2024-02-12,People's Hospital,9,0,0,1,2,28,18.63,575.07,4,19,17
2024-02-12,People's Hospital,10,0,0,1,2,15,9.8,142.33,5,20,5
2024-02-12,People's Hospital,11,0,0,1,2,27,12.16,222.56,16,6,10
2024-02-12,People's Hospital,12,0,0,1,2,26,11.17,273.08,22,29,12
2024-02-12,People's Hospital,13,0,0,1,2,14,9.11,107.73,12,27,3
2024-02-12,People's Hospital,14,0,0,1,2,14,12.21,141.86,14,25,6
2024-02-12,People's Hospital,15,0,0,1,2,11,23.27,171.92,2,18,4
2024-02-12,People's Hospital,16,0,0,1,2,18,13.84,209.0,13,12,6
2024-02-12,People's Hospital,17,0,0,1,2,35,8.64,188.86,13,3,0
2024-02-12,Bhopal Memorial Hospital,9,0,0,1,2,11,14.23,176.94,11,5,2
2024-02-12,Bhopal Memorial Hospital,10,0,0,1,2,28,13.08,376.93,12,24,12
2024-02-12,Bhopal Memorial Hospital,11,0,0,1,2,14,13.91,163.6,7,14,6
2024-02-12,Bhopal Memorial Hospital,12,0,0,1,2,23,10.19,261.54,16,23,19
2024-02-12,Bhopal Memorial Hospital,13,0,0,1,2,8,10.27,41.41,8,13,11
2024-02-12,Bhopal Memorial Hospital,14,0,0,1,2,7,14.84,127.36,7,15,17
2024-02-12,Bhopal Memorial Hospital,15,0,0,1,2,15,10.29,173.6,15,14,15
2024-02-12,Bhopal Memorial Hospital,16,0,0,1,2,14,7.52,142.29,13,5,15
2024-02-12,Bhopal Memorial Hospital,17,0,0,1,2,22,13.4,288.09,21,6,14
2024-02-13,AIIMS Bhopal,9,1,0,0,2,20,14.98,255.1,16,4,10
2024-02-13,AIIMS Bhopal,10,1,0,0,2,22,9.1,179.84,15,9,19
2024-02-13,AIIMS Bhopal,11,1,0,0,2,27,20.02,632.76,19,30,0
2024-02-13,AIIMS Bhopal,12,1,0,0,2,24,10.56,273.95,15,11,18
2024-02-13,AIIMS Bhopal,13,1,0,0,2,14,16.57,177.47,12,4,8
2024-02-13,AIIMS Bhopal,14,1,0,0,2,7,13.51,73.76,4,12,5
2024-02-13,AIIMS Bhopal,15,1,0,0,2,9,14.1,148.96,2,24,4
2024-02-13,AIIMS Bhopal,16,1,0,0,2,13,16.45,260.72,1,15,5
2024-02-13,AIIMS Bhopal,17,1,0,0,2,20,17.44,360.96,11,30,18
2024-02-13,Hamidia Hospital,9,1,0,0,2,23,15.58,435.32,23,6,3
2024-02-13,Hamidia Hospital,10,1,0,0,2,16,19.21,384.87,1,17,15
2024-02-13,Hamidia Hospital,11,1,0,0,2,24,16.17,308.89,23,19,11
2024-02-13,Hamidia Hospital,12,1,0,0,2,25,18.56,529.06,9,16,17
2024-02-13,Hamidia Hospital,13,1,0,0,2,14,16.56,239.93,11,14,15
2024-02-13,Hamidia Hospital,14,1,0,0,2,14,12.02,167.11,3,6,0
2024-02-13,Hamidia Hospital,15,1,0,0,2,13,17.2,238.49,4,17,17
2024-02-13,Hamidia Hospital,16,1,0,0,2,24,10.73,236.87,22,8,18
2024-02-13,Hamidia Hospital,17,1,0,0,2,21,15.85,345.48,7,7,9
2024-02-13,Bansal Hospital,9,1,0,0,2,12,14.92,143.36,6,4,16
2024-02-13,Bansal Hospital,10,1,0,0,2,10,19.5,232.55,10,19,0
2024-02-13,Bansal Hospital,11,1,0,0,2,22,16.59,337.85,8,30,15
2024-02-13,Bansal Hospital,12,1,0,0,2,14,16.71,283.08,8,9,3
2024-02-13,Bansal Hospital,13,1,0,0,2,9,10.68,113.79,9,30,2
2024-02-13,Bansal Hospital,14,1,0,0,2,8,11.07,58.2,3,30,2
2024-02-13,Bansal Hospital,15,1,0,0,2,23,5.0,109.29,19,8,7
2024-02-13,Bansal Hospital,16,1,0,0,2,27,17.03,386.08,8,29,8
2024-02-13,Bansal Hospital,17,1,0,0,2,21,18.96,429.13,11,27,12
2024-02-13,Chirayu Medical College,9,1,0,0,2,8,17.27,179.82,6,15,14
2024-02-13,Chirayu Medical College,10,1,0,0,2,19,14.98,254.94,17,16,5
2024-02-13,Chirayu Medical College,11,1,0,0,2,19,12.32,211.66,3,16,19
2024-02-13,Chirayu Medical College,12,1,0,0,2,8,10.54,95.08,3,27,1
2024-02-13,Chirayu Medical College,13,1,0,0,2,13,14.44,217.81,11,28,10
2024-02-13,Chirayu Medical College,14,1,0,0,2,11,17.82,150.2,5,30,15
2024-02-13,Chirayu Medical College,15,1,0,0,2,24,8.29,204.03,23,21,17
2024-02-13,Chirayu Medical College,16,1,0,0,2,15,13.29,202.61,8,13,17
2024-02-13,Chirayu Medical College,17,1,0,0,2,24,13.93,318.14,21,11,8
2024-02-13,People's Hospital,9,1,0,0,2,17,12.62,197.21,11,10,18
2024-02-13,People's Hospital,10,1,0,0,2,18,13.01,266.91,11,19,13
2024-02-13,People's Hospital,11,1,0,0,2,20,14.63,353.9,7,27,19
2024-02-13,People's Hospital,12,1,0,0,2,12,16.97,144.76,4,24,11
2024-02-13,People's Hospital,13,1,0,0,2,17,12.44,202.19,15,21,16
2024-02-13,People's Hospital,14,1,0,0,2,9,19.75,215.96,5,23,7
2024-02-13,People's Hospital,15,1,0,0,2,14,10.38,121.47,6,8,15
2024-02-13,People's Hospital,16,1,0,0,2,24,15.13,446.56,9,21,14
2024-02-13,People's Hospital,17,1,0,0,2,25,13.33,376.27,3,11,3
2024-02-13,Bhopal Memorial Hospital,9,1,0,0,2,20,19.44,182.72,1,5,6
2024-02-13,Bhopal Memorial Hospital,10,1,0,0,2,20,18.96,342.6,18,21,8
2024-02-13,Bhopal Memorial Hospital,11,1,0,0,2,31,12.57,368.3,2,16,15
2024-02-13,Bhopal Memorial Hospital,12,1,0,0,2,11,11.09,125.53,2,7,5
2024-02-13,Bhopal Memorial Hospital,13,1,0,0,2,7,10.37,92.56,1,4,2
2024-02-13,Bhopal Memorial Hospital,14,1,0,0,2,11,18.87,239.63,3,28,3
2024-02-13,Bhopal Memorial Hospital,15,1,0,0,2,21,17.36,511.94,19,4,0
2024-02-13,Bhopal Memorial Hospital,16,1,0,0,2,14,12.07,209.32,5,12,13
2024-02-13,Bhopal Memorial Hospital,17,1,0,0,2,15,15.68,299.98,10,27,8
2024-02-14,AIIMS Bhopal,9,2,0,0,2,25,13.22,369.15,1,20,18
2024-02-14,AIIMS Bhopal,10,2,0,0,2,23,15.19,306.6,13,9,17
2024-02-14,AIIMS Bhopal,11,2,0,0,2,10,16.68,162.66,10,11,15
2024-02-14,AIIMS Bhopal,12,2,0,0,2,11,21.37,286.5,4,10,14
2024-02-14,AIIMS Bhopal,13,2,0,0,2,9,21.95,142.11,5,6,0
2024-02-14,AIIMS Bhopal,14,2,0,0,2,10,12.97,105.29,10,30,12
2024-02-14,AIIMS Bhopal,15,2,0,0,2,22,15.42,369.61,3,16,14
2024-02-14,AIIMS Bhopal,16,2,0,0,2,28,19.9,746.4,28,22,12
2024-02-14,AIIMS Bhopal,17,2,0,0,2,8,11.92,91.47,8,16,16
2024-02-14,Hamidia Hospital,9,2,0,0,2,18,12.94,282.22,13,29,14
2024-02-14,Hamidia Hospital,10,2,0,0,2,18,10.65,234.44,13,8,12
2024-02-14,Hamidia Hospital,11,2,0,0,2,18,15.75,335.31,9,10,9
2024-02-14,Hamidia Hospital,12,2,0,0,2,15,9.04,173.83,1,24,18
2024-02-14,Hamidia Hospital,13,2,0,0,2,10,14.11,132.9,1,15,18
2024-02-14,Hamidia Hospital,14,2,0,0,2,13,14.48,194.2,7,26,14
2024-02-14,Hamidia Hospital,15,2,0,0,2,21,17.6,399.74,8,11,11
2024-02-14,Hamidia Hospital,16,2,0,0,2,20,12.59,255.95,19,23,16
2024-02-14,Hamidia Hospital,17,2,0,0,2,24,17.85,274.45,13,14,1
2024-02-14,Bansal Hospital,9,2,0,0,2,15,22.52,418.23,2,22,17
2024-02-14,Bansal Hospital,10,2,0,0,2,11,14.99,205.12,5,17,4
2024-02-14,Bansal Hospital,11,2,0,0,2,22,17.69,454.01,6,10,13
2024-02-14,Bansal Hospital,12,2,0,0,2,17,15.74,284.88,3,22,1
2024-02-14,Bansal Hospital,13,2,0,0,2,9,13.93,152.79,7,8,7
2024-02-14,Bansal Hospital,14,2,0,0,2,5,15.94,69.86,1,5,3
2024-02-14,Bansal Hospital,15,2,0,0,2,16,16.03,227.12,4,27,14
2024-02-14,Bansal Hospital,16,2,0,0,2,32,15.44,336.0,10,20,5
2024-02-14,Bansal Hospital,17,2,0,0,2,15,15.82,196.26,3,27,8
2024-02-14,Chirayu Medical College,9,2,0,0,2,24,16.83,316.05,2,15,4
2024-02-14,Chirayu Medical College,10,2,0,0,2,16,17.22,285.15,5,10,19
2024-02-14,Chirayu Medical College,11,2,0,0,2,24,12.11,269.47,8,17,5
2024-02-14,Chirayu Medical College,12,2,0,0,2,11,14.46,140.62,10,27,1
2024-02-14,Chirayu Medical College,13,2,0,0,2,7,17.15,118.65,3,17,16
2024-02-14,Chirayu Medical College,14,2,0,0,2,16,13.24,173.64,13,19,14
2024-02-14,Chirayu Medical College,15,2,0,0,2,24,11.69,341.2,23,29,12
2024-02-14,Chirayu Medical College,16,2,0,0,2,20,10.95,212.43,17,30,15
2024-02-14,Chirayu Medical College,17,2,0,0,2,12,15.92,166.55,10,14,9
2024-02-14,People's Hospital,9,2,0,0,2,11,11.73,112.81,7,12,11
2024-02-14,People's Hospital,10,2,0,0,2,10,13.95,156.56,1,9,13
2024-02-14,People's Hospital,11,2,0,0,2,15,9.92,161.06,13,26,4
2024-02-14,People's Hospital,12,2,0,0,2,17,13.24,240.15,8,17,8
2024-02-14,People's Hospital,13,2,0,0,2,16,9.91,188.11,12,9,14
2024-02-14,People's Hospital,14,2,0,0,2,8,13.88,114.67,3,23,3
2024-02-14,People's Hospital,15,2,0,0,2,17,12.39,238.44,13,23,13
2024-02-14,People's Hospital,16,2,0,0,2,13,11.95,138.48,9,20,15
2024-02-14,People's Hospital,17,2,0,0,2,9,22.38,168.68,8,5,11
2024-02-14,Bhopal Memorial Hospital,9,2,0,0,2,18,18.14,464.86,6,3,3
2024-02-14,Bhopal Memorial Hospital,10,2,0,0,2,15,14.82,165.21,1,3,16
2024-02-14,Bhopal Memorial Hospital,11,2,0,0,2,18,12.37,191.32,15,15,10
2024-02-14,Bhopal Memorial Hospital,12,2,0,0,2,22,12.97,326.84,12,4,16
2024-02-14,Bhopal Memorial Hospital,13,2,0,0,2,7,20.02,108.55,4,27,16
2024-02-14,Bhopal Memorial Hospital,14,2,0,0,2,6,12.47,58.51,6,21,16
2024-02-14,Bhopal Memorial Hospital,15,2,0,0,2,10,17.31,172.91,7,13,14
2024-02-14,Bhopal Memorial Hospital,16,2,0,0,2,20,19.19,486.05,7,5,19
2024-02-14,Bhopal Memorial Hospital,17,2,0,0,2,20,14.55,331.41,2,12,0
2024-02-15,AIIMS Bhopal,9,3,0,0,2,12,16.77,250.4,7,28,4
2024-02-15,AIIMS Bhopal,10,3,0,0,2,27,12.06,311.13,7,3,2
2024-02-15,AIIMS Bhopal,11,3,0,0,2,16,16.99,238.67,16,28,2
2024-02-15,AIIMS Bhopal,12,3,0,0,2,15,5.0,83.37,15,24,15
2024-02-15,AIIMS Bhopal,13,3,0,0,2,7,18.89,146.36,3,22,11
2024-02-15,AIIMS Bhopal,14,3,0,0,2,16,17.97,275.33,11,23,10
2024-02-15,AIIMS Bhopal,15,3,0,0,2,24,18.38,551.98,23,21,16
2024-02-15,AIIMS Bhopal,16,3,0,0,2,20,17.4,234.65,8,10,0
2024-02-15,AIIMS Bhopal,17,3,0,0,2,21,11.45,244.96,17,12,15
2024-02-15,Hamidia Hospital,9,3,0,0,2,20,20.08,435.61,9,6,4
2024-02-15,Hamidia Hospital,10,3,0,0,2,32,16.15,695.32,16,17,4
2024-02-15,Hamidia Hospital,11,3,0,0,2,14,13.46,146.1,7,26,12
2024-02-15,Hamidia Hospital,12,3,0,0,2,21,11.92,233.15,8,8,19
2024-02-15,Hamidia Hospital,13,3,0,0,2,16,20.59,298.58,11,4,13
2024-02-15,Hamidia Hospital,14,3,0,0,2,14,15.92,199.22,8,3,10
2024-02-15,Hamidia Hospital,15,3,0,0,2,19,17.16,358.38,16,15,18
2024-02-15,Hamidia Hospital,16,3,0,0,2,18,8.55,187.54,10,10,19
2024-02-15,Hamidia Hospital,17,3,0,0,2,13,12.22,195.61,10,15,2
2024-02-15,Bansal Hospital,9,3,0,0,2,11,21.21,274.31,1,7,17
2024-02-15,Bansal Hospital,10,3,0,0,2,27,13.24,358.97,26,28,4
2024-02-15,Bansal Hospital,11,3,0,0,2,11,17.5,192.83,3,12,11
2024-02-15,Bansal Hospital,12,3,0,0,2,19,14.14,248.76,6,12,10
2024-02-15,Bansal Hospital,13,3,0,0,2,7,20.13,149.95,1,22,0
2024-02-15,Bansal Hospital,14,3,0,0,2,9,17.1,90.27,8,6,8
2024-02-15,Bansal Hospital,15,3,0,0,2,17,11.34,161.55,10,7,2
2024-02-15,Bansal Hospital,16,3,0,0,2,28,12.56,317.95,21,27,16
2024-02-15,Bansal Hospital,17,3,0,0,2,11,12.15,134.12,5,4,12
2024-02-15,Chirayu Medical College,9,3,0,0,2,18,11.86,156.89,15,14,16
2024-02-15,Chirayu Medical College,10,3,0,0,2,22,13.31,380.86,13,16,7
2024-02-15,Chirayu Medical College,11,3,0,0,2,22,13.62,263.98,15,7,4
2024-02-15,Chirayu Medical College,12,3,0,0,2,9,19.67,199.64,2,7,3
2024-02-15,Chirayu Medical College,13,3,0,0,2,15,19.5,359.2,5,27,10
2024-02-15,Chirayu Medical College,14,3,0,0,2,12,9.4,95.67,7,16,3
2024-02-15,Chirayu Medical College,15,3,0,0,2,25,14.56,302.74,23,9,15
2024-02-15,Chirayu Medical College,16,3,0,0,2,11,12.38,156.63,6,5,1
2024-02-15,Chirayu Medical College,17,3,0,0,2,9,18.91,118.57,7,8,15
2024-02-15,People's Hospital,9,3,0,0,2,22,12.81,234.18,11,17,4
2024-02-15,People's Hospital,10,3,0,0,2,23,14.81,233.94,22,13,18
2024-02-15,People's Hospital,11,3,0,0,2,16,21.99,357.54,9,16,2
2024-02-15,People's Hospital,12,3,0,0,2,23,17.56,352.52,2,7,7
2024-02-15,People's Hospital,13,3,0,0,2,16,7.03,78.16,7,26,5
2024-02-15,People's Hospital,14,3,0,0,2,14,15.53,218.82,6,25,10
2024-02-15,People's Hospital,15,3,0,0,2,19,14.02,287.78,17,9,6
2024-02-15,People's Hospital,16,3,0,0,2,15,12.09,227.61,12,26,16
2024-02-15,People's Hospital,17,3,0,0,2,16,6.76,99.41,7,16,1
2024-02-15,Bhopal Memorial Hospital,9,3,0,0,2,22,20.21,418.13,10,20,14
2024-02-15,Bhopal Memorial Hospital,10,3,0,0,2,11,14.84,169.26,10,23,2
2024-02-15,Bhopal Memorial Hospital,11,3,0,0,2,29,16.99,402.89,15,22,18
2024-02-15,Bhopal Memorial Hospital,12,3,0,0,2,15,21.72,268.36,4,17,8
2024-02-15,Bhopal Memorial Hospital,13,3,0,0,2,11,21.07,174.69,4,24,18
2024-02-15,Bhopal Memorial Hospital,14,3,0,0,2,11,14.71,163.62,4,4,7
2024-02-15,Bhopal Memorial Hospital,15,3,0,0,2,22,15.02,334.83,2,5,8
2024-02-15,Bhopal Memorial Hospital,16,3,0,0,2,32,16.98,417.76,27,3,16
2024-02-15,Bhopal Memorial Hospital,17,3,0,0,2,17,15.7,188.68,16,21,6
2024-02-16,AIIMS Bhopal,9,4,0,0,2,25,13.26,285.12,4,30,7
2024-02-16,AIIMS Bhopal,10,4,0,0,2,26,11.69,283.64,18,23,6
2024-02-16,AIIMS Bhopal,11,4,0,0,2,10,14.35,132.8,4,18,0
2024-02-16,AIIMS Bhopal,12,4,0,0,2,11,19.56,267.3,5,8,9
2024-02-16,AIIMS Bhopal,13,4,0,0,2,11,7.5,100.62,4,26,5
2024-02-16,AIIMS Bhopal,14,4,0,0,2,13,22.58,371.82,5,20,17
2024-02-16,AIIMS Bhopal,15,4,0,0,2,10,17.06,179.79,2,30,0
2024-02-16,AIIMS Bhopal,16,4,0,0,2,19,21.28,460.19,9,8,3
2024-02-16,AIIMS Bhopal,17,4,0,0,2,22,12.54,331.22,18,17,16
2024-02-16,Hamidia Hospital,9,4,0,0,2,11,9.52,108.08,2,14,2
2024-02-16,Hamidia Hospital,10,4,0,0,2,24,18.23,579.64,18,11,0
2024-02-16,Hamidia Hospital,11,4,0,0,2,13,17.38,224.58,6,8,16
2024-02-16,Hamidia Hospital,12,4,0,0,2,25,19.22,758.06,25,23,11
2024-02-16,Hamidia Hospital,13,4,0,0,2,5,12.87,75.12,4,6,16
2024-02-16,Hamidia Hospital,14,4,0,0,2,14,15.61,246.12,11,18,18
2024-02-16,Hamidia Hospital,15,4,0,0,2,10,21.54,204.72,8,20,14
2024-02-16,Hamidia Hospital,16,4,0,0,2,26,13.32,405.98,2,4,14
2024-02-16,Hamidia Hospital,17,4,0,0,2,14,18.75,263.62,11,14,10
2024-02-16,Bansal Hospital,9,4,0,0,2,21,15.0,307.29,11,30,14
2024-02-16,Bansal Hospital,10,4,0,0,2,13,16.2,224.67,9,20,3
2024-02-16,Bansal Hospital,11,4,0,0,2,15,9.99,156.18,9,26,10
2024-02-16,Bansal Hospital,12,4,0,0,2,11,14.27,151.3,11,13,7
2024-02-16,Bansal Hospital,13,4,0,0,2,11,10.9,114.08,1,30,3
2024-02-16,Bansal Hospital,14,4,0,0,2,6,20.49,109.33,2,25,8
2024-02-16,Bansal Hospital,15,4,0,0,2,20,18.25,364.67,14,5,16
2024-02-16,Bansal Hospital,16,4,0,0,2,24,18.06,467.27,10,16,0
2024-02-16,Bansal Hospital,17,4,0,0,2,8,18.54,145.21,2,30,4
2024-02-16,Chirayu Medical College,9,4,0,0,2,24,8.76,160.83,12,6,3
2024-02-16,Chirayu Medical College,10,4,0,0,2,20,15.4,254.34,4,8,18
2024-02-16,Chirayu Medical College,11,4,0,0,2,18,13.59,234.83,2,11,9
2024-02-16,Chirayu Medical College,12,4,0,0,2,25,15.27,213.1,3,28,17
2024-02-16,Chirayu Medical College,13,4,0,0,2,17,13.52,285.53,10,6,12
2024-02-16,Chirayu Medical College,14,4,0,0,2,6,11.89,98.41,1,24,10
2024-02-16,Chirayu Medical College,15,4,0,0,2,16,14.88,212.26,4,21,0
2024-02-16,Chirayu Medical College,16,4,0,0,2,14,15.92,214.53,13,14,12
2024-02-16,Chirayu Medical College,17,4,0,0,2,25,16.84,451.85,18,28,7
2024-02-16,People's Hospital,9,4,0,0,2,10,13.71,152.26,10,25,3
2024-02-16,People's Hospital,10,4,0,0,2,10,8.65,91.69,3,8,16
2024-02-16,People's Hospital,11,4,0,0,2,19,15.41,292.42,17,11,18
2024-02-16,People's Hospital,12,4,0,0,2,14,12.05,169.91,7,9,19
2024-02-16,People's Hospital,13,4,0,0,2,14,16.73,287.94,6,7,12
2024-02-16,People's Hospital,14,4,0,0,2,14,17.79,227.24,4,22,3
2024-02-16,People's Hospital,15,4,0,0,2,21,14.83,396.28,1,6,12
2024-02-16,People's Hospital,16,4,0,0,2,18,14.88,185.68,6,29,18
2024-02-16,People's Hospital,17,4,0,0,2,11,17.96,191.45,1,10,7
2024-02-16,Bhopal Memorial Hospital,9,4,0,0,2,9,14.29,89.81,3,9,8
2024-02-16,Bhopal Memorial Hospital,10,4,0,0,2,14,9.82,119.39,12,6,0
2024-02-16,Bhopal Memorial Hospital,11,4,0,0,2,27,17.13,501.61,5,7,3
2024-02-16,Bhopal Memorial Hospital,12,4,0,0,2,19,13.13,295.17,17,24,8
2024-02-16,Bhopal Memorial Hospital,13,4,0,0,2,15,10.9,108.29,3,9,12
2024-02-16,Bhopal Memorial Hospital,14,4,0,0,2,13,17.25,285.67,11,10,15
2024-02-16,Bhopal Memorial Hospital,15,4,0,0,2,23,19.07,409.12,9,3,13
2024-02-16,Bhopal Memorial Hospital,16,4,0,0,2,28,18.79,680.15,27,4,14
2024-02-16,Bhopal Memorial Hospital,17,4,0,0,2,24,14.0,403.21,10,7,9
2024-02-17,AIIMS Bhopal,9,5,1,0,2,9,18.03,212.1,8,28,16
2024-02-17,AIIMS Bhopal,10,5,1,0,2,7,11.83,74.92,6,10,14
2024-02-17,AIIMS Bhopal,11,5,1,0,2,10,13.79,117.37,8,15,8
2024-02-17,AIIMS Bhopal,12,5,1,0,2,7,10.74,77.15,2,3,7
2024-02-17,AIIMS Bhopal,13,5,1,0,2,9,6.22,77.73,9,19,4
2024-02-17,AIIMS Bhopal,14,5,1,0,2,4,14.57,69.45,3,25,3
2024-02-17,AIIMS Bhopal,15,5,1,0,2,9,18.12,133.1,5,26,12
2024-02-17,AIIMS Bhopal,16,5,1,0,2,5,24.26,144.8,1,10,9
2024-02-17,AIIMS Bhopal,17,5,1,0,2,9,17.47,107.95,9,30,19
2024-02-17,Hamidia Hospital,9,5,1,0,2,14,19.96,242.36,9,3,4
2024-02-17,Hamidia Hospital,10,5,1,0,2,5,12.14,77.13,5,16,18
2024-02-17,Hamidia Hospital,11,5,1,0,2,13,17.62,229.37,2,26,9
2024-02-17,Hamidia Hospital,12,5,1,0,2,12,14.95,244.18,10,9,12
2024-02-17,Hamidia Hospital,13,5,1,0,2,7,18.72,147.86,2,10,10
2024-02-17,Hamidia Hospital,14,5,1,0,2,3,17.36,44.44,1,20,10
2024-02-17,Hamidia Hospital,15,5,1,0,2,13,16.41,319.53,1,25,2
2024-02-17,Hamidia Hospital,16,5,1,0,2,7,13.01,87.12,4,30,1
2024-02-17,Hamidia Hospital,17,5,1,0,2,8,10.16,85.37,2,6,17
2024-02-17,Bansal Hospital,9,5,1,0,2,13,14.44,161.76,4,9,11
2024-02-17,Bansal Hospital,10,5,1,0,2,7,15.6,109.95,5,16,3
2024-02-17,Bansal Hospital,11,5,1,0,2,11,9.77,72.14,4,5,10
2024-02-17,Bansal Hospital,12,5,1,0,2,9,13.65,115.79,5,28,19
2024-02-17,Bansal Hospital,13,5,1,0,2,10,14.79,78.09,4,4,15
2024-02-17,Bansal Hospital,14,5,1,0,2,6,9.34,51.85,6,26,0
2024-02-17,Bansal Hospital,15,5,1,0,2,13,16.14,183.11,7,13,3
2024-02-17,Bansal Hospital,16,5,1,0,2,7,12.11,84.51,5,11,0
2024-02-17,Bansal Hospital,17,5,1,0,2,12,11.91,79.92,8,20,5
2024-02-17,Chirayu Medical College,9,5,1,0,2,4,14.22,24.99,1,24,8
2024-02-17,Chirayu Medical College,10,5,1,0,2,10,16.1,177.6,1,26,5
2024-02-17,Chirayu Medical College,11,5,1,0,2,10,16.24,143.33,5,17,1
2024-02-17,Chirayu Medical College,12,5,1,0,2,13,15.33,220.44,2,26,6
2024-02-17,Chirayu Medical College,13,5,1,0,2,7,9.25,45.65,3,29,13
2024-02-17,Chirayu Medical College,14,5,1,0,2,4,12.12,31.49,2,18,12
2024-02-17,Chirayu Medical College,15,5,1,0,2,4,15.51,64.95,2,24,13
2024-02-17,Chirayu Medical College,16,5,1,0,2,7,17.02,126.21,1,7,13
2024-02-17,Chirayu Medical College,17,5,1,0,2,6,9.31,62.79,2,11,16
2024-02-17,People's Hospital,9,5,1,0,2,15,18.67,234.07,15,21,18
2024-02-17,People's Hospital,10,5,1,0,2,13,16.77,201.3,10,20,18
2024-02-17,People's Hospital,11,5,1,0,2,10,19.03,178.8,10,29,14
2024-02-17,People's Hospital,12,5,1,0,2,9,12.81,144.1,1,9,12
2024-02-17,People's Hospital,13,5,1,0,2,7,11.49,94.44,1,30,18
2024-02-17,People's Hospital,14,5,1,0,2,4,15.6,56.18,1,10,17
2024-02-17,People's Hospital,15,5,1,0,2,6,11.27,62.65,6,21,4
2024-02-17,People's Hospital,16,5,1,0,2,6,10.05,58.63,2,28,4
2024-02-17,People's Hospital,17,5,1,0,2,9,18.99,148.67,9,5,7
2024-02-17,Bhopal Memorial Hospital,9,5,1,0,2,15,11.55,163.13,9,5,8
2024-02-17,Bhopal Memorial Hospital,10,5,1,0,2,11,13.93,167.69,3,4,13
2024-02-17,Bhopal Memorial Hospital,11,5,1,0,2,16,16.6,236.46,8,25,2
2024-02-17,Bhopal Memorial Hospital,12,5,1,0,2,14,17.59,288.87,7,26,17
2024-02-17,Bhopal Memorial Hospital,13,5,1,0,2,4,14.73,48.56,2,24,8
2024-02-17,Bhopal Memorial Hospital,14,5,1,0,2,7,21.69,161.52,7,3,0
2024-02-17,Bhopal Memorial Hospital,15,5,1,0,2,4,17.08,72.42,1,5,6
2024-02-17,Bhopal Memorial Hospital,16,5,1,0,2,16,16.74,260.77,12,4,19
2024-02-17,Bhopal Memorial Hospital,17,5,1,0,2,4,12.71,21.04,3,15,3
2024-02-18,AIIMS Bhopal,9,6,1,0,2,14,10.92,112.42,5,8,2
2024-02-18,AIIMS Bhopal,10,6,1,0,2,19,17.08,243.39,19,20,15
2024-02-18,AIIMS Bhopal,11,6,1,0,2,13,6.23,82.97,2,7,5
2024-02-18,AIIMS Bhopal,12,6,1,0,2,10,7.95,79.27,6,15,15
2024-02-18,AIIMS Bhopal,13,6,1,0,2,3,10.52,31.23,1,22,1
2024-02-18,AIIMS Bhopal,14,6,1,0,2,2,10.63,13.72,2,14,10
2024-02-18,AIIMS Bhopal,15,6,1,0,2,6,11.89,84.51,5,7,12
2024-02-18,AIIMS Bhopal,16,6,1,0,2,15,12.29,173.97,3,28,8
2024-02-18,AIIMS Bhopal,17,6,1,0,2,14,15.49,254.68,11,4,11
2024-02-18,Hamidia Hospital,9,6,1,0,2,10,18.05,123.48,7,26,1
2024-02-18,Hamidia Hospital,10,6,1,0,2,19,13.75,189.95,2,16,6
2024-02-18,Hamidia Hospital,11,6,1,0,2,11,8.35,111.14,9,17,19
2024-02-18,Hamidia Hospital,12,6,1,0,2,11,15.17,160.84,10,27,16
2024-02-18,Hamidia Hospital,13,6,1,0,2,4,16.0,67.2,1,6,12
2024-02-18,Hamidia Hospital,14,6,1,0,2,6,16.05,87.74,5,19,0
2024-02-18,Hamidia Hospital,15,6,1,0,2,9,12.82,102.71,3,20,15
2024-02-18,Hamidia Hospital,16,6,1,0,2,16,17.21,246.95,7,15,6
2024-02-18,Hamidia Hospital,17,6,1,0,2,14,12.58,147.61,4,7,2
2024-02-18,Bansal Hospital,9,6,1,0,2,7,13.17,68.01,3,26,5
2024-02-18,Bansal Hospital,10,6,1,0,2,18,9.64,151.07,10,16,9
2024-02-18,Bansal Hospital,11,6,1,0,2,9,23.16,219.55,3,14,16
2024-02-18,Bansal Hospital,12,6,1,0,2,12,15.77,221.05,5,5,14
2024-02-18,Bansal Hospital,13,6,1,0,2,3,16.45,41.99,3,15,5
2024-02-18,Bansal Hospital,14,6,1,0,2,7,18.65,122.16,3,30,1
2024-02-18,Bansal Hospital,15,6,1,0,2,7,12.63,95.7,6,14,10
2024-02-18,Bansal Hospital,16,6,1,0,2,19,13.64,219.68,1,24,2
2024-02-18,Bansal Hospital,17,6,1,0,2,13,12.05,179.09,5,30,9
2024-02-18,Chirayu Medical College,9,6,1,0,2,14,8.47,98.64,9,3,7
2024-02-18,Chirayu Medical College,10,6,1,0,2,7,11.55,96.0,5,19,5
2024-02-18,Chirayu Medical College,11,6,1,0,2,11,9.74,157.25,8,22,1
2024-02-18,Chirayu Medical College,12,6,1,0,2,10,20.93,224.17,1,30,9
2024-02-18,Chirayu Medical College,13,6,1,0,2,6,15.78,107.4,3,9,16
2024-02-18,Chirayu Medical College,14,6,1,0,2,6,7.92,37.25,1,15,7
2024-02-18,Chirayu Medical College,15,6,1,0,2,7,15.6,100.28,6,22,14
2024-02-18,Chirayu Medical College,16,6,1,0,2,18,6.97,136.19,4,20,1
2024-02-18,Chirayu Medical College,17,6,1,0,2,8,15.1,131.34,4,18,6
2024-02-18,People's Hospital,9,6,1,0,2,7,12.08,92.94,2,4,13
2024-02-18,People's Hospital,10,6,1,0,2,6,13.33,40.54,5,27,16
2024-02-18,People's Hospital,11,6,1,0,2,16,15.19,199.78,13,6,14
2024-02-18,People's Hospital,12,6,1,0,2,14,19.37,198.02,12,30,16
2024-02-18,People's Hospital,13,6,1,0,2,2,17.55,35.4,1,28,0
2024-02-18,People's Hospital,14,6,1,0,2,4,12.9,60.82,2,29,19
2024-02-18,People's Hospital,15,6,1,0,2,14,17.66,230.33,7,13,15
2024-02-18,People's Hospital,16,6,1,0,2,16,14.72,273.76,4,26,13
2024-02-18,People's Hospital,17,6,1,0,2,4,19.46,62.0,4,14,19
2024-02-18,Bhopal Memorial Hospital,9,6,1,0,2,11,15.92,184.15,5,22,2
2024-02-18,Bhopal Memorial Hospital,10,6,1,0,2,7,18.93,105.07,5,12,3
2024-02-18,Bhopal Memorial Hospital,11,6,1,0,2,19,14.24,308.41,17,18,10
2024-02-18,Bhopal Memorial Hospital,12,6,1,0,2,4,9.25,30.55,4,9,5
2024-02-18,Bhopal Memorial Hospital,13,6,1,0,2,4,20.1,72.52,2,5,7
2024-02-18,Bhopal Memorial Hospital,14,6,1,0,2,9,14.43,153.17,2,5,8
2024-02-18,Bhopal Memorial Hospital,15,6,1,0,2,5,12.35,38.79,3,7,16
2024-02-18,Bhopal Memorial Hospital,16,6,1,0,2,19,9.46,212.59,12,23,0
2024-02-18,Bhopal Memorial Hospital,17,6,1,0,2,10,15.73,230.7,7,16,1
2024-02-19,AIIMS Bhopal,9,0,0,1,2,33,14.31,428.14,9,16,0
2024-02-19,AIIMS Bhopal,10,0,0,1,2,15,22.65,291.91,1,19,6
2024-02-19,AIIMS Bhopal,11,0,0,1,2,33,8.58,357.65,6,29,0
2024-02-19,AIIMS Bhopal,12,0,0,1,2,28,17.5,579.09,11,26,6
2024-02-19,AIIMS Bhopal,13,0,0,1,2,10,21.54,193.84,5,13,11
2024-02-19,AIIMS Bhopal,14,0,0,1,2,8,16.96,106.17,3,16,18
2024-02-19,AIIMS Bhopal,15,0,0,1,2,15,7.28,113.02,7,27,17
2024-02-19,AIIMS Bhopal,16,0,0,1,2,20,6.68,80.59,9,12,1
2024-02-19,AIIMS Bhopal,17,0,0,1,2,15,15.42,329.73,1,28,16
2024-02-19,Hamidia Hospital,9,0,0,1,2,30,15.69,386.07,8,18,17
2024-02-19,Hamidia Hospital,10,0,0,1,2,42,15.8,694.63,15,23,11
2024-02-19,Hamidia Hospital,11,0,0,1,2,19,20.6,429.65,15,25,0
2024-02-19,Hamidia Hospital,12,0,0,1,2,12,5.0,58.24,10,25,2
2024-02-19,Hamidia Hospital,13,0,0,1,2,16,14.44,259.49,1,25,14
2024-02-19,Hamidia Hospital,14,0,0,1,2,15,12.91,182.08,13,22,18
2024-02-19,Hamidia Hospital,15,0,0,1,2,29,15.54,333.85,13,30,9
2024-02-19,Hamidia Hospital,16,0,0,1,2,45,10.75,356.86,44,24,14
2024-02-19,Hamidia Hospital,17,0,0,1,2,14,17.57,219.54,9,28,11
2024-02-19,Bansal Hospital,9,0,0,1,2,28,11.61,261.27,5,13,18
2024-02-19,Bansal Hospital,10,0,0,1,2,19,13.1,331.35,10,21,19
2024-02-19,Bansal Hospital,11,0,0,1,2,24,23.05,485.96,4,8,7
2024-02-19,Bansal Hospital,12,0,0,1,2,23,16.32,247.82,14,15,18
2024-02-19,Bansal Hospital,13,0,0,1,2,24,16.3,384.81,20,25,0
2024-02-19,Bansal Hospital,14,0,0,1,2,24,11.03,273.69,4,17,13
2024-02-19,Bansal Hospital,15,0,0,1,2,11,13.45,133.69,4,12,17
2024-02-19,Bansal Hospital,16,0,0,1,2,27,12.2,323.57,22,24,19
2024-02-19,Bansal Hospital,17,0,0,1,2,26,9.98,169.57,17,7,17
2024-02-19,Chirayu Medical College,9,0,0,1,2,11,20.79,118.29,1,14,13
2024-02-19,Chirayu Medical College,10,0,0,1,2,19,23.57,425.52,19,22,13
2024-02-19,Chirayu Medical College,11,0,0,1,2,32,22.1,755.01,10,15,18
2024-02-19,Chirayu Medical College,12,0,0,1,2,26,12.84,323.34,22,11,2
2024-02-19,Chirayu Medical College,13,0,0,1,2,24,12.12,328.98,14,23,2
2024-02-19,Chirayu Medical College,14,0,0,1,2,13,19.57,259.84,7,6,4
2024-02-19,Chirayu Medical College,15,0,0,1,2,19,16.22,258.14,11,27,3
2024-02-19,Chirayu Medical College,16,0,0,1,2,28,18.84,375.12,13,20,4
2024-02-19,Chirayu Medical College,17,0,0,1,2,21,9.13,157.14,17,11,1
2024-02-19,People's Hospital,9,0,0,1,2,11,16.19,159.53,4,3,0
2024-02-19,People's Hospital,10,0,0,1,2,42,11.35,514.96,25,5,1
2024-02-19,People's Hospital,11,0,0,1,2,19,18.41,247.07,17,9,2
2024-02-19,People's Hospital,12,0,0,1,2,14,11.4,108.53,6,29,0
2024-02-19,People's Hospital,13,0,0,1,2,8,18.65,139.48,1,22,8
2024-02-19,People's Hospital,14,0,0,1,2,9,13.54,153.95,6,4,14
2024-02-19,People's Hospital,15,0,0,1,2,29,16.18,284.22,17,9,18
2024-02-19,People's Hospital,16,0,0,1,2,39,11.48,349.67,4,26,11
2024-02-19,People's Hospital,17,0,0,1,2,21,12.94,238.92,16,17,14
2024-02-19,Bhopal Memorial Hospital,9,0,0,1,2,23,13.93,334.42,15,7,12
2024-02-19,Bhopal Memorial Hospital,10,0,0,1,2,37,12.45,351.27,23,3,17
2024-02-19,Bhopal Memorial Hospital,11,0,0,1,2,18,14.88,205.49,16,15,1
2024-02-19,Bhopal Memorial Hospital,12,0,0,1,2,18,6.49,95.09,3,27,8
2024-02-19,Bhopal Memorial Hospital,13,0,0,1,2,7,11.11,89.14,5,11,2
2024-02-19,Bhopal Memorial Hospital,14,0,0,1,2,13,16.4,257.67,2,7,10
2024-02-19,Bhopal Memorial Hospital,15,0,0,1,2,26,14.46,331.08,12,15,3
2024-02-19,Bhopal Memorial Hospital,16,0,0,1,2,39,13.44,512.33,1,9,5
2024-02-19,Bhopal Memorial Hospital,17,0,0,1,2,15,17.1,271.08,7,6,7
2024-02-20,AIIMS Bhopal,9,1,0,0,2,21,15.36,399.82,11,7,14
2024-02-20,AIIMS Bhopal,10,1,0,0,2,29,5.0,122.32,13,6,6
2024-02-20,AIIMS Bhopal,11,1,0,0,2,18,7.03,143.73,18,12,9
2024-02-20,AIIMS Bhopal,12,1,0,0,2,16,9.62,126.73,6,30,18
2024-02-20,AIIMS Bhopal,13,1,0,0,2,12,22.63,303.71,5,19,1
2024-02-20,AIIMS Bhopal,14,1,0,0,2,7,12.03,89.97,1,10,14
2024-02-20,AIIMS Bhopal,15,1,0,0,2,14,11.87,109.05,7,18,17
2024-02-20,AIIMS Bhopal,16,1,0,0,2,14,22.8,258.39,12,28,15
2024-02-20,AIIMS Bhopal,17,1,0,0,2,24,16.23,433.56,1,29,5
2024-02-20,Hamidia Hospital,9,1,0,0,2,10,21.11,149.12,10,20,5
2024-02-20,Hamidia Hospital,10,1,0,0,2,14,12.85,159.65,7,8,18
2024-02-20,Hamidia Hospital,11,1,0,0,2,32,10.96,462.16,29,10,13
2024-02-20,Hamidia Hospital,12,1,0,0,2,15,18.52,228.75,15,6,16
2024-02-20,Hamidia Hospital,13,1,0,0,2,9,5.0,36.94,7,3,10
2024-02-20,Hamidia Hospital,14,1,0,0,2,10,11.07,100.1,1,18,18
2024-02-20,Hamidia Hospital,15,1,0,0,2,25,14.19,280.99,22,6,14
2024-02-20,Hamidia Hospital,16,1,0,0,2,29,13.75,321.69,16,10,12
2024-02-20,Hamidia Hospital,17,1,0,0,2,24,15.42,329.15,1,14,0
2024-02-20,Bansal Hospital,9,1,0,0,2,20,13.38,261.83,6,8,7
2024-02-20,Bansal Hospital,10,1,0,0,2,24,13.89,368.08,13,24,11
2024-02-20,Bansal Hospital,11,1,0,0,2,10,15.85,119.62,8,6,8
2024-02-20,Bansal Hospital,12,1,0,0,2,20,9.11,157.24,17,23,5
2024-02-20,Bansal Hospital,13,1,0,0,2,7,17.17,118.7,5,15,14
2024-02-20,Bansal Hospital,14,1,0,0,2,6,10.37,56.81,6,11,7
2024-02-20,Bansal Hospital,15,1,0,0,2,21,11.43,198.06,18,30,0
2024-02-20,Bansal Hospital,16,1,0,0,2,16,21.26,449.16,11,28,1
2024-02-20,Bansal Hospital,17,1,0,0,2,15,12.38,146.16,12,22,8
2024-02-20,Chirayu Medical College,9,1,0,0,2,24,20.67,468.47,10,22,10
2024-02-20,Chirayu Medical College,10,1,0,0,2,31,13.6,411.45,3,12,11
2024-02-20,Chirayu Medical College,11,1,0,0,2,28,11.66,271.07,26,27,1
2024-02-20,Chirayu Medical College,12,1,0,0,2,22,22.61,620.3,8,20,12
2024-02-20,Chirayu Medical College,13,1,0,0,2,15,12.96,210.69,13,24,5
2024-02-20,Chirayu Medical College,14,1,0,0,2,5,19.01,86.66,4,27,2
2024-02-20,Chirayu Medical College,15,1,0,0,2,10,13.87,98.52,8,18,19
2024-02-20,Chirayu Medical College,16,1,0,0,2,32,10.01,324.01,28,19,15
2024-02-20,Chirayu Medical College,17,1,0,0,2,12,16.1,175.77,9,21,6
2024-02-20,People's Hospital,9,1,0,0,2,23,16.12,369.9,21,20,10
2024-02-20,People's Hospital,10,1,0,0,2,31,20.75,643.87,22,23,7
2024-02-20,People's Hospital,11,1,0,0,2,24,18.0,453.97,1,24,11
2024-02-20,People's Hospital,12,1,0,0,2,20,10.92,259.8,15,21,1
2024-02-20,People's Hospital,13,1,0,0,2,5,13.87,61.91,5,8,10
2024-02-20,People's Hospital,14,1,0,0,2,13,14.71,215.33,9,15,14
2024-02-20,People's Hospital,15,1,0,0,2,20,16.24,381.98,20,12,5
2024-02-20,People's Hospital,16,1,0,0,2,19,13.58,237.38,18,26,18
2024-02-20,People's Hospital,17,1,0,0,2,16,16.85,171.18,8,30,6
2024-02-20,Bhopal Memorial Hospital,9,1,0,0,2,25,23.8,528.57,4,13,12
2024-02-20,Bhopal Memorial Hospital,10,1,0,0,2,16,14.59,304.21,11,8,17
2024-02-20,Bhopal Memorial Hospital,11,1,0,0,2,23,13.4,167.35,6,13,12
2024-02-20,Bhopal Memorial Hospital,12,1,0,0,2,13,17.41,220.87,10,10,7
2024-02-20,Bhopal Memorial Hospital,13,1,0,0,2,12,8.14,91.38,6,6,7
2024-02-20,Bhopal Memorial Hospital,14,1,0,0,2,16,19.95,381.38,12,14,0
2024-02-20,Bhopal Memorial Hospital,15,1,0,0,2,23,5.06,109.55,18,13,0
2024-02-20,Bhopal Memorial Hospital,16,1,0,0,2,23,15.26,230.17,10,29,8
2024-02-20,Bhopal Memorial Hospital,17,1,0,0,2,15,18.42,278.55,10,6,16
2024-02-21,AIIMS Bhopal,9,2,0,0,2,10,16.75,160.21,8,22,15
2024-02-21,AIIMS Bhopal,10,2,0,0,2,16,19.65,336.53,11,21,7
2024-02-21,AIIMS Bhopal,11,2,0,0,2,20,15.46,283.9,12,9,12
2024-02-21,AIIMS Bhopal,12,2,0,0,2,17,17.84,329.83,4,13,10
2024-02-21,AIIMS Bhopal,13,2,0,0,2,9,20.05,216.84,6,22,6
2024-02-21,AIIMS Bhopal,14,2,0,0,2,14,7.35,108.96,9,6,7
2024-02-21,AIIMS Bhopal,15,2,0,0,2,21,11.69,259.53,1,22,8
2024-02-21,AIIMS Bhopal,16,2,0,0,2,15,13.13,143.45,2,12,2
2024-02-21,AIIMS Bhopal,17,2,0,0,2,9,15.41,121.61,7,22,16
2024-02-21,Hamidia Hospital,9,2,0,0,2,11,13.38,113.37,9,4,19
2024-02-21,Hamidia Hospital,10,2,0,0,2,15,15.02,220.11,6,7,7
2024-02-21,Hamidia Hospital,11,2,0,0,2,31,7.23,209.34,12,15,5
2024-02-21,Hamidia Hospital,12,2,0,0,2,12,19.69,212.37,7,16,1
2024-02-21,Hamidia Hospital,13,2,0,0,2,12,18.48,177.46,7,28,14
2024-02-21,Hamidia Hospital,14,2,0,0,2,17,11.85,213.51,6,7,15
2024-02-21,Hamidia Hospital,15,2,0,0,2,18,5.0,86.7,9,20,10
2024-02-21,Hamidia Hospital,16,2,0,0,2,27,21.96,546.21,11,28,19
2024-02-21,Hamidia Hospital,17,2,0,0,2,17,15.92,296.22,4,5,13
2024-02-21,Bansal Hospital,9,2,0,0,2,18,24.17,467.2,1,4,1
2024-02-21,Bansal Hospital,10,2,0,0,2,15,16.23,198.9,4,21,7
2024-02-21,Bansal Hospital,11,2,0,0,2,13,17.05,215.57,2,28,10
2024-02-21,Bansal Hospital,12,2,0,0,2,18,15.38,279.37,11,18,1
2024-02-21,Bansal Hospital,13,2,0,0,2,16,16.61,337.93,6,24,3
2024-02-21,Bansal Hospital,14,2,0,0,2,11,12.44,187.23,9,22,12
2024-02-21,Bansal Hospital,15,2,0,0,2,20,5.0,66.29,16,7,15
2024-02-21,Bansal Hospital,16,2,0,0,2,19,7.42,168.99,15,26,9
2024-02-21,Bansal Hospital,17,2,0,0,2,21,15.27,326.45,12,30,16
2024-02-21,Chirayu Medical College,9,2,0,0,2,13,17.88,213.84,2,19,6
2024-02-21,Chirayu Medical College,10,2,0,0,2,16,13.09,136.02,4,26,4
2024-02-21,Chirayu Medical College,11,2,0,0,2,18,16.07,263.56,5,29,0
2024-02-21,Chirayu Medical College,12,2,0,0,2,17,14.01,226.46,1,5,16
2024-02-21,Chirayu Medical College,13,2,0,0,2,10,11.0,122.96,4,25,17
2024-02-21,Chirayu Medical College,14,2,0,0,2,15,12.23,220.82,13,18,12
2024-02-21,Chirayu Medical College,15,2,0,0,2,24,13.39,229.88,6,28,5
2024-02-21,Chirayu Medical College,16,2,0,0,2,24,11.51,282.28,24,14,17
2024-02-21,Chirayu Medical College,17,2,0,0,2,16,11.12,181.38,2,13,4
2024-02-21,People's Hospital,9,2,0,0,2,10,8.1,79.1,8,15,17
2024-02-21,People's Hospital,10,2,0,0,2,19,14.49,220.77,18,30,5
2024-02-21,People's Hospital,11,2,0,0,2,28,20.58,535.38,6,5,14
2024-02-21,People's Hospital,12,2,0,0,2,14,17.25,321.94,12,9,18
2024-02-21,People's Hospital,13,2,0,0,2,9,23.79,187.87,6,8,5
2024-02-21,People's Hospital,14,2,0,0,2,8,10.41,73.33,4,26,13
2024-02-21,People's Hospital,15,2,0,0,2,13,21.24,251.33,13,13,18
2024-02-21,People's Hospital,16,2,0,0,2,13,13.13,151.38,9,7,7
2024-02-21,People's Hospital,17,2,0,0,2,13,13.27,201.75,4,28,18
2024-02-21,Bhopal Memorial Hospital,9,2,0,0,2,25,16.48,512.41,10,11,13
2024-02-21,Bhopal Memorial Hospital,10,2,0,0,2,14,9.26,132.19,12,26,15
2024-02-21,Bhopal Memorial Hospital,11,2,0,0,2,19,17.11,380.26,8,3,18
2024-02-21,Bhopal Memorial Hospital,12,2,0,0,2,18,14.79,306.83,16,22,3
2024-02-21,Bhopal Memorial Hospital,13,2,0,0,2,9,19.26,144.06,8,3,5
2024-02-21,Bhopal Memorial Hospital,14,2,0,0,2,9,12.79,120.11,6,10,19
2024-02-21,Bhopal Memorial Hospital,15,2,0,0,2,22,15.54,191.85,4,9,15
2024-02-21,Bhopal Memorial Hospital,16,2,0,0,2,23,21.35,675.33,17,10,4
2024-02-21,Bhopal Memorial Hospital,17,2,0,0,2,12,20.91,264.08,2,7,11
2024-02-22,AIIMS Bhopal,9,3,0,0,2,20,14.16,192.84,2,20,6
2024-02-22,AIIMS Bhopal,10,3,0,0,2,16,16.17,262.42,16,22,14
2024-02-22,AIIMS Bhopal,11,3,0,0,2,31,7.02,215.65,15,14,6
2024-02-22,AIIMS Bhopal,12,3,0,0,2,19,13.13,208.79,8,23,17
2024-02-22,AIIMS Bhopal,13,3,0,0,2,14,21.37,250.09,13,28,1
2024-02-22,AIIMS Bhopal,14,3,0,0,2,9,25.99,247.92,4,15,2
2024-02-22,AIIMS Bhopal,15,3,0,0,2,18,16.15,304.3,6,9,18
2024-02-22,AIIMS Bhopal,16,3,0,0,2,13,17.25,227.9,10,8,18
2024-02-22,AIIMS Bhopal,17,3,0,0,2,19,14.09,247.55,7,18,8
2024-02-22,Hamidia Hospital,9,3,0,0,2,24,16.93,511.16,7,3,18
2024-02-22,Hamidia Hospital,10,3,0,0,2,27,16.66,447.97,22,21,15
2024-02-22,Hamidia Hospital,11,3,0,0,2,13,13.47,164.12,7,4,4
2024-02-22,Hamidia Hospital,12,3,0,0,2,12,16.75,216.63,11,25,14
2024-02-22,Hamidia Hospital,13,3,0,0,2,14,9.25,137.47,1,6,19
2024-02-22,Hamidia Hospital,14,3,0,0,2,7,17.93,141.93,1,7,5
2024-02-22,Hamidia Hospital,15,3,0,0,2,9,19.64,215.68,8,7,10
2024-02-22,Hamidia Hospital,16,3,0,0,2,31,15.58,259.2,7,22,6
2024-02-22,Hamidia Hospital,17,3,0,0,2,9,14.29,144.82,7,13,6
2024-02-22,Bansal Hospital,9,3,0,0,2,25,17.5,442.18,21,24,9
2024-02-22,Bansal Hospital,10,3,0,0,2,31,20.41,763.1,10,8,3
2024-02-22,Bansal Hospital,11,3,0,0,2,13,13.48,235.75,11,15,16
2024-02-22,Bansal Hospital,12,3,0,0,2,12,21.99,214.64,10,24,10
2024-02-22,Bansal Hospital,13,3,0,0,2,8,16.93,153.47,3,3,18
2024-02-22,Bansal Hospital,14,3,0,0,2,9,13.83,101.83,6,26,12
2024-02-22,Bansal Hospital,15,3,0,0,2,10,17.42,121.4,1,28,6
2024-02-22,Bansal Hospital,16,3,0,0,2,24,19.27,565.15,16,29,0
2024-02-22,Bansal Hospital,17,3,0,0,2,11,15.58,208.77,3,11,6
2024-02-22,Chirayu Medical College,9,3,0,0,2,21,19.64,371.15,18,14,12
2024-02-22,Chirayu Medical College,10,3,0,0,2,22,15.17,298.51,1,11,2
2024-02-22,Chirayu Medical College,11,3,0,0,2,15,27.0,444.4,15,4,13
2024-02-22,Chirayu Medical College,12,3,0,0,2,11,13.46,161.54,4,20,15
2024-02-22,Chirayu Medical College,13,3,0,0,2,11,20.02,242.3,1,17,2
2024-02-22,Chirayu Medical College,14,3,0,0,2,14,10.22,160.15,7,10,4
2024-02-22,Chirayu Medical College,15,3,0,0,2,12,18.14,176.38,2,13,10
2024-02-22,Chirayu Medical College,16,3,0,0,2,20,17.25,333.15,1,10,9
2024-02-22,Chirayu Medical College,17,3,0,0,2,9,15.0,148.97,6,15,15
2024-02-22,People's Hospital,9,3,0,0,2,22,9.27,267.23,10,22,2
2024-02-22,People's Hospital,10,3,0,0,2,24,9.37,248.66,12,14,9
2024-02-22,People's Hospital,11,3,0,0,2,27,20.35,328.67,9,18,3
2024-02-22,People's Hospital,12,3,0,0,2,12,16.58,173.06,7,3,3
2024-02-22,People's Hospital,13,3,0,0,2,6,8.55,45.38,5,6,1
2024-02-22,People's Hospital,14,3,0,0,2,9,23.68,228.81,7,20,7
2024-02-22,People's Hospital,15,3,0,0,2,11,11.95,138.02,2,18,5
2024-02-22,People's Hospital,16,3,0,0,2,27,10.01,263.37,17,6,11
2024-02-22,People's Hospital,17,3,0,0,2,22,19.19,492.8,4,13,1
2024-02-22,Bhopal Memorial Hospital,9,3,0,0,2,22,19.11,471.15,14,17,3
2024-02-22,Bhopal Memorial Hospital,10,3,0,0,2,19,20.96,439.98,11,5,1
2024-02-22,Bhopal Memorial Hospital,11,3,0,0,2,22,11.84,309.49,9,18,9
2024-02-22,Bhopal Memorial Hospital,12,3,0,0,2,14,15.78,194.93,12,9,0
2024-02-22,Bhopal Memorial Hospital,13,3,0,0,2,5,12.68,60.18,5,30,16
2024-02-22,Bhopal Memorial Hospital,14,3,0,0,2,13,9.11,130.52,10,11,15
2024-02-22,Bhopal Memorial Hospital,15,3,0,0,2,8,16.45,163.98,6,9,6
2024-02-22,Bhopal Memorial Hospital,16,3,0,0,2,26,19.04,645.13,15,11,13
2024-02-22,Bhopal Memorial Hospital,17,3,0,0,2,20,12.91,269.44,12,21,2
2024-02-23,AIIMS Bhopal,9,4,0,0,2,24,15.13,402.65,16,3,1
2024-02-23,AIIMS Bhopal,10,4,0,0,2,11,19.03,203.96,7,6,9
2024-02-23,AIIMS Bhopal,11,4,0,0,2,23,14.37,319.93,3,28,3
2024-02-23,AIIMS Bhopal,12,4,0,0,2,9,10.64,103.0,8,6,8
2024-02-23,AIIMS Bhopal,13,4,0,0,2,6,20.79,129.24,5,10,17
2024-02-23,AIIMS Bhopal,14,4,0,0,2,17,20.77,399.38,9,21,0
2024-02-23,AIIMS Bhopal,15,4,0,0,2,18,15.06,458.71,3,13,5
2024-02-23,AIIMS Bhopal,16,4,0,0,2,11,14.81,207.52,1,28,18
2024-02-23,AIIMS Bhopal,17,4,0,0,2,17,11.73,156.59,16,15,19
2024-02-23,Hamidia Hospital,9,4,0,0,2,24,20.7,487.56,21,5,6
2024-02-23,Hamidia Hospital,10,4,0,0,2,28,9.87,231.24,27,16,12
2024-02-23,Hamidia Hospital,11,4,0,0,2,32,15.0,435.42,25,6,4
2024-02-23,Hamidia Hospital,12,4,0,0,2,14,5.17,75.73,8,18,18
2024-02-23,Hamidia Hospital,13,4,0,0,2,11,15.08,228.48,6,16,5
2024-02-23,Hamidia Hospital,14,4,0,0,2,9,14.15,61.01,5,21,18
2024-02-23,Hamidia Hospital,15,4,0,0,2,11,19.35,211.55,1,5,8
2024-02-23,Hamidia Hospital,16,4,0,0,2,16,20.77,246.08,5,3,6
2024-02-23,Hamidia Hospital,17,4,0,0,2,22,19.22,452.42,18,30,5
2024-02-23,Bansal Hospital,9,4,0,0,2,11,16.14,183.87,3,24,0
2024-02-23,Bansal Hospital,10,4,0,0,2,20,22.65,570.69,18,28,2
2024-02-23,Bansal Hospital,11,4,0,0,2,19,10.76,250.93,19,19,19
2024-02-23,Bansal Hospital,12,4,0,0,2,24,20.22,373.55,15,7,3
2024-02-23,Bansal Hospital,13,4,0,0,2,7,25.13,162.4,6,29,17
2024-02-23,Bansal Hospital,14,4,0,0,2,16,7.73,78.23,1,29,2
2024-02-23,Bansal Hospital,15,4,0,0,2,25,22.63,460.96,10,20,4
2024-02-23,Bansal Hospital,16,4,0,0,2,16,15.22,190.17,12,19,16
2024-02-23,Bansal Hospital,17,4,0,0,2,15,11.11,151.18,9,14,14
2024-02-23,Chirayu Medical College,9,4,0,0,2,8,13.62,107.03,1,11,17
2024-02-23,Chirayu Medical College,10,4,0,0,2,11,11.93,142.53,11,5,5
2024-02-23,Chirayu Medical College,11,4,0,0,2,18,13.77,262.12,13,5,2
2024-02-23,Chirayu Medical College,12,4,0,0,2,13,10.3,131.79,10,11,5
2024-02-23,Chirayu Medical College,13,4,0,0,2,14,10.59,135.36,8,26,12
2024-02-23,Chirayu Medical College,14,4,0,0,2,16,14.34,216.88,2,21,11
2024-02-23,Chirayu Medical College,15,4,0,0,2,15,14.29,182.11,13,5,18
2024-02-23,Chirayu Medical College,16,4,0,0,2,27,18.21,559.1,16,20,7
2024-02-23,Chirayu Medical College,17,4,0,0,2,13,9.03,120.12,13,25,17
2024-02-23,People's Hospital,9,4,0,0,2,25,16.04,527.69,12,6,14
2024-02-23,People's Hospital,10,4,0,0,2,26,17.38,569.3,20,16,9
2024-02-23,People's Hospital,11,4,0,0,2,26,12.75,364.87,9,22,13
2024-02-23,People's Hospital,12,4,0,0,2,8,14.53,143.94,3,5,14
2024-02-23,People's Hospital,13,4,0,0,2,5,17.08,98.12,4,7,5
2024-02-23,People's Hospital,14,4,0,0,2,13,12.38,149.41,11,16,8
2024-02-23,People's Hospital,15,4,0,0,2,25,14.9,371.93,19,28,7
2024-02-23,People's Hospital,16,4,0,0,2,20,10.18,192.8,17,10,19
2024-02-23,People's Hospital,17,4,0,0,2,9,16.59,138.21,5,15,15
2024-02-23,Bhopal Memorial Hospital,9,4,0,0,2,12,21.68,254.98,8,22,18
2024-02-23,Bhopal Memorial Hospital,10,4,0,0,2,13,10.02,146.83,2,5,9
2024-02-23,Bhopal Memorial Hospital,11,4,0,0,2,13,16.67,296.18,10,27,7
2024-02-23,Bhopal Memorial Hospital,12,4,0,0,2,19,8.75,83.02,6,29,6
2024-02-23,Bhopal Memorial Hospital,13,4,0,0,2,14,17.16,261.09,12,16,0
2024-02-23,Bhopal Memorial Hospital,14,4,0,0,2,12,16.17,221.13,5,13,17
2024-02-23,Bhopal Memorial Hospital,15,4,0,0,2,24,17.98,474.94,23,3,5
2024-02-23,Bhopal Memorial Hospital,16,4,0,0,2,24,17.69,386.49,10,18,4
2024-02-23,Bhopal Memorial Hospital,17,4,0,0,2,16,16.28,277.17,11,23,1
2024-02-24,AIIMS Bhopal,9,5,1,0,2,8,13.95,94.77,7,15,2
2024-02-24,AIIMS Bhopal,10,5,1,0,2,16,15.16,186.8,3,27,16
2024-02-24,AIIMS Bhopal,11,5,1,0,2,9,13.35,89.4,9,23,1
2024-02-24,AIIMS Bhopal,12,5,1,0,2,15,6.56,87.44,1,30,12
2024-02-24,AIIMS Bhopal,13,5,1,0,2,9,16.12,131.0,5,5,14
2024-02-24,AIIMS Bhopal,14,5,1,0,2,6,8.35,60.15,1,28,7
2024-02-24,AIIMS Bhopal,15,5,1,0,2,10,8.56,58.87,7,11,17
2024-02-24,AIIMS Bhopal,16,5,1,0,2,15,11.3,141.33,13,10,18
2024-02-24,AIIMS Bhopal,17,5,1,0,2,12,13.33,121.85,5,19,12
2024-02-24,Hamidia Hospital,9,5,1,0,2,10,11.98,75.24,6,13,18
2024-02-24,Hamidia Hospital,10,5,1,0,2,11,22.15,232.06,1,6,3
2024-02-24,Hamidia Hospital,11,5,1,0,2,9,13.96,88.29,1,30,15
2024-02-24,Hamidia Hospital,12,5,1,0,2,11,15.21,244.17,1,14,3
2024-02-24,Hamidia Hospital,13,5,1,0,2,4,10.86,44.9,1,10,19
2024-02-24,Hamidia Hospital,14,5,1,0,2,10,15.09,112.46,7,9,13
2024-02-24,Hamidia Hospital,15,5,1,0,2,10,15.1,233.4,3,6,16
2024-02-24,Hamidia Hospital,16,5,1,0,2,11,12.46,169.86,7,18,0
2024-02-24,Hamidia Hospital,17,5,1,0,2,5,20.77,108.57,5,12,4
2024-02-24,Bansal Hospital,9,5,1,0,2,10,9.82,93.33,3,4,9
2024-02-24,Bansal Hospital,10,5,1,0,2,15,21.06,315.05,5,28,17
2024-02-24,Bansal Hospital,11,5,1,0,2,15,11.26,183.5,6,28,13
2024-02-24,Bansal Hospital,12,5,1,0,2,9,18.9,223.68,5,13,13
2024-02-24,Bansal Hospital,13,5,1,0,2,7,10.68,75.78,5,3,18
2024-02-24,Bansal Hospital,14,5,1,0,2,9,15.7,117.51,6,10,6
2024-02-24,Bansal Hospital,15,5,1,0,2,14,15.33,204.84,3,10,11
2024-02-24,Bansal Hospital,16,5,1,0,2,11,17.47,117.36,3,30,5
2024-02-24,Bansal Hospital,17,5,1,0,2,12,13.29,182.05,2,15,10
2024-02-24,Chirayu Medical College,9,5,1,0,2,11,15.18,177.93,11,16,5
2024-02-24,Chirayu Medical College,10,5,1,0,2,9,16.69,161.91,3,27,14
2024-02-24,Chirayu Medical College,11,5,1,0,2,15,19.45,276.95,11,18,9
2024-02-24,Chirayu Medical College,12,5,1,0,2,12,17.32,234.87,2,15,0
2024-02-24,Chirayu Medical College,13,5,1,0,2,4,17.86,76.95,1,5,11
2024-02-24,Chirayu Medical College,14,5,1,0,2,9,16.21,125.56,9,23,12
2024-02-24,Chirayu Medical College,15,5,1,0,2,5,23.66,120.28,5,3,3
2024-02-24,Chirayu Medical College,16,5,1,0,2,16,5.38,60.28,16,25,15
2024-02-24,Chirayu Medical College,17,5,1,0,2,15,20.66,400.79,3,21,19
2024-02-24,People's Hospital,9,5,1,0,2,11,8.41,103.67,1,28,8
2024-02-24,People's Hospital,10,5,1,0,2,16,19.21,380.79,9,30,5
2024-02-24,People's Hospital,11,5,1,0,2,15,20.75,357.65,15,8,1
2024-02-24,People's Hospital,12,5,1,0,2,8,12.16,94.79,8,13,7
2024-02-24,People's Hospital,13,5,1,0,2,8,11.98,116.94,7,30,17
2024-02-24,People's Hospital,14,5,1,0,2,3,11.39,35.72,3,8,11
2024-02-24,People's Hospital,15,5,1,0,2,9,17.35,149.92,3,6,17
2024-02-24,People's Hospital,16,5,1,0,2,11,6.79,73.99,6,28,8
2024-02-24,People's Hospital,17,5,1,0,2,5,24.43,133.7,3,12,11
2024-02-24,Bhopal Memorial Hospital,9,5,1,0,2,10,12.9,109.86,3,30,6
2024-02-24,Bhopal Memorial Hospital,10,5,1,0,2,7,22.36,204.97,2,25,14
2024-02-24,Bhopal Memorial Hospital,11,5,1,0,2,13,15.68,148.0,12,26,15
2024-02-24,Bhopal Memorial Hospital,12,5,1,0,2,6,6.8,46.17,4,27,6
2024-02-24,Bhopal Memorial Hospital,13,5,1,0,2,6,12.05,54.44,6,26,5
2024-02-24,Bhopal Memorial Hospital,14,5,1,0,2,9,16.26,163.06,9,20,12
2024-02-24,Bhopal Memorial Hospital,15,5,1,0,2,7,18.62,79.92,3,25,0
2024-02-24,Bhopal Memorial Hospital,16,5,1,0,2,19,22.19,482.48,13,10,1
2024-02-24,Bhopal Memorial Hospital,17,5,1,0,2,9,12.3,138.31,1,15,19
2024-02-25,AIIMS Bhopal,9,6,1,0,2,9,12.72,140.09,3,11,19
2024-02-25,AIIMS Bhopal,10,6,1,0,2,11,13.59,168.37,5,3,1
2024-02-25,AIIMS Bhopal,11,6,1,0,2,7,8.69,59.04,4,17,15
2024-02-25,AIIMS Bhopal,12,6,1,0,2,14,13.02,259.32,14,16,11
2024-02-25,AIIMS Bhopal,13,6,1,0,2,4,14.45,66.5,3,11,8
2024-02-25,AIIMS Bhopal,14,6,1,0,2,8,19.65,169.99,6,25,2
2024-02-25,AIIMS Bhopal,15,6,1,0,2,13,12.76,151.93,12,28,17
2024-02-25,AIIMS Bhopal,16,6,1,0,2,7,21.06,151.81,7,28,10
2024-02-25,AIIMS Bhopal,17,6,1,0,2,9,13.73,113.6,9,17,16
2024-02-25,Hamidia Hospital,9,6,1,0,2,14,10.68,97.92,12,15,19
2024-02-25,Hamidia Hospital,10,6,1,0,2,15,19.89,292.86,13,7,19
2024-02-25,Hamidia Hospital,11,6,1,0,2,6,10.99,101.9,4,21,4
2024-02-25,Hamidia Hospital,12,6,1,0,2,13,21.06,337.8,11,7,8
2024-02-25,Hamidia Hospital,13,6,1,0,2,8,15.8,172.19,7,25,8
2024-02-25,Hamidia Hospital,14,6,1,0,2,4,14.03,80.31,2,21,14
2024-02-25,Hamidia Hospital,15,6,1,0,2,7,12.08,82.85,7,6,4
2024-02-25,Hamidia Hospital,16,6,1,0,2,7,20.85,141.98,4,3,12
2024-02-25,Hamidia Hospital,17,6,1,0,2,7,19.85,126.52,2,19,16
2024-02-25,Bansal Hospital,9,6,1,0,2,5,13.78,51.83,2,8,4
2024-02-25,Bansal Hospital,10,6,1,0,2,7,16.92,121.7,2,10,5
2024-02-25,Bansal Hospital,11,6,1,0,2,5,21.1,108.82,4,17,13
2024-02-25,Bansal Hospital,12,6,1,0,2,12,21.6,334.22,9,29,19
2024-02-25,Bansal Hospital,13,6,1,0,2,10,20.26,173.11,7,6,0
2024-02-25,Bansal Hospital,14,6,1,0,2,10,17.9,193.99,6,15,2
2024-02-25,Bansal Hospital,15,6,1,0,2,10,20.95,234.9,9,12,10
2024-02-25,Bansal Hospital,16,6,1,0,2,11,13.93,143.26,9,27,1
2024-02-25,Bansal Hospital,17,6,1,0,2,13,13.85,242.09,13,30,17
2024-02-25,Chirayu Medical College,9,6,1,0,2,7,16.17,131.48,7,21,10
2024-02-25,Chirayu Medical College,10,6,1,0,2,7,17.6,126.75,7,3,14
2024-02-25,Chirayu Medical College,11,6,1,0,2,15,15.29,227.41,14,29,8
2024-02-25,Chirayu Medical College,12,6,1,0,2,10,20.09,185.19,8,29,2
2024-02-25,Chirayu Medical College,13,6,1,0,2,7,21.07,153.0,4,16,12
2024-02-25,Chirayu Medical College,14,6,1,0,2,8,14.82,127.75,7,14,9
2024-02-25,Chirayu Medical College,15,6,1,0,2,6,13.41,56.17,2,12,0
2024-02-25,Chirayu Medical College,16,6,1,0,2,16,13.22,206.5,9,27,19
2024-02-25,Chirayu Medical College,17,6,1,0,2,13,20.34,283.42,6,27,17
2024-02-25,People's Hospital,9,6,1,0,2,8,10.44,92.49,5,20,4
2024-02-25,People's Hospital,10,6,1,0,2,15,9.94,140.86,10,15,5
2024-02-25,People's Hospital,11,6,1,0,2,15,9.51,111.54,9,10,17
2024-02-25,People's Hospital,12,6,1,0,2,12,10.47,114.81,11,21,3
2024-02-25,People's Hospital,13,6,1,0,2,9,9.05,76.92,8,28,19
2024-02-25,People's Hospital,14,6,1,0,2,4,12.47,57.12,4,8,11
2024-02-25,People's Hospital,15,6,1,0,2,13,17.89,182.38,7,3,19
2024-02-25,People's Hospital,16,6,1,0,2,11,21.71,320.5,3,16,11
2024-02-25,People's Hospital,17,6,1,0,2,13,18.3,183.35,10,20,5
2024-02-25,Bhopal Memorial Hospital,9,6,1,0,2,12,25.99,327.74,9,30,0
2024-02-25,Bhopal Memorial Hospital,10,6,1,0,2,14,23.72,268.89,13,17,11
2024-02-25,Bhopal Memorial Hospital,11,6,1,0,2,13,5.0,62.71,2,17,15
2024-02-25,Bhopal Memorial Hospital,12,6,1,0,2,13,14.56,205.19,12,7,15
2024-02-25,Bhopal Memorial Hospital,13,6,1,0,2,7,13.08,99.3,1,6,17
2024-02-25,Bhopal Memorial Hospital,14,6,1,0,2,10,16.08,171.93,10,15,4
2024-02-25,Bhopal Memorial Hospital,15,6,1,0,2,12,14.76,198.08,10,18,10
2024-02-25,Bhopal Memorial Hospital,16,6,1,0,2,18,11.28,179.78,9,26,11
2024-02-25,Bhopal Memorial Hospital,17,6,1,0,2,9,16.63,142.59,9,14,9
2024-02-26,AIIMS Bhopal,9,0,0,1,2,26,7.44,199.72,11,16,16
2024-02-26,AIIMS Bhopal,10,0,0,1,2,20,20.25,407.0,5,30,11
2024-02-26,AIIMS Bhopal,11,0,0,1,2,41,18.05,536.26,2,26,1
2024-02-26,AIIMS Bhopal,12,0,0,1,2,14,13.1,164.33,12,13,13
2024-02-26,AIIMS Bhopal,13,0,0,1,2,15,19.22,268.85,4,29,4
2024-02-26,AIIMS Bhopal,14,0,0,1,2,15,17.59,215.28,3,19,5
2024-02-26,AIIMS Bhopal,15,0,0,1,2,35,8.59,219.99,18,3,1
2024-02-26,AIIMS Bhopal,16,0,0,1,2,18,9.21,170.22,17,8,5
2024-02-26,AIIMS Bhopal,17,0,0,1,2,22,14.39,270.65,5,16,2
2024-02-26,Hamidia Hospital,9,0,0,1,2,28,19.67,501.29,26,27,11
2024-02-26,Hamidia Hospital,10,0,0,1,2,14,13.62,192.16,6,20,1
2024-02-26,Hamidia Hospital,11,0,0,1,2,18,17.87,363.11,1,22,5
2024-02-26,Hamidia Hospital,12,0,0,1,2,30,16.45,462.32,27,24,2
2024-02-26,Hamidia Hospital,13,0,0,1,2,17,15.64,286.04,2,26,11
2024-02-26,Hamidia Hospital,14,0,0,1,2,14,22.53,274.32,8,4,18
2024-02-26,Hamidia Hospital,15,0,0,1,2,16,15.32,257.19,3,28,13
2024-02-26,Hamidia Hospital,16,0,0,1,2,32,14.84,466.53,31,11,2
2024-02-26,Hamidia Hospital,17,0,0,1,2,33,11.91,362.42,21,25,9
2024-02-26,Bansal Hospital,9,0,0,1,2,21,15.82,298.26,19,19,14
2024-02-26,Bansal Hospital,10,0,0,1,2,37,10.65,337.23,27,14,4
2024-02-26,Bansal Hospital,11,0,0,1,2,28,14.18,485.32,4,16,2
2024-02-26,Bansal Hospital,12,0,0,1,2,33,24.83,616.42,13,28,9
2024-02-26,Bansal Hospital,13,0,0,1,2,24,22.48,654.86,24,27,2
2024-02-26,Bansal Hospital,14,0,0,1,2,8,14.94,126.8,6,27,17
2024-02-26,Bansal Hospital,15,0,0,1,2,28,15.45,486.74,15,12,6
2024-02-26,Bansal Hospital,16,0,0,1,2,33,10.49,378.39,16,13,4
2024-02-26,Bansal Hospital,17,0,0,1,2,29,10.99,306.6,9,20,13
2024-02-26,Chirayu Medical College,9,0,0,1,2,12,14.87,139.58,10,20,7
2024-02-26,Chirayu Medical College,10,0,0,1,2,28,22.16,439.03,17,9,17
2024-02-26,Chirayu Medical College,11,0,0,1,2,29,18.43,515.53,8,15,9
2024-02-26,Chirayu Medical College,12,0,0,1,2,28,19.29,471.62,11,13,1
2024-02-26,Chirayu Medical College,13,0,0,1,2,21,18.7,228.41,2,15,11
2024-02-26,Chirayu Medical College,14,0,0,1,2,21,12.28,224.99,12,15,5
2024-02-26,Chirayu Medical College,15,0,0,1,2,19,9.06,150.17,1,22,1
2024-02-26,Chirayu Medical College,16,0,0,1,2,45,22.96,861.08,21,6,1
2024-02-26,Chirayu Medical College,17,0,0,1,2,32,12.63,353.68,2,24,19
2024-02-26,People's Hospital,9,0,0,1,2,15,16.41,231.69,2,6,14
2024-02-26,People's Hospital,10,0,0,1,2,42,16.67,677.46,2,7,10
2024-02-26,People's Hospital,11,0,0,1,2,29,13.77,316.13,13,4,5
2024-02-26,People's Hospital,12,0,0,1,2,18,12.28,187.37,12,10,10
2024-02-26,People's Hospital,13,0,0,1,2,15,14.47,199.91,3,3,2
2024-02-26,People's Hospital,14,0,0,1,2,11,18.55,284.06,10,14,1
2024-02-26,People's Hospital,15,0,0,1,2,11,17.27,223.11,1,5,10
2024-02-26,People's Hospital,16,0,0,1,2,19,10.84,276.14,6,14,18
2024-02-26,People's Hospital,17,0,0,1,2,22,7.17,182.19,11,4,14
2024-02-26,Bhopal Memorial Hospital,9,0,0,1,2,23,22.3,565.93,4,27,14
2024-02-26,Bhopal Memorial Hospital,10,0,0,1,2,24,17.5,342.26,18,4,11
2024-02-26,Bhopal Memorial Hospital,11,0,0,1,2,33,9.53,205.1,5,4,0
2024-02-26,Bhopal Memorial Hospital,12,0,0,1,2,28,13.58,491.52,7,12,0
2024-02-26,Bhopal Memorial Hospital,13,0,0,1,2,13,13.06,128.29,1,11,11
2024-02-26,Bhopal Memorial Hospital,14,0,0,1,2,11,22.59,209.55,7,4,16
2024-02-26,Bhopal Memorial Hospital,15,0,0,1,2,23,19.6,495.21,21,22,3
2024-02-26,Bhopal Memorial Hospital,16,0,0,1,2,27,18.62,497.26,20,22,5
2024-02-26,Bhopal Memorial Hospital,17,0,0,1,2,35,10.72,473.28,16,14,18
2024-02-27,AIIMS Bhopal,9,1,0,0,2,18,17.29,358.2,3,4,1
2024-02-27,AIIMS Bhopal,10,1,0,0,2,27,20.06,509.83,19,3,0
2024-02-27,AIIMS Bhopal,11,1,0,0,2,26,6.37,131.34,18,4,2
2024-02-27,AIIMS Bhopal,12,1,0,0,2,25,11.74,334.69,9,4,7
2024-02-27,AIIMS Bhopal,13,1,0,0,2,16,8.84,141.2,5,25,6
2024-02-27,AIIMS Bhopal,14,1,0,0,2,9,12.01,100.49,6,30,7
2024-02-27,AIIMS Bhopal,15,1,0,0,2,8,19.65,157.81,7,27,5
2024-02-27,AIIMS Bhopal,16,1,0,0,2,23,13.68,353.52,21,14,0
2024-02-27,AIIMS Bhopal,17,1,0,0,2,10,5.0,51.24,6,11,4
2024-02-27,Hamidia Hospital,9,1,0,0,2,20,15.77,342.58,18,11,5
2024-02-27,Hamidia Hospital,10,1,0,0,2,11,10.91,94.6,10,25,4
2024-02-27,Hamidia Hospital,11,1,0,0,2,19,15.84,250.87,4,5,0
2024-02-27,Hamidia Hospital,12,1,0,0,2,9,9.82,77.42,7,29,1
2024-02-27,Hamidia Hospital,13,1,0,0,2,13,15.2,253.92,9,20,13
2024-02-27,Hamidia Hospital,14,1,0,0,2,16,14.99,247.81,4,5,12
2024-02-27,Hamidia Hospital,15,1,0,0,2,20,8.32,186.74,20,3,9
2024-02-27,Hamidia Hospital,16,1,0,0,2,23,23.75,481.19,15,13,18
2024-02-27,Hamidia Hospital,17,1,0,0,2,25,16.24,307.63,11,30,18
2024-02-27,Bansal Hospital,9,1,0,0,2,13,19.57,290.19,10,27,13
2024-02-27,Bansal Hospital,10,1,0,0,2,22,15.61,361.84,8,16,5
2024-02-27,Bansal Hospital,11,1,0,0,2,10,16.65,154.36,6,14,16
2024-02-27,Bansal Hospital,12,1,0,0,2,13,18.93,271.84,8,3,19
2024-02-27,Bansal Hospital,13,1,0,0,2,8,19.34,154.95,2,28,11
2024-02-27,Bansal Hospital,14,1,0,0,2,9,16.02,191.74,1,8,6
2024-02-27,Bansal Hospital,15,1,0,0,2,21,14.26,264.78,21,28,19
2024-02-27,Bansal Hospital,16,1,0,0,2,16,22.94,432.95,4,19,18
2024-02-27,Bansal Hospital,17,1,0,0,2,23,13.96,224.77,19,6,13
2024-02-27,Chirayu Medical College,9,1,0,0,2,11,15.68,132.06,4,20,11
2024-02-27,Chirayu Medical College,10,1,0,0,2,23,13.43,301.01,19,13,18
2024-02-27,Chirayu Medical College,11,1,0,0,2,28,13.35,295.3,23,25,3
2024-02-27,Chirayu Medical College,12,1,0,0,2,20,13.87,271.59,2,27,10
2024-02-27,Chirayu Medical College,13,1,0,0,2,10,8.25,86.21,10,30,6
2024-02-27,Chirayu Medical College,14,1,0,0,2,7,11.29,74.52,2,19,18
2024-02-27,Chirayu Medical College,15,1,0,0,2,23,20.82,376.56,9,13,9
2024-02-27,Chirayu Medical College,16,1,0,0,2,11,7.78,38.65,3,8,15
2024-02-27,Chirayu Medical College,17,1,0,0,2,13,17.5,227.74,4,22,9
2024-02-27,People's Hospital,9,1,0,0,2,25,21.36,709.39,8,7,4
2024-02-27,People's Hospital,10,1,0,0,2,11,14.96,191.09,8,11,6
2024-02-27,People's Hospital,11,1,0,0,2,15,22.06,270.97,12,6,2
2024-02-27,People's Hospital,12,1,0,0,2,21,24.88,479.89,19,22,6
2024-02-27,People's Hospital,13,1,0,0,2,5,11.97,42.55,1,7,1
2024-02-27,People's Hospital,14,1,0,0,2,9,18.19,160.21,3,10,4
2024-02-27,People's Hospital,15,1,0,0,2,12,14.03,129.69,3,25,3
2024-02-27,People's Hospital,16,1,0,0,2,19,13.17,273.7,5,19,2
2024-02-27,People's Hospital,17,1,0,0,2,21,14.36,317.75,9,15,6
2024-02-27,Bhopal Memorial Hospital,9,1,0,0,2,8,11.91,62.91,6,25,19
2024-02-27,Bhopal Memorial Hospital,10,1,0,0,2,19,18.95,329.25,15,14,12
2024-02-27,Bhopal Memorial Hospital,11,1,0,0,2,14,12.82,162.99,13,5,0
2024-02-27,Bhopal Memorial Hospital,12,1,0,0,2,13,16.73,216.4,11,29,2
2024-02-27,Bhopal Memorial Hospital,13,1,0,0,2,16,12.6,278.49,2,30,5
2024-02-27,Bhopal Memorial Hospital,14,1,0,0,2,16,16.91,397.91,1,11,7
2024-02-27,Bhopal Memorial Hospital,15,1,0,0,2,25,15.64,364.85,13,15,5
2024-02-27,Bhopal Memorial Hospital,16,1,0,0,2,15,8.44,107.92,4,6,13
2024-02-27,Bhopal Memorial Hospital,17,1,0,0,2,23,16.35,378.32,13,20,11
2024-02-28,AIIMS Bhopal,9,2,0,0,2,21,19.74,262.73,15,27,1
2024-02-28,AIIMS Bhopal,10,2,0,0,2,26,15.41,480.3,5,5,18
2024-02-28,AIIMS Bhopal,11,2,0,0,2,31,16.27,414.12,2,12,18
2024-02-28,AIIMS Bhopal,12,2,0,0,2,17,16.26,181.31,10,23,1
2024-02-28,AIIMS Bhopal,13,2,0,0,2,15,18.89,271.18,4,24,9
2024-02-28,AIIMS Bhopal,14,2,0,0,2,9,13.94,93.67,6,3,9
2024-02-28,AIIMS Bhopal,15,2,0,0,2,20,16.29,362.47,6,15,4
2024-02-28,AIIMS Bhopal,16,2,0,0,2,27,16.48,414.81,10,7,8
2024-02-28,AIIMS Bhopal,17,2,0,0,2,14,16.32,162.58,14,26,10
2024-02-28,Hamidia Hospital,9,2,0,0,2,25,13.94,296.84,5,6,16
2024-02-28,Hamidia Hospital,10,2,0,0,2,31,8.47,163.84,18,26,15
2024-02-28,Hamidia Hospital,11,2,0,0,2,14,14.41,108.84,3,23,7
2024-02-28,Hamidia Hospital,12,2,0,0,2,17,20.27,284.89,13,11,7
2024-02-28,Hamidia Hospital,13,2,0,0,2,9,8.27,64.57,3,26,9
2024-02-28,Hamidia Hospital,14,2,0,0,2,15,17.54,257.58,6,24,1
2024-02-28,Hamidia Hospital,15,2,0,0,2,19,12.2,225.28,9,9,1
2024-02-28,Hamidia Hospital,16,2,0,0,2,19,20.53,447.33,12,30,16
2024-02-28,Hamidia Hospital,17,2,0,0,2,23,11.79,300.47,9,14,14
2024-02-28,Bansal Hospital,9,2,0,0,2,20,19.45,338.66,9,18,10
2024-02-28,Bansal Hospital,10,2,0,0,2,28,9.86,326.73,24,28,8
2024-02-28,Bansal Hospital,11,2,0,0,2,23,18.57,400.8,8,16,11
2024-02-28,Bansal Hospital,12,2,0,0,2,23,18.17,414.31,13,26,19
2024-02-28,Bansal Hospital,13,2,0,0,2,16,9.64,191.95,14,9,8
2024-02-28,Bansal Hospital,14,2,0,0,2,8,18.22,158.54,6,3,17
2024-02-28,Bansal Hospital,15,2,0,0,2,8,6.82,43.62,5,19,2
2024-02-28,Bansal Hospital,16,2,0,0,2,23,16.59,452.46,5,13,11
2024-02-28,Bansal Hospital,17,2,0,0,2,20,8.84,217.98,6,6,7
2024-02-28,Chirayu Medical College,9,2,0,0,2,8,5.0,46.52,3,10,11
2024-02-28,Chirayu Medical College,10,2,0,0,2,14,14.61,244.7,14,12,1
2024-02-28,Chirayu Medical College,11,2,0,0,2,20,11.91,186.97,8,28,5
2024-02-28,Chirayu Medical College,12,2,0,0,2,21,16.38,290.69,11,12,6
2024-02-28,Chirayu Medical College,13,2,0,0,2,6,11.05,70.32,6,27,14
2024-02-28,Chirayu Medical College,14,2,0,0,2,10,21.92,277.48,1,3,17
2024-02-28,Chirayu Medical College,15,2,0,0,2,11,10.08,111.63,6,8,4
2024-02-28,Chirayu Medical College,16,2,0,0,2,14,20.68,334.39,8,5,17
2024-02-28,Chirayu Medical College,17,2,0,0,2,16,13.86,249.37,9,26,5
2024-02-28,People's Hospital,9,2,0,0,2,21,18.64,331.89,15,11,8
2024-02-28,People's Hospital,10,2,0,0,2,29,19.47,604.56,21,8,0
2024-02-28,People's Hospital,11,2,0,0,2,31,11.9,404.77,24,29,4
2024-02-28,People's Hospital,12,2,0,0,2,15,18.69,245.16,3,21,13
2024-02-28,People's Hospital,13,2,0,0,2,14,13.31,151.63,4,17,0
2024-02-28,People's Hospital,14,2,0,0,2,7,14.74,110.47,7,4,11
2024-02-28,People's Hospital,15,2,0,0,2,12,18.62,127.87,2,3,11
2024-02-28,People's Hospital,16,2,0,0,2,23,11.53,202.52,2,4,0
2024-02-28,People's Hospital,17,2,0,0,2,12,8.97,110.98,12,7,2
2024-02-28,Bhopal Memorial Hospital,9,2,0,0,2,17,16.74,343.0,7,6,13
2024-02-28,Bhopal Memorial Hospital,10,2,0,0,2,10,12.72,116.14,10,25,3
2024-02-28,Bhopal Memorial Hospital,11,2,0,0,2,18,15.4,209.42,3,18,5
2024-02-28,Bhopal Memorial Hospital,12,2,0,0,2,9,15.85,160.58,6,14,4
2024-02-28,Bhopal Memorial Hospital,13,2,0,0,2,16,15.4,216.1,1,22,5
2024-02-28,Bhopal Memorial Hospital,14,2,0,0,2,16,15.78,207.18,12,22,11
2024-02-28,Bhopal Memorial Hospital,15,2,0,0,2,14,16.91,222.3,3,23,14
2024-02-28,Bhopal Memorial Hospital,16,2,0,0,2,19,14.19,236.3,17,22,19
2024-02-28,Bhopal Memorial Hospital,17,2,0,0,2,13,18.8,244.85,8,25,7
2024-02-29,AIIMS Bhopal,9,3,0,0,2,19,15.44,334.92,14,5,16
2024-02-29,AIIMS Bhopal,10,3,0,0,2,24,19.43,448.04,3,4,17
2024-02-29,AIIMS Bhopal,11,3,0,0,2,28,17.47,507.03,20,18,3
2024-02-29,AIIMS Bhopal,12,3,0,0,2,24,17.64,274.03,7,15,1
2024-02-29,AIIMS Bhopal,13,3,0,0,2,7,17.06,120.49,4,6,11
2024-02-29,AIIMS Bhopal,14,3,0,0,2,17,16.78,429.37,6,25,2
2024-02-29,AIIMS Bhopal,15,3,0,0,2,23,11.14,171.14,14,25,8
2024-02-29,AIIMS Bhopal,16,3,0,0,2,32,19.42,454.47,31,9,10
2024-02-29,AIIMS Bhopal,17,3,0,0,2,22,15.05,296.01,7,9,4
2024-02-29,Hamidia Hospital,9,3,0,0,2,12,23.58,245.44,9,3,3
2024-02-29,Hamidia Hospital,10,3,0,0,2,22,14.95,366.82,18,24,18
2024-02-29,Hamidia Hospital,11,3,0,0,2,15,13.8,147.0,11,23,5
2024-02-29,Hamidia Hospital,12,3,0,0,2,13,14.63,154.83,1,15,5
2024-02-29,Hamidia Hospital,13,3,0,0,2,12,16.42,252.84,7,10,15
2024-02-29,Hamidia Hospital,14,3,0,0,2,10,20.28,226.62,9,4,8
2024-02-29,Hamidia Hospital,15,3,0,0,2,20,13.12,206.51,4,29,7
2024-02-29,Hamidia Hospital,16,3,0,0,2,10,11.53,117.15,9,12,3
2024-02-29,Hamidia Hospital,17,3,0,0,2,25,14.7,378.45,22,5,7
2024-02-29,Bansal Hospital,9,3,0,0,2,20,17.69,446.34,17,28,9
2024-02-29,Bansal Hospital,10,3,0,0,2,26,15.98,569.99,16,24,11
2024-02-29,Bansal Hospital,11,3,0,0,2,26,20.97,613.65,26,18,1
2024-02-29,Bansal Hospital,12,3,0,0,2,19,12.84,301.43,6,23,2
2024-02-29,Bansal Hospital,13,3,0,0,2,13,24.42,407.87,5,5,2
2024-02-29,Bansal Hospital,14,3,0,0,2,12,13.47,184.15,10,24,2
2024-02-29,Bansal Hospital,15,3,0,0,2,20,12.69,234.68,11,17,17
2024-02-29,Bansal Hospital,16,3,0,0,2,29,13.4,427.26,16,28,0
2024-02-29,Bansal Hospital,17,3,0,0,2,12,17.42,211.88,3,24,0
2024-02-29,Chirayu Medical College,9,3,0,0,2,10,10.83,86.38,2,7,2
2024-02-29,Chirayu Medical College,10,3,0,0,2,15,11.64,252.26,10,10,13
2024-02-29,Chirayu Medical College,11,3,0,0,2,26,9.97,274.73,15,15,1
2024-02-29,Chirayu Medical College,12,3,0,0,2,24,13.45,326.82,14,18,15
2024-02-29,Chirayu Medical College,13,3,0,0,2,10,19.76,223.41,3,7,14
2024-02-29,Chirayu Medical College,14,3,0,0,2,14,14.56,195.19,6,25,18
2024-02-29,Chirayu Medical College,15,3,0,0,2,24,10.57,241.11,18,16,11
2024-02-29,Chirayu Medical College,16,3,0,0,2,19,20.06,230.62,19,25,9
2024-02-29,Chirayu Medical College,17,3,0,0,2,14,16.31,241.67,13,15,10
2024-02-29,People's Hospital,9,3,0,0,2,17,18.75,465.03,11,8,7
2024-02-29,People's Hospital,10,3,0,0,2,14,16.44,251.56,10,5,11
2024-02-29,People's Hospital,11,3,0,0,2,10,15.71,121.27,7,11,9
2024-02-29,People's Hospital,12,3,0,0,2,22,16.0,297.24,1,25,1
2024-02-29,People's Hospital,13,3,0,0,2,5,21.68,152.33,4,15,9
2024-02-29,People's Hospital,14,3,0,0,2,11,8.48,84.54,8,15,9
2024-02-29,People's Hospital,15,3,0,0,2,22,7.44,122.73,3,16,6
2024-02-29,People's Hospital,16,3,0,0,2,26,18.26,411.17,2,11,10
2024-02-29,People's Hospital,17,3,0,0,2,9,17.96,165.15,6,25,7
2024-02-29,Bhopal Memorial Hospital,9,3,0,0,2,23,16.67,480.6,13,11,18
2024-02-29,Bhopal Memorial Hospital,10,3,0,0,2,27,7.36,130.59,15,5,3
2024-02-29,Bhopal Memorial Hospital,11,3,0,0,2,24,19.01,563.31,8,13,6
2024-02-29,Bhopal Memorial Hospital,12,3,0,0,2,9,13.17,88.64,1,8,11
2024-02-29,Bhopal Memorial Hospital,13,3,0,0,2,13,18.78,282.36,8,16,6
2024-02-29,Bhopal Memorial Hospital,14,3,0,0,2,14,11.36,248.67,14,13,19
2024-02-29,Bhopal Memorial Hospital,15,3,0,0,2,17,19.82,289.69,11,22,12
2024-02-29,Bhopal Memorial Hospital,16,3,0,0,2,24,18.66,404.47,14,10,9
2024-02-29,Bhopal Memorial Hospital,17,3,0,0,2,18,15.19,162.01,10,26,7
2024-03-01,AIIMS Bhopal,9,4,0,0,3,17,13.21,148.39,10,22,3
2024-03-01,AIIMS Bhopal,10,4,0,0,3,26,10.07,231.7,8,27,19
2024-03-01,AIIMS Bhopal,11,4,0,0,3,19,19.84,220.05,9,11,18
2024-03-01,AIIMS Bhopal,12,4,0,0,3,22,13.86,382.64,9,16,8
2024-03-01,AIIMS Bhopal,13,4,0,0,3,5,9.07,43.17,5,8,4
2024-03-01,AIIMS Bhopal,14,4,0,0,3,10,18.41,193.79,7,7,19
2024-03-01,AIIMS Bhopal,15,4,0,0,3,23,14.54,288.0,19,24,17
2024-03-01,AIIMS Bhopal,16,4,0,0,3,31,6.91,164.64,4,10,5
2024-03-01,AIIMS Bhopal,17,4,0,0,3,11,28.65,270.4,10,17,4
2024-03-01,Hamidia Hospital,9,4,0,0,3,9,14.29,116.71,8,27,1
2024-03-01,Hamidia Hospital,10,4,0,0,3,29,11.02,440.96,17,14,6
2024-03-01,Hamidia Hospital,11,4,0,0,3,22,10.21,167.21,12,13,15
2024-03-01,Hamidia Hospital,12,4,0,0,3,12,16.31,180.05,4,3,1
2024-03-01,Hamidia Hospital,13,4,0,0,3,11,14.25,189.63,5,15,2
2024-03-01,Hamidia Hospital,14,4,0,0,3,8,14.53,99.93,1,29,0
2024-03-01,Hamidia Hospital,15,4,0,0,3,12,21.51,194.82,2,7,3
2024-03-01,Hamidia Hospital,16,4,0,0,3,18,14.55,203.91,13,30,11
2024-03-01,Hamidia Hospital,17,4,0,0,3,24,13.94,270.18,11,21,10
2024-03-01,Bansal Hospital,9,4,0,0,3,23,19.96,432.79,14,28,2
2024-03-01,Bansal Hospital,10,4,0,0,3,18,17.92,305.44,12,20,9
2024-03-01,Bansal Hospital,11,4,0,0,3,18,14.79,313.55,13,10,2
2024-03-01,Bansal Hospital,12,4,0,0,3,10,15.85,197.54,6,4,6
2024-03-01,Bansal Hospital,13,4,0,0,3,11,17.01,171.59,7,8,4
2024-03-01,Bansal Hospital,14,4,0,0,3,6,16.65,89.67,4,12,5
2024-03-01,Bansal Hospital,15,4,0,0,3,16,10.13,188.39,1,12,7
2024-03-01,Bansal Hospital,16,4,0,0,3,28,14.08,314.46,24,25,12
2024-03-01,Bansal Hospital,17,4,0,0,3,25,15.5,370.15,21,13,4
2024-03-01,Chirayu Medical College,9,4,0,0,3,16,11.11,209.68,2,7,2
2024-03-01,Chirayu Medical College,10,4,0,0,3,29,11.96,368.45,15,11,6
2024-03-01,Chirayu Medical College,11,4,0,0,3,11,12.53,187.95,1,7,7
2024-03-01,Chirayu Medical College,12,4,0,0,3,25,17.07,270.92,2,8,5
2024-03-01,Chirayu Medical College,13,4,0,0,3,17,12.49,190.51,13,13,5
2024-03-01,Chirayu Medical College,14,4,0,0,3,15,15.07,152.86,13,27,5
2024-03-01,Chirayu Medical College,15,4,0,0,3,14,16.47,283.82,3,22,7
2024-03-01,Chirayu Medical College,16,4,0,0,3,10,16.41,177.41,7,21,3
2024-03-01,Chirayu Medical College,17,4,0,0,3,14,15.16,218.0,1,10,6
2024-03-01,People's Hospital,9,4,0,0,3,16,11.38,203.53,4,24,13
2024-03-01,People's Hospital,10,4,0,0,3,28,10.13,361.73,15,30,13
2024-03-01,People's Hospital,11,4,0,0,3,15,15.89,173.82,6,27,10
2024-03-01,People's Hospital,12,4,0,0,3,15,16.1,231.67,5,23,11
2024-03-01,People's Hospital,13,4,0,0,3,9,23.95,250.96,3,10,18
2024-03-01,People's Hospital,14,4,0,0,3,17,15.9,171.61,6,10,0
2024-03-01,People's Hospital,15,4,0,0,3,14,13.83,279.49,13,7,1
2024-03-01,People's Hospital,16,4,0,0,3,15,10.71,151.76,13,21,0
2024-03-01,People's Hospital,17,4,0,0,3,10,12.71,131.42,3,24,4
2024-03-01,Bhopal Memorial Hospital,9,4,0,0,3,17,18.66,336.97,15,29,13
2024-03-01,Bhopal Memorial Hospital,10,4,0,0,3,20,12.32,193.95,4,29,15
2024-03-01,Bhopal Memorial Hospital,11,4,0,0,3,29,13.66,451.55,4,22,19
2024-03-01,Bhopal Memorial Hospital,12,4,0,0,3,13,16.14,203.82,6,23,17
2024-03-01,Bhopal Memorial Hospital,13,4,0,0,3,10,6.24,55.95,3,28,15
2024-03-01,Bhopal Memorial Hospital,14,4,0,0,3,8,10.67,114.71,2,8,4
2024-03-01,Bhopal Memorial Hospital,15,4,0,0,3,18,9.14,130.01,11,15,12
2024-03-01,Bhopal Memorial Hospital,16,4,0,0,3,32,14.39,529.78,10,10,15
2024-03-01,Bhopal Memorial Hospital,17,4,0,0,3,15,11.94,151.01,13,5,5
2024-03-02,AIIMS Bhopal,9,5,1,0,3,6,16.16,102.96,1,6,16
2024-03-02,AIIMS Bhopal,10,5,1,0,3,16,16.14,255.11,12,25,17
2024-03-02,AIIMS Bhopal,11,5,1,0,3,15,17.32,179.71,1,24,2
2024-03-02,AIIMS Bhopal,12,5,1,0,3,13,19.89,177.13,8,12,1
2024-03-02,AIIMS Bhopal,13,5,1,0,3,6,11.96,64.01,5,22,19
2024-03-02,AIIMS Bhopal,14,5,1,0,3,6,14.14,74.87,3,26,3
2024-03-02,AIIMS Bhopal,15,5,1,0,3,13,16.99,237.31,8,15,8
2024-03-02,AIIMS Bhopal,16,5,1,0,3,11,15.82,211.62,3,3,11
2024-03-02,AIIMS Bhopal,17,5,1,0,3,10,16.15,174.33,3,15,10
2024-03-02,Hamidia Hospital,9,5,1,0,3,9,10.15,77.12,4,9,0
2024-03-02,Hamidia Hospital,10,5,1,0,3,19,16.09,268.14,10,12,9
2024-03-02,Hamidia Hospital,11,5,1,0,3,16,20.43,240.56,10,19,16
2024-03-02,Hamidia Hospital,12,5,1,0,3,13,9.74,124.8,6,3,8
2024-03-02,Hamidia Hospital,13,5,1,0,3,9,17.39,158.98,6,22,12
2024-03-02,Hamidia Hospital,14,5,1,0,3,9,14.38,120.32,6,9,14
2024-03-02,Hamidia Hospital,15,5,1,0,3,13,14.71,250.7,3,15,13
2024-03-02,Hamidia Hospital,16,5,1,0,3,10,19.4,261.08,6,16,7
2024-03-02,Hamidia Hospital,17,5,1,0,3,9,18.58,236.45,8,13,5
2024-03-02,Bansal Hospital,9,5,1,0,3,7,19.41,117.39,1,16,2
2024-03-02,Bansal Hospital,10,5,1,0,3,15,14.02,224.62,13,22,4
2024-03-02,Bansal Hospital,11,5,1,0,3,5,12.04,47.28,2,7,18
2024-03-02,Bansal Hospital,12,5,1,0,3,10,17.62,197.04,7,9,1
2024-03-02,Bansal Hospital,13,5,1,0,3,4,12.07,43.73,4,10,13
2024-03-02,Bansal Hospital,14,5,1,0,3,6,8.79,56.56,2,23,13
2024-03-02,Bansal Hospital,15,5,1,0,3,7,17.97,90.07,6,27,5
2024-03-02,Bansal Hospital,16,5,1,0,3,6,13.55,84.03,6,11,19
2024-03-02,Bansal Hospital,17,5,1,0,3,14,20.86,306.75,6,6,6
2024-03-02,Chirayu Medical College,9,5,1,0,3,8,14.54,99.98,1,4,8
2024-03-02,Chirayu Medical College,10,5,1,0,3,19,16.7,280.98,6,5,2
2024-03-02,Chirayu Medical College,11,5,1,0,3,9,16.05,134.08,3,28,2
2024-03-02,Chirayu Medical College,12,5,1,0,3,11,14.98,125.3,2,25,11
2024-03-02,Chirayu Medical College,13,5,1,0,3,10,17.43,205.0,7,20,15
2024-03-02,Chirayu Medical College,14,5,1,0,3,8,14.85,121.72,2,19,10
2024-03-02,Chirayu Medical College,15,5,1,0,3,9,13.7,120.31,5,12,4
2024-03-02,Chirayu Medical College,16,5,1,0,3,5,18.82,99.06,5,19,15
2024-03-02,Chirayu Medical College,17,5,1,0,3,13,12.04,129.21,6,19,10
2024-03-02,People's Hospital,9,5,1,0,3,12,12.89,135.52,7,26,9
2024-03-02,People's Hospital,10,5,1,0,3,7,9.71,55.6,2,12,5
2024-03-02,People's Hospital,11,5,1,0,3,7,10.13,56.54,4,28,4
2024-03-02,People's Hospital,12,5,1,0,3,7,17.27,127.84,3,25,2
2024-03-02,People's Hospital,13,5,1,0,3,3,13.82,52.61,3,9,3
2024-03-02,People's Hospital,14,5,1,0,3,7,13.98,52.02,5,27,3
2024-03-02,People's Hospital,15,5,1,0,3,6,9.56,60.25,2,29,13
2024-03-02,People's Hospital,16,5,1,0,3,11,10.64,104.03,11,8,16
2024-03-02,People's Hospital,17,5,1,0,3,8,18.87,175.47,1,10,13
2024-03-02,Bhopal Memorial Hospital,9,5,1,0,3,12,9.48,133.74,12,8,0
2024-03-02,Bhopal Memorial Hospital,10,5,1,0,3,6,24.38,148.6,6,8,17
2024-03-02,Bhopal Memorial Hospital,11,5,1,0,3,13,16.4,253.32,2,3,10
2024-03-02,Bhopal Memorial Hospital,12,5,1,0,3,5,13.83,76.89,2,19,7
2024-03-02,Bhopal Memorial Hospital,13,5,1,0,3,10,12.66,69.23,9,25,5
2024-03-02,Bhopal Memorial Hospital,14,5,1,0,3,8,18.04,110.92,1,4,14
2024-03-02,Bhopal Memorial Hospital,15,5,1,0,3,12,10.84,124.23,8,27,13
2024-03-02,Bhopal Memorial Hospital,16,5,1,0,3,11,16.57,164.48,9,9,16
2024-03-02,Bhopal Memorial Hospital,17,5,1,0,3,12,11.16,84.77,4,9,15
2024-03-03,AIIMS Bhopal,9,6,1,0,3,12,16.35,186.6,6,23,3
2024-03-03,AIIMS Bhopal,10,6,1,0,3,19,20.69,325.11,13,8,12
2024-03-03,AIIMS Bhopal,11,6,1,0,3,16,18.38,332.4,10,27,3
2024-03-03,AIIMS Bhopal,12,6,1,0,3,4,17.56,68.7,2,9,7
2024-03-03,AIIMS Bhopal,13,6,1,0,3,4,19.05,87.3,2,14,5
2024-03-03,AIIMS Bhopal,14,6,1,0,3,9,14.48,88.38,2,19,15
2024-03-03,AIIMS Bhopal,15,6,1,0,3,10,13.24,88.9,1,15,15
2024-03-03,AIIMS Bhopal,16,6,1,0,3,16,10.63,202.61,14,27,11
2024-03-03,AIIMS Bhopal,17,6,1,0,3,7,23.56,167.67,5,19,3
2024-03-03,Hamidia Hospital,9,6,1,0,3,9,15.03,145.92,3,17,19
2024-03-03,Hamidia Hospital,10,6,1,0,3,16,16.92,263.43,4,14,18
2024-03-03,Hamidia Hospital,11,6,1,0,3,15,10.67,141.06,4,20,9
2024-03-03,Hamidia Hospital,12,6,1,0,3,11,13.67,134.39,11,3,4
2024-03-03,Hamidia Hospital,13,6,1,0,3,8,10.58,102.94,7,20,12
2024-03-03,Hamidia Hospital,14,6,1,0,3,4,12.14,42.72,1,7,10
2024-03-03,Hamidia Hospital,15,6,1,0,3,13,16.57,272.69,10,21,5
2024-03-03,Hamidia Hospital,16,6,1,0,3,13,12.5,201.66,11,16,0
2024-03-03,Hamidia Hospital,17,6,1,0,3,13,14.38,109.15,10,30,19
2024-03-03,Bansal Hospital,9,6,1,0,3,4,9.71,42.54,2,27,19
2024-03-03,Bansal Hospital,10,6,1,0,3,15,5.0,95.83,5,5,14
2024-03-03,Bansal Hospital,11,6,1,0,3,15,9.88,151.95,9,28,19
2024-03-03,Bansal Hospital,12,6,1,0,3,13,12.88,214.84,5,20,11
2024-03-03,Bansal Hospital,13,6,1,0,3,7,13.69,100.05,5,9,19
2024-03-03,Bansal Hospital,14,6,1,0,3,9,16.12,133.44,8,10,9
2024-03-03,Bansal Hospital,15,6,1,0,3,13,9.4,118.1,4,15,18
2024-03-03,Bansal Hospital,16,6,1,0,3,19,15.68,271.53,13,12,18
2024-03-03,Bansal Hospital,17,6,1,0,3,15,18.26,281.82,1,28,19
2024-03-03,Chirayu Medical College,9,6,1,0,3,7,12.5,69.51,4,3,10
2024-03-03,Chirayu Medical College,10,6,1,0,3,9,21.16,244.31,1,8,12
2024-03-03,Chirayu Medical College,11,6,1,0,3,9,16.1,142.89,7,12,17
2024-03-03,Chirayu Medical College,12,6,1,0,3,5,19.98,102.76,3,20,8
2024-03-03,Chirayu Medical College,13,6,1,0,3,7,8.19,54.89,1,20,17
2024-03-03,Chirayu Medical College,14,6,1,0,3,10,17.18,219.11,1,13,15
2024-03-03,Chirayu Medical College,15,6,1,0,3,10,12.51,98.03,4,22,19
2024-03-03,Chirayu Medical College,16,6,1,0,3,16,14.41,320.92,4,20,11
2024-03-03,Chirayu Medical College,17,6,1,0,3,12,17.92,211.97,3,17,11
2024-03-03,People's Hospital,9,6,1,0,3,4,17.65,73.44,3,26,12
2024-03-03,People's Hospital,10,6,1,0,3,15,21.72,407.36,13,22,11
2024-03-03,People's Hospital,11,6,1,0,3,10,25.44,268.94,6,15,9
2024-03-03,People's Hospital,12,6,1,0,3,6,8.62,45.42,2,29,14
2024-03-03,People's Hospital,13,6,1,0,3,10,10.66,67.43,5,16,14
2024-03-03,People's Hospital,14,6,1,0,3,3,10.43,31.16,3,3,3
2024-03-03,People's Hospital,15,6,1,0,3,14,10.93,158.47,11,28,1
2024-03-03,People's Hospital,16,6,1,0,3,5,20.05,122.03,4,14,3
2024-03-03,People's Hospital,17,6,1,0,3,5,16.07,116.13,3,11,4
2024-03-03,Bhopal Memorial Hospital,9,6,1,0,3,5,12.49,68.65,3,16,17
2024-03-03,Bhopal Memorial Hospital,10,6,1,0,3,15,16.62,205.38,5,4,12
2024-03-03,Bhopal Memorial Hospital,11,6,1,0,3,9,15.48,125.28,6,14,19
2024-03-03,Bhopal Memorial Hospital,12,6,1,0,3,12,16.51,182.63,7,27,5
2024-03-03,Bhopal Memorial Hospital,13,6,1,0,3,4,17.34,66.09,1,13,7
2024-03-03,Bhopal Memorial Hospital,14,6,1,0,3,5,20.26,89.13,3,17,0
2024-03-03,Bhopal Memorial Hospital,15,6,1,0,3,9,10.42,93.95,7,12,17
2024-03-03,Bhopal Memorial Hospital,16,6,1,0,3,13,13.58,147.84,10,10,19
2024-03-03,Bhopal Memorial Hospital,17,6,1,0,3,12,14.17,183.62,4,20,7
2024-03-04,AIIMS Bhopal,9,0,0,1,3,25,22.53,571.39,5,12,10
2024-03-04,AIIMS Bhopal,10,0,0,1,3,33,15.48,571.19,4,3,7
2024-03-04,AIIMS Bhopal,11,0,0,1,3,36,16.78,659.51,6,30,2
2024-03-04,AIIMS Bhopal,12,0,0,1,3,32,15.57,670.93,10,23,14
2024-03-04,AIIMS Bhopal,13,0,0,1,3,22,18.79,532.19,18,23,17
2024-03-04,AIIMS Bhopal,14,0,0,1,3,14,11.23,130.28,12,24,10
2024-03-04,AIIMS Bhopal,15,0,0,1,3,35,13.86,539.63,20,8,11
2024-03-04,AIIMS Bhopal,16,0,0,1,3,20,14.2,236.12,13,6,16
2024-03-04,AIIMS Bhopal,17,0,0,1,3,25,9.49,241.58,15,5,1
2024-03-04,Hamidia Hospital,9,0,0,1,3,25,19.24,421.8,21,4,11
2024-03-04,Hamidia Hospital,10,0,0,1,3,29,12.49,329.5,15,12,8
2024-03-04,Hamidia Hospital,11,0,0,1,3,41,15.47,754.53,14,14,4
2024-03-04,Hamidia Hospital,12,0,0,1,3,23,10.46,262.77,10,6,14
2024-03-04,Hamidia Hospital,13,0,0,1,3,10,12.9,146.16,10,17,6
2024-03-04,Hamidia Hospital,14,0,0,1,3,15,12.89,274.07,4,4,10
2024-03-04,Hamidia Hospital,15,0,0,1,3,21,10.07,215.26,8,9,3
2024-03-04,Hamidia Hospital,16,0,0,1,3,42,15.34,696.65,5,25,6
2024-03-04,Hamidia Hospital,17,0,0,1,3,21,17.22,283.5,20,8,13
2024-03-04,Bansal Hospital,9,0,0,1,3,12,10.27,120.8,3,28,17
2024-03-04,Bansal Hospital,10,0,0,1,3,18,13.51,267.28,18,18,6
2024-03-04,Bansal Hospital,11,0,0,1,3,14,13.88,242.6,3,13,2
2024-03-04,Bansal Hospital,12,0,0,1,3,25,16.81,503.19,10,16,10
2024-03-04,Bansal Hospital,13,0,0,1,3,13,20.79,231.37,8,28,16
2024-03-04,Bansal Hospital,14,0,0,1,3,8,19.14,176.67,2,14,13
2024-03-04,Bansal Hospital,15,0,0,1,3,32,16.23,597.1,25,18,2
2024-03-04,Bansal Hospital,16,0,0,1,3,41,11.35,497.2,11,21,12
2024-03-04,Bansal Hospital,17,0,0,1,3,14,17.84,246.88,14,15,4
2024-03-04,Chirayu Medical College,9,0,0,1,3,22,19.31,347.78,14,11,10
2024-03-04,Chirayu Medical College,10,0,0,1,3,15,10.96,137.05,13,3,1
2024-03-04,Chirayu Medical College,11,0,0,1,3,19,20.14,413.33,11,18,7
2024-03-04,Chirayu Medical College,12,0,0,1,3,11,12.14,129.69,11,25,10
2024-03-04,Chirayu Medical College,13,0,0,1,3,12,16.39,206.06,10,16,16
2024-03-04,Chirayu Medical College,14,0,0,1,3,16,17.02,253.51,10,15,8
2024-03-04,Chirayu Medical College,15,0,0,1,3,33,15.56,428.27,30,21,11
2024-03-04,Chirayu Medical College,16,0,0,1,3,39,19.2,1038.23,24,29,15
2024-03-04,Chirayu Medical College,17,0,0,1,3,25,11.56,232.58,25,19,4
2024-03-04,People's Hospital,9,0,0,1,3,33,14.61,296.92,4,8,4
2024-03-04,People's Hospital,10,0,0,1,3,18,10.06,198.46,18,22,2
2024-03-04,People's Hospital,11,0,0,1,3,20,13.48,333.68,20,30,14
2024-03-04,People's Hospital,12,0,0,1,3,14,6.12,94.97,13,21,16
2024-03-04,People's Hospital,13,0,0,1,3,16,17.7,260.86,11,28,3
2024-03-04,People's Hospital,14,0,0,1,3,15,15.76,205.48,8,27,5
2024-03-04,People's Hospital,15,0,0,1,3,33,26.34,853.33,7,5,5
2024-03-04,People's Hospital,16,0,0,1,3,24,13.23,284.16,17,13,13
2024-03-04,People's Hospital,17,0,0,1,3,35,16.25,599.53,16,22,15
2024-03-04,Bhopal Memorial Hospital,9,0,0,1,3,35,23.46,1011.14,22,21,0
2024-03-04,Bhopal Memorial Hospital,10,0,0,1,3,14,14.58,147.7,14,29,18
2024-03-04,Bhopal Memorial Hospital,11,0,0,1,3,23,17.17,320.72,19,4,11
2024-03-04,Bhopal Memorial Hospital,12,0,0,1,3,25,19.76,651.4,14,21,6
2024-03-04,Bhopal Memorial Hospital,13,0,0,1,3,14,16.72,193.44,11,29,10
2024-03-04,Bhopal Memorial Hospital,14,0,0,1,3,23,14.21,323.55,15,26,0
2024-03-04,Bhopal Memorial Hospital,15,0,0,1,3,25,17.02,545.35,1,26,3
2024-03-04,Bhopal Memorial Hospital,16,0,0,1,3,19,8.74,139.36,3,3,7
2024-03-04,Bhopal Memorial Hospital,17,0,0,1,3,35,18.68,774.89,31,12,4
2024-03-05,AIIMS Bhopal,9,1,0,0,3,18,13.25,267.39,14,4,18
2024-03-05,AIIMS Bhopal,10,1,0,0,3,11,13.69,125.6,9,28,3
2024-03-05,AIIMS Bhopal,11,1,0,0,3,31,14.76,431.03,11,4,4
2024-03-05,AIIMS Bhopal,12,1,0,0,3,17,16.05,331.76,13,5,10
2024-03-05,AIIMS Bhopal,13,1,0,0,3,16,11.1,178.36,13,7,14
2024-03-05,AIIMS Bhopal,14,1,0,0,3,7,15.76,130.33,6,22,12
2024-03-05,AIIMS Bhopal,15,1,0,0,3,15,15.76,270.41,10,4,0
2024-03-05,AIIMS Bhopal,16,1,0,0,3,23,5.0,97.7,14,5,11
2024-03-05,AIIMS Bhopal,17,1,0,0,3,17,12.14,215.85,11,30,12
2024-03-05,Hamidia Hospital,9,1,0,0,3,20,15.31,376.77,6,14,11
2024-03-05,Hamidia Hospital,10,1,0,0,3,14,17.66,271.62,7,24,19
2024-03-05,Hamidia Hospital,11,1,0,0,3,11,10.91,81.32,4,18,15
2024-03-05,Hamidia Hospital,12,1,0,0,3,13,7.42,106.62,9,22,13
2024-03-05,Hamidia Hospital,13,1,0,0,3,14,11.91,183.07,4,12,5
2024-03-05,Hamidia Hospital,14,1,0,0,3,16,21.31,402.09,9,5,13
2024-03-05,Hamidia Hospital,15,1,0,0,3,10,16.84,171.83,8,13,6
2024-03-05,Hamidia Hospital,16,1,0,0,3,23,7.8,164.71,10,16,8
2024-03-05,Hamidia Hospital,17,1,0,0,3,9,25.16,208.47,1,9,17
2024-03-05,Bansal Hospital,9,1,0,0,3,25,19.64,491.99,7,3,8
2024-03-05,Bansal Hospital,10,1,0,0,3,15,12.27,186.23,3,30,16
2024-03-05,Bansal Hospital,11,1,0,0,3,14,14.74,238.24,5,17,3
2024-03-05,Bansal Hospital,12,1,0,0,3,24,15.09,309.84,11,28,6
2024-03-05,Bansal Hospital,13,1,0,0,3,5,10.34,45.54,1,16,15
2024-03-05,Bansal Hospital,14,1,0,0,3,14,14.57,272.43,11,30,19
2024-03-05,Bansal Hospital,15,1,0,0,3,8,12.77,96.79,5,22,16
2024-03-05,Bansal Hospital,16,1,0,0,3,28,15.78,263.68,25,14,3
2024-03-05,Bansal Hospital,17,1,0,0,3,15,18.33,193.06,9,26,14
2024-03-05,Chirayu Medical College,9,1,0,0,3,12,16.16,177.55,5,9,0
2024-03-05,Chirayu Medical College,10,1,0,0,3,27,18.5,261.69,4,28,3
2024-03-05,Chirayu Medical College,11,1,0,0,3,26,18.94,337.73,25,26,1
2024-03-05,Chirayu Medical College,12,1,0,0,3,14,14.07,222.35,9,27,16
2024-03-05,Chirayu Medical College,13,1,0,0,3,7,12.29,85.49,4,17,11
2024-03-05,Chirayu Medical College,14,1,0,0,3,16,15.5,283.74,13,12,15
2024-03-05,Chirayu Medical College,15,1,0,0,3,22,18.03,401.93,8,25,0
2024-03-05,Chirayu Medical College,16,1,0,0,3,10,13.6,126.7,6,9,16
2024-03-05,Chirayu Medical College,17,1,0,0,3,21,17.52,358.89,5,15,4
2024-03-05,People's Hospital,9,1,0,0,3,19,14.78,314.62,2,11,2
2024-03-05,People's Hospital,10,1,0,0,3,16,16.89,240.29,3,22,1
2024-03-05,People's Hospital,11,1,0,0,3,24,12.96,321.28,9,27,8
2024-03-05,People's Hospital,12,1,0,0,3,10,21.22,220.43,8,25,18
2024-03-05,People's Hospital,13,1,0,0,3,11,17.26,205.3,5,14,7
2024-03-05,People's Hospital,14,1,0,0,3,17,14.13,227.01,16,25,19
2024-03-05,People's Hospital,15,1,0,0,3,17,19.62,388.48,5,7,8
2024-03-05,People's Hospital,16,1,0,0,3,32,15.91,502.01,31,7,12
2024-03-05,People's Hospital,17,1,0,0,3,16,18.47,237.76,7,8,5
2024-03-05,Bhopal Memorial Hospital,9,1,0,0,3,19,19.13,403.58,10,28,4
2024-03-05,Bhopal Memorial Hospital,10,1,0,0,3,16,14.23,262.25,7,8,13
2024-03-05,Bhopal Memorial Hospital,11,1,0,0,3,14,20.85,360.65,1,4,6
2024-03-05,Bhopal Memorial Hospital,12,1,0,0,3,17,11.85,230.33,13,9,1
2024-03-05,Bhopal Memorial Hospital,13,1,0,0,3,16,20.01,326.28,15,25,5
2024-03-05,Bhopal Memorial Hospital,14,1,0,0,3,6,17.1,97.88,1,4,19
2024-03-05,Bhopal Memorial Hospital,15,1,0,0,3,18,15.54,239.33,14,26,4
2024-03-05,Bhopal Memorial Hospital,16,1,0,0,3,13,12.61,154.59,9,21,0
2024-03-05,Bhopal Memorial Hospital,17,1,0,0,3,8,12.59,120.12,6,3,1
2024-03-06,AIIMS Bhopal,9,2,0,0,3,11,12.83,141.66,10,3,0
2024-03-06,AIIMS Bhopal,10,2,0,0,3,28,15.94,543.35,7,27,1
2024-03-06,AIIMS Bhopal,11,2,0,0,3,28,15.84,478.09,7,20,12
2024-03-06,AIIMS Bhopal,12,2,0,0,3,9,14.81,103.15,2,23,12
2024-03-06,AIIMS Bhopal,13,2,0,0,3,16,16.26,280.76,9,13,8
2024-03-06,AIIMS Bhopal,14,2,0,0,3,14,18.86,77.24,2,21,5
2024-03-06,AIIMS Bhopal,15,2,0,0,3,25,18.67,241.29,16,29,0
2024-03-06,AIIMS Bhopal,16,2,0,0,3,28,14.87,478.76,2,7,7
2024-03-06,AIIMS Bhopal,17,2,0,0,3,17,13.12,298.53,5,8,11
2024-03-06,Hamidia Hospital,9,2,0,0,3,12,18.36,244.74,3,13,5
2024-03-06,Hamidia Hospital,10,2,0,0,3,18,17.69,291.78,3,7,0
2024-03-06,Hamidia Hospital,11,2,0,0,3,20,12.47,336.85,16,8,12
2024-03-06,Hamidia Hospital,12,2,0,0,3,8,15.66,140.64,6,13,3
2024-03-06,Hamidia Hospital,13,2,0,0,3,10,18.99,169.98,2,23,14
2024-03-06,Hamidia Hospital,14,2,0,0,3,11,14.84,156.11,11,7,8
2024-03-06,Hamidia Hospital,15,2,0,0,3,19,16.76,265.26,18,14,3
2024-03-06,Hamidia Hospital,16,2,0,0,3,26,16.84,447.4,19,24,3
2024-03-06,Hamidia Hospital,17,2,0,0,3,18,19.77,331.22,3,8,13
2024-03-06,Bansal Hospital,9,2,0,0,3,25,24.28,345.29,23,12,19
2024-03-06,Bansal Hospital,10,2,0,0,3,32,17.3,497.41,28,28,16
2024-03-06,Bansal Hospital,11,2,0,0,3,27,18.12,567.35,2,3,16
2024-03-06,Bansal Hospital,12,2,0,0,3,24,14.47,423.32,1,19,7
2024-03-06,Bansal Hospital,13,2,0,0,3,15,17.2,198.53,2,21,3
2024-03-06,Bansal Hospital,14,2,0,0,3,6,9.45,57.6,5,7,2
2024-03-06,Bansal Hospital,15,2,0,0,3,21,14.6,325.24,19,26,16
2024-03-06,Bansal Hospital,16,2,0,0,3,18,7.0,166.04,5,29,6
2024-03-06,Bansal Hospital,17,2,0,0,3,18,18.21,320.96,9,19,13
2024-03-06,Chirayu Medical College,9,2,0,0,3,16,5.69,105.06,6,6,7
2024-03-06,Chirayu Medical College,10,2,0,0,3,31,12.29,413.72,6,7,0
2024-03-06,Chirayu Medical College,11,2,0,0,3,16,17.21,288.74,16,24,4
2024-03-06,Chirayu Medical College,12,2,0,0,3,8,12.74,115.96,4,27,6
2024-03-06,Chirayu Medical College,13,2,0,0,3,5,15.71,79.68,5,15,7
2024-03-06,Chirayu Medical College,14,2,0,0,3,11,14.5,57.43,8,10,18
2024-03-06,Chirayu Medical College,15,2,0,0,3,11,14.75,160.53,9,21,18
2024-03-06,Chirayu Medical College,16,2,0,0,3,13,16.46,228.82,13,3,0
2024-03-06,Chirayu Medical College,17,2,0,0,3,10,10.0,122.16,3,29,7
2024-03-06,People's Hospital,9,2,0,0,3,12,13.94,146.67,8,26,18
2024-03-06,People's Hospital,10,2,0,0,3,32,19.94,581.4,30,26,19
2024-03-06,People's Hospital,11,2,0,0,3,11,11.19,142.91,6,12,17
2024-03-06,People's Hospital,12,2,0,0,3,10,22.52,193.37,9,16,15
2024-03-06,People's Hospital,13,2,0,0,3,11,14.12,161.08,1,22,18
2024-03-06,People's Hospital,14,2,0,0,3,16,14.52,264.51,14,6,3
2024-03-06,People's Hospital,15,2,0,0,3,15,16.59,242.82,2,19,2
2024-03-06,People's Hospital,16,2,0,0,3,23,19.55,516.9,21,14,8
2024-03-06,People's Hospital,17,2,0,0,3,18,8.25,148.11,10,7,0
2024-03-06,Bhopal Memorial Hospital,9,2,0,0,3,14,10.25,104.37,11,3,2
2024-03-06,Bhopal Memorial Hospital,10,2,0,0,3,24,16.96,539.11,9,16,13
2024-03-06,Bhopal Memorial Hospital,11,2,0,0,3,10,11.34,120.64,10,22,19
2024-03-06,Bhopal Memorial Hospital,12,2,0,0,3,16,13.25,299.19,9,30,12
2024-03-06,Bhopal Memorial Hospital,13,2,0,0,3,14,9.07,141.51,2,4,17
2024-03-06,Bhopal Memorial Hospital,14,2,0,0,3,8,14.39,147.99,1,28,4
2024-03-06,Bhopal Memorial Hospital,15,2,0,0,3,25,20.16,421.79,5,7,7
2024-03-06,Bhopal Memorial Hospital,16,2,0,0,3,31,6.46,229.89,10,3,4
2024-03-06,Bhopal Memorial Hospital,17,2,0,0,3,20,18.12,431.36,17,5,15
2024-03-07,AIIMS Bhopal,9,3,0,0,3,16,11.75,112.37,15,10,11
2024-03-07,AIIMS Bhopal,10,3,0,0,3,18,12.99,248.46,8,14,14
2024-03-07,AIIMS Bhopal,11,3,0,0,3,10,16.71,167.82,10,6,17
2024-03-07,AIIMS Bhopal,12,3,0,0,3,12,11.59,131.16,9,6,13
2024-03-07,AIIMS Bhopal,13,3,0,0,3,7,10.14,52.96,3,14,18
2024-03-07,AIIMS Bhopal,14,3,0,0,3,5,13.16,91.48,4,6,1
2024-03-07,AIIMS Bhopal,15,3,0,0,3,9,12.6,116.44,1,11,13
2024-03-07,AIIMS Bhopal,16,3,0,0,3,27,16.67,455.69,18,10,16
2024-03-07,AIIMS Bhopal,17,3,0,0,3,12,14.05,170.77,12,26,5
2024-03-07,Hamidia Hospital,9,3,0,0,3,14,17.08,236.49,12,23,13
2024-03-07,Hamidia Hospital,10,3,0,0,3,13,13.78,194.0,11,11,17
2024-03-07,Hamidia Hospital,11,3,0,0,3,24,21.51,528.32,14,27,10
2024-03-07,Hamidia Hospital,12,3,0,0,3,15,21.61,293.57,12,27,8
2024-03-07,Hamidia Hospital,13,3,0,0,3,11,14.1,161.48,5,23,5
2024-03-07,Hamidia Hospital,14,3,0,0,3,8,19.13,148.74,4,30,9
2024-03-07,Hamidia Hospital,15,3,0,0,3,20,15.41,295.83,20,5,10
2024-03-07,Hamidia Hospital,16,3,0,0,3,19,19.7,378.08,7,26,9
2024-03-07,Hamidia Hospital,17,3,0,0,3,23,16.75,335.89,12,20,13
2024-03-07,Bansal Hospital,9,3,0,0,3,10,10.9,110.23,3,8,10
2024-03-07,Bansal Hospital,10,3,0,0,3,14,14.99,188.09,8,24,5
2024-03-07,Bansal Hospital,11,3,0,0,3,26,14.67,383.26,13,30,13
2024-03-07,Bansal Hospital,12,3,0,0,3,20,23.51,383.53,13,7,4
2024-03-07,Bansal Hospital,13,3,0,0,3,11,24.96,260.38,10,17,13
2024-03-07,Bansal Hospital,14,3,0,0,3,17,7.64,148.09,9,28,19
2024-03-07,Bansal Hospital,15,3,0,0,3,17,7.58,136.91,6,21,1
2024-03-07,Bansal Hospital,16,3,0,0,3,18,14.3,268.06,4,28,16
2024-03-07,Bansal Hospital,17,3,0,0,3,17,10.4,176.7,10,7,4
2024-03-07,Chirayu Medical College,9,3,0,0,3,15,13.77,236.85,4,12,1
2024-03-07,Chirayu Medical College,10,3,0,0,3,22,13.77,179.88,13,20,4
2024-03-07,Chirayu Medical College,11,3,0,0,3,14,17.11,274.82,11,16,8
2024-03-07,Chirayu Medical College,12,3,0,0,3,19,16.59,356.83,6,3,12
2024-03-07,Chirayu Medical College,13,3,0,0,3,11,16.81,134.54,2,27,3
2024-03-07,Chirayu Medical College,14,3,0,0,3,7,12.36,65.62,7,9,17
2024-03-07,Chirayu Medical College,15,3,0,0,3,25,16.97,447.43,8,3,13
2024-03-07,Chirayu Medical College,16,3,0,0,3,19,13.73,305.31,19,28,9
2024-03-07,Chirayu Medical College,17,3,0,0,3,24,18.33,366.15,6,26,2
2024-03-07,People's Hospital,9,3,0,0,3,24,9.71,226.56,14,20,0
2024-03-07,People's Hospital,10,3,0,0,3,26,8.36,266.32,1,14,3
2024-03-07,People's Hospital,11,3,0,0,3,14,17.53,244.06,3,29,11
2024-03-07,People's Hospital,12,3,0,0,3,17,17.21,384.5,3,28,5
2024-03-07,People's Hospital,13,3,0,0,3,10,16.31,150.7,7,4,9
2024-03-07,People's Hospital,14,3,0,0,3,16,8.38,157.13,8,18,4
2024-03-07,People's Hospital,15,3,0,0,3,11,13.7,108.62,9,15,1
2024-03-07,People's Hospital,16,3,0,0,3,11,15.42,181.29,4,6,19
2024-03-07,People's Hospital,17,3,0,0,3,22,9.91,199.76,20,4,2
2024-03-07,Bhopal Memorial Hospital,9,3,0,0,3,10,15.36,146.26,1,9,9
2024-03-07,Bhopal Memorial Hospital,10,3,0,0,3,29,16.15,404.25,25,25,15
2024-03-07,Bhopal Memorial Hospital,11,3,0,0,3,14,11.21,138.12,11,20,13
2024-03-07,Bhopal Memorial Hospital,12,3,0,0,3,9,15.36,125.47,7,7,11
2024-03-07,Bhopal Memorial Hospital,13,3,0,0,3,6,14.45,73.52,5,23,9
2024-03-07,Bhopal Memorial Hospital,14,3,0,0,3,15,16.55,208.33,6,3,3
2024-03-07,Bhopal Memorial Hospital,15,3,0,0,3,10,16.17,195.08,4,13,16
2024-03-07,Bhopal Memorial Hospital,16,3,0,0,3,16,14.77,226.55,6,20,16
2024-03-07,Bhopal Memorial Hospital,17,3,0,0,3,22,14.67,321.98,5,27,14
2024-03-08,AIIMS Bhopal,9,4,0,0,3,9,14.02,98.52,7,6,13
2024-03-08,AIIMS Bhopal,10,4,0,0,3,10,10.47,96.55,10,18,4
2024-03-08,AIIMS Bhopal,11,4,0,0,3,15,19.72,240.77,15,27,18
2024-03-08,AIIMS Bhopal,12,4,0,0,3,20,14.96,368.72,4,20,6
2024-03-08,AIIMS Bhopal,13,4,0,0,3,16,13.48,241.93,15,16,17
2024-03-08,AIIMS Bhopal,14,4,0,0,3,7,15.38,106.17,7,12,17
2024-03-08,AIIMS Bhopal,15,4,0,0,3,8,12.07,69.37,6,28,11
2024-03-08,AIIMS Bhopal,16,4,0,0,3,28,18.16,419.76,1,8,8
2024-03-08,AIIMS Bhopal,17,4,0,0,3,17,17.35,389.66,7,15,5
2024-03-08,Hamidia Hospital,9,4,0,0,3,13,17.0,216.83,10,4,12
2024-03-08,Hamidia Hospital,10,4,0,0,3,26,7.65,174.45,9,15,15
2024-03-08,Hamidia Hospital,11,4,0,0,3,10,11.69,133.1,6,5,13
2024-03-08,Hamidia Hospital,12,4,0,0,3,11,15.2,232.29,6,25,4
2024-03-08,Hamidia Hospital,13,4,0,0,3,7,12.15,110.05,7,16,9
2024-03-08,Hamidia Hospital,14,4,0,0,3,8,14.71,119.13,1,9,6
2024-03-08,Hamidia Hospital,15,4,0,0,3,19,24.12,520.88,17,27,8
2024-03-08,Hamidia Hospital,16,4,0,0,3,16,14.45,262.42,4,22,17
2024-03-08,Hamidia Hospital,17,4,0,0,3,15,12.09,167.24,14,12,16
2024-03-08,Bansal Hospital,9,4,0,0,3,10,15.11,155.32,2,26,13
2024-03-08,Bansal Hospital,10,4,0,0,3,13,16.37,178.61,4,4,4
2024-03-08,Bansal Hospital,11,4,0,0,3,14,13.96,206.49,8,26,11
2024-03-08,Bansal Hospital,12,4,0,0,3,25,21.18,518.29,13,25,7
2024-03-08,Bansal Hospital,13,4,0,0,3,10,10.37,61.45,6,10,9
2024-03-08,Bansal Hospital,14,4,0,0,3,17,15.27,261.76,1,29,3
2024-03-08,Bansal Hospital,15,4,0,0,3,16,18.56,264.37,5,18,16
2024-03-08,Bansal Hospital,16,4,0,0,3,27,16.26,403.61,16,10,17
2024-03-08,Bansal Hospital,17,4,0,0,3,18,12.07,283.86,4,7,17
2024-03-08,Chirayu Medical College,9,4,0,0,3,10,22.25,168.3,6,28,3
2024-03-08,Chirayu Medical College,10,4,0,0,3,15,15.38,275.04,10,18,16
2024-03-08,Chirayu Medical College,11,4,0,0,3,14,13.32,210.7,7,30,1
2024-03-08,Chirayu Medical College,12,4,0,0,3,22,18.46,518.21,1,7,9
2024-03-08,Chirayu Medical College,13,4,0,0,3,11,8.99,111.7,6,27,8
2024-03-08,Chirayu Medical College,14,4,0,0,3,14,15.65,170.37,1,14,2
2024-03-08,Chirayu Medical College,15,4,0,0,3,22,18.57,462.65,2,29,16
2024-03-08,Chirayu Medical College,16,4,0,0,3,28,17.83,567.64,9,27,15
2024-03-08,Chirayu Medical College,17,4,0,0,3,25,21.68,536.26,16,24,1
2024-03-08,People's Hospital,9,4,0,0,3,14,17.86,275.26,4,19,0
2024-03-08,People's Hospital,10,4,0,0,3,16,17.57,250.71,3,29,9
2024-03-08,People's Hospital,11,4,0,0,3,31,18.57,427.83,22,8,12
2024-03-08,People's Hospital,12,4,0,0,3,9,16.29,162.02,5,27,12
2024-03-08,People's Hospital,13,4,0,0,3,16,13.15,224.0,15,8,17
2024-03-08,People's Hospital,14,4,0,0,3,16,21.87,143.55,15,16,13
2024-03-08,People's Hospital,15,4,0,0,3,16,17.85,332.39,13,24,6
2024-03-08,People's Hospital,16,4,0,0,3,15,13.52,204.83,14,25,6
2024-03-08,People's Hospital,17,4,0,0,3,18,16.31,365.05,13,18,13
2024-03-08,Bhopal Memorial Hospital,9,4,0,0,3,12,13.7,177.63,9,16,16
2024-03-08,Bhopal Memorial Hospital,10,4,0,0,3,29,11.81,298.78,22,25,0
2024-03-08,Bhopal Memorial Hospital,11,4,0,0,3,20,5.67,107.75,13,21,7
2024-03-08,Bhopal Memorial Hospital,12,4,0,0,3,13,18.38,254.16,6,27,7
2024-03-08,Bhopal Memorial Hospital,13,4,0,0,3,11,22.04,245.7,11,19,19
2024-03-08,Bhopal Memorial Hospital,14,4,0,0,3,8,9.82,81.85,2,13,19
2024-03-08,Bhopal Memorial Hospital,15,4,0,0,3,22,12.22,286.62,1,13,6
2024-03-08,Bhopal Memorial Hospital,16,4,0,0,3,23,13.83,329.63,16,19,19
2024-03-08,Bhopal Memorial Hospital,17,4,0,0,3,22,11.36,249.98,9,8,13
2024-03-09,AIIMS Bhopal,9,5,1,0,3,6,8.18,38.96,2,29,16
2024-03-09,AIIMS Bhopal,10,5,1,0,3,11,16.52,200.07,4,30,12
2024-03-09,AIIMS Bhopal,11,5,1,0,3,9,12.39,115.67,1,25,5
2024-03-09,AIIMS Bhopal,12,5,1,0,3,7,17.12,115.14,1,6,2
2024-03-09,AIIMS Bhopal,13,5,1,0,3,9,17.8,119.47,8,16,19
2024-03-09,AIIMS Bhopal,14,5,1,0,3,4,16.86,66.2,2,4,9
2024-03-09,AIIMS Bhopal,15,5,1,0,3,7,11.28,65.73,1,12,8
2024-03-09,AIIMS Bhopal,16,5,1,0,3,19,10.81,235.03,2,14,5
2024-03-09,AIIMS Bhopal,17,5,1,0,3,6,20.11,68.96,1,9,18
2024-03-09,Hamidia Hospital,9,5,1,0,3,7,18.29,178.59,6,16,18
2024-03-09,Hamidia Hospital,10,5,1,0,3,19,28.54,574.39,9,8,12
2024-03-09,Hamidia Hospital,11,5,1,0,3,11,13.39,147.68,7,20,0
2024-03-09,Hamidia Hospital,12,5,1,0,3,6,7.1,48.01,1,9,2
2024-03-09,Hamidia Hospital,13,5,1,0,3,8,18.86,135.77,1,13,0
2024-03-09,Hamidia Hospital,14,5,1,0,3,3,14.32,48.48,1,16,14
2024-03-09,Hamidia Hospital,15,5,1,0,3,7,14.92,121.37,5,10,3
2024-03-09,Hamidia Hospital,16,5,1,0,3,16,16.73,304.27,15,16,7
2024-03-09,Hamidia Hospital,17,5,1,0,3,15,17.83,268.79,10,4,12
2024-03-09,Bansal Hospital,9,5,1,0,3,10,14.85,165.8,6,22,19
2024-03-09,Bansal Hospital,10,5,1,0,3,19,12.18,295.42,8,26,19
2024-03-09,Bansal Hospital,11,5,1,0,3,11,19.33,260.01,8,8,17
2024-03-09,Bansal Hospital,12,5,1,0,3,6,17.79,130.27,4,10,11
2024-03-09,Bansal Hospital,13,5,1,0,3,3,12.94,51.55,2,4,4
2024-03-09,Bansal Hospital,14,5,1,0,3,8,14.14,88.75,6,29,5
2024-03-09,Bansal Hospital,15,5,1,0,3,13,18.31,192.21,5,14,6
2024-03-09,Bansal Hospital,16,5,1,0,3,16,14.38,306.33,12,3,14
2024-03-09,Bansal Hospital,17,5,1,0,3,4,9.98,39.54,3,29,0
2024-03-09,Chirayu Medical College,9,5,1,0,3,12,14.85,64.74,7,30,0
2024-03-09,Chirayu Medical College,10,5,1,0,3,9,15.55,141.07,2,21,5
2024-03-09,Chirayu Medical College,11,5,1,0,3,6,18.47,143.68,3,27,9
2024-03-09,Chirayu Medical College,12,5,1,0,3,9,12.63,101.13,9,21,1
2024-03-09,Chirayu Medical College,13,5,1,0,3,6,16.08,106.49,2,10,6
2024-03-09,Chirayu Medical College,14,5,1,0,3,4,17.42,70.04,3,5,1
2024-03-09,Chirayu Medical College,15,5,1,0,3,7,18.18,75.76,7,13,11
2024-03-09,Chirayu Medical College,16,5,1,0,3,6,21.29,162.47,2,13,9
2024-03-09,Chirayu Medical College,17,5,1,0,3,10,16.74,118.75,1,10,12
2024-03-09,People's Hospital,9,5,1,0,3,14,17.81,165.72,5,25,6
2024-03-09,People's Hospital,10,5,1,0,3,10,15.1,128.3,3,12,7
2024-03-09,People's Hospital,11,5,1,0,3,15,19.68,256.74,3,3,17
2024-03-09,People's Hospital,12,5,1,0,3,4,11.21,57.04,2,6,4
2024-03-09,People's Hospital,13,5,1,0,3,6,15.03,82.32,5,4,14
2024-03-09,People's Hospital,14,5,1,0,3,7,15.03,84.21,7,22,19
2024-03-09,People's Hospital,15,5,1,0,3,7,16.91,114.81,2,18,12
2024-03-09,People's Hospital,16,5,1,0,3,10,18.95,208.68,10,14,8
2024-03-09,People's Hospital,17,5,1,0,3,7,15.63,110.96,2,22,8
2024-03-09,Bhopal Memorial Hospital,9,5,1,0,3,6,7.12,35.28,3,22,3
2024-03-09,Bhopal Memorial Hospital,10,5,1,0,3,9,16.83,181.37,4,6,15
2024-03-09,Bhopal Memorial Hospital,11,5,1,0,3,14,15.45,259.87,7,30,8
2024-03-09,Bhopal Memorial Hospital,12,5,1,0,3,13,12.52,206.72,9,23,12
2024-03-09,Bhopal Memorial Hospital,13,5,1,0,3,6,8.67,66.87,2,25,0
2024-03-09,Bhopal Memorial Hospital,14,5,1,0,3,8,20.29,202.84,4,3,0
2024-03-09,Bhopal Memorial Hospital,15,5,1,0,3,7,10.59,48.38,3,13,4
2024-03-09,Bhopal Memorial Hospital,16,5,1,0,3,11,17.24,198.16,2,5,11
2024-03-09,Bhopal Memorial Hospital,17,5,1,0,3,9,17.39,133.92,6,6,8
2024-03-10,AIIMS Bhopal,9,6,1,0,3,8,14.59,104.12,2,12,7
2024-03-10,AIIMS Bhopal,10,6,1,0,3,6,10.71,62.73,5,17,4
2024-03-10,AIIMS Bhopal,11,6,1,0,3,11,5.0,61.27,6,25,8
2024-03-10,AIIMS Bhopal,12,6,1,0,3,7,16.01,120.23,5,10,8
2024-03-10,AIIMS Bhopal,13,6,1,0,3,7,13.47,71.94,1,21,5
2024-03-10,AIIMS Bhopal,14,6,1,0,3,2,13.38,33.09,2,4,13
2024-03-10,AIIMS Bhopal,15,6,1,0,3,13,9.99,93.42,4,9,7
2024-03-10,AIIMS Bhopal,16,6,1,0,3,9,5.07,31.5,7,14,3
2024-03-10,AIIMS Bhopal,17,6,1,0,3,11,21.66,156.48,3,13,14
2024-03-10,Hamidia Hospital,9,6,1,0,3,15,9.86,83.18,5,4,16
2024-03-10,Hamidia Hospital,10,6,1,0,3,13,10.41,99.39,6,26,16
2024-03-10,Hamidia Hospital,11,6,1,0,3,18,17.33,407.53,6,27,10
2024-03-10,Hamidia Hospital,12,6,1,0,3,12,13.88,129.77,7,28,5
2024-03-10,Hamidia Hospital,13,6,1,0,3,2,14.8,24.95,2,7,18
2024-03-10,Hamidia Hospital,14,6,1,0,3,4,9.11,49.01,3,26,11
2024-03-10,Hamidia Hospital,15,6,1,0,3,6,15.89,76.79,5,8,5
2024-03-10,Hamidia Hospital,16,6,1,0,3,9,15.36,135.58,2,20,5
2024-03-10,Hamidia Hospital,17,6,1,0,3,11,14.24,110.74,11,15,5
2024-03-10,Bansal Hospital,9,6,1,0,3,10,10.2,110.47,4,21,8
2024-03-10,Bansal Hospital,10,6,1,0,3,9,13.94,116.78,3,28,5
2024-03-10,Bansal Hospital,11,6,1,0,3,11,16.51,174.29,10,21,5
2024-03-10,Bansal Hospital,12,6,1,0,3,4,16.29,47.9,4,15,5
2024-03-10,Bansal Hospital,13,6,1,0,3,9,18.98,179.5,1,11,10
2024-03-10,Bansal Hospital,14,6,1,0,3,3,18.69,53.6,1,8,2
2024-03-10,Bansal Hospital,15,6,1,0,3,13,17.97,175.76,1,25,7
2024-03-10,Bansal Hospital,16,6,1,0,3,7,21.43,165.66,5,10,7
2024-03-10,Bansal Hospital,17,6,1,0,3,11,15.41,127.45,3,7,5
2024-03-10,Chirayu Medical College,9,6,1,0,3,10,15.92,147.07,10,10,12
2024-03-10,Chirayu Medical College,10,6,1,0,3,5,13.58,54.58,1,19,4
2024-03-10,Chirayu Medical College,11,6,1,0,3,16,13.9,223.52,13,11,12
2024-03-10,Chirayu Medical College,12,6,1,0,3,6,20.89,106.08,1,18,13
2024-03-10,Chirayu Medical College,13,6,1,0,3,4,12.83,55.86,3,3,0
2024-03-10,Chirayu Medical College,14,6,1,0,3,7,15.34,120.48,3,16,2
2024-03-10,Chirayu Medical College,15,6,1,0,3,13,17.7,170.19,4,24,3
2024-03-10,Chirayu Medical College,16,6,1,0,3,10,23.29,222.57,7,6,0
2024-03-10,Chirayu Medical College,17,6,1,0,3,9,14.63,143.11,7,12,4
2024-03-10,People's Hospital,9,6,1,0,3,8,14.14,91.21,5,29,9
2024-03-10,People's Hospital,10,6,1,0,3,7,17.28,112.86,2,17,15
2024-03-10,People's Hospital,11,6,1,0,3,15,10.5,152.22,7,27,1
2024-03-10,People's Hospital,12,6,1,0,3,12,16.73,179.41,5,22,9
2024-03-10,People's Hospital,13,6,1,0,3,4,14.13,54.13,3,16,2
2024-03-10,People's Hospital,14,6,1,0,3,9,13.29,138.84,9,20,14
2024-03-10,People's Hospital,15,6,1,0,3,4,22.6,89.99,4,22,19
2024-03-10,People's Hospital,16,6,1,0,3,10,17.9,227.85,1,8,9
2024-03-10,People's Hospital,17,6,1,0,3,15,15.66,274.43,13,11,2
2024-03-10,Bhopal Memorial Hospital,9,6,1,0,3,13,16.56,244.87,7,27,10
2024-03-10,Bhopal Memorial Hospital,10,6,1,0,3,10,11.03,110.18,5,17,18
2024-03-10,Bhopal Memorial Hospital,11,6,1,0,3,5,19.12,129.19,5,14,7
2024-03-10,Bhopal Memorial Hospital,12,6,1,0,3,12,16.19,176.59,9,21,1
2024-03-10,Bhopal Memorial Hospital,13,6,1,0,3,6,14.07,74.77,5,16,8
2024-03-10,Bhopal Memorial Hospital,14,6,1,0,3,4,8.62,18.74,1,22,10
2024-03-10,Bhopal Memorial Hospital,15,6,1,0,3,9,11.37,102.25,6,18,8
2024-03-10,Bhopal Memorial Hospital,16,6,1,0,3,9,20.41,215.75,4,13,18
2024-03-10,Bhopal Memorial Hospital,17,6,1,0,3,4,15.52,59.35,2,18,17
2024-03-11,AIIMS Bhopal,9,0,0,1,3,14,14.69,248.9,5,18,13
2024-03-11,AIIMS Bhopal,10,0,0,1,3,19,13.81,318.03,17,11,8
2024-03-11,AIIMS Bhopal,11,0,0,1,3,24,11.13,281.37,13,5,17
2024-03-11,AIIMS Bhopal,12,0,0,1,3,30,20.68,354.89,12,16,8
2024-03-11,AIIMS Bhopal,13,0,0,1,3,20,16.24,296.75,13,27,7
2024-03-11,AIIMS Bhopal,14,0,0,1,3,19,8.13,135.88,3,14,9
2024-03-11,AIIMS Bhopal,15,0,0,1,3,14,7.69,102.81,12,22,18
2024-03-11,AIIMS Bhopal,16,0,0,1,3,15,17.11,245.57,8,25,5
2024-03-11,AIIMS Bhopal,17,0,0,1,3,15,19.81,302.21,6,4,14
2024-03-11,Hamidia Hospital,9,0,0,1,3,35,12.52,485.98,16,14,13
2024-03-11,Hamidia Hospital,10,0,0,1,3,37,23.39,942.27,15,25,7
2024-03-11,Hamidia Hospital,11,0,0,1,3,39,14.55,686.19,33,10,6
2024-03-11,Hamidia Hospital,12,0,0,1,3,11,10.42,134.66,11,9,0
2024-03-11,Hamidia Hospital,13,0,0,1,3,19,8.03,162.45,4,20,4
2024-03-11,Hamidia Hospital,14,0,0,1,3,12,14.6,138.79,8,21,8
2024-03-11,Hamidia Hospital,15,0,0,1,3,14,9.83,106.49,8,19,16
2024-03-11,Hamidia Hospital,16,0,0,1,3,37,12.75,569.59,22,24,19
2024-03-11,Hamidia Hospital,17,0,0,1,3,12,9.93,145.08,10,16,6
2024-03-11,Bansal Hospital,9,0,0,1,3,23,13.96,285.72,17,25,19
2024-03-11,Bansal Hospital,10,0,0,1,3,42,15.44,265.13,2,26,10
2024-03-11,Bansal Hospital,11,0,0,1,3,32,19.46,426.9,20,21,4
2024-03-11,Bansal Hospital,12,0,0,1,3,16,17.91,208.86,2,11,17
2024-03-11,Bansal Hospital,13,0,0,1,3,20,15.64,206.83,18,30,12
2024-03-11,Bansal Hospital,14,0,0,1,3,21,18.91,411.86,6,29,1
2024-03-11,Bansal Hospital,15,0,0,1,3,14,13.05,195.28,11,3,15
2024-03-11,Bansal Hospital,16,0,0,1,3,24,19.94,434.77,6,27,16
2024-03-11,Bansal Hospital,17,0,0,1,3,14,12.59,135.93,9,8,15
2024-03-11,Chirayu Medical College,9,0,0,1,3,15,11.14,153.97,6,27,6
2024-03-11,Chirayu Medical College,10,0,0,1,3,27,10.69,303.11,1,20,13
2024-03-11,Chirayu Medical College,11,0,0,1,3,29,13.12,350.44,19,12,5
2024-03-11,Chirayu Medical College,12,0,0,1,3,11,16.67,237.86,9,24,7
2024-03-11,Chirayu Medical College,13,0,0,1,3,9,13.66,106.8,6,12,19
2024-03-11,Chirayu Medical College,14,0,0,1,3,7,17.86,140.38,5,22,13
2024-03-11,Chirayu Medical College,15,0,0,1,3,30,18.86,584.29,6,5,19
2024-03-11,Chirayu Medical College,16,0,0,1,3,32,16.82,433.34,1,14,8
2024-03-11,Chirayu Medical College,17,0,0,1,3,33,23.01,1254.43,15,20,16
2024-03-11,People's Hospital,9,0,0,1,3,22,13.37,257.08,2,25,4
2024-03-11,People's Hospital,10,0,0,1,3,18,10.14,192.12,14,18,16
2024-03-11,People's Hospital,11,0,0,1,3,14,12.06,190.34,11,11,7
2024-03-11,People's Hospital,12,0,0,1,3,15,11.8,219.4,10,30,1
2024-03-11,People's Hospital,13,0,0,1,3,10,9.32,118.21,10,26,4
2024-03-11,People's Hospital,14,0,0,1,3,23,15.18,351.26,15,27,1
2024-03-11,People's Hospital,15,0,0,1,3,15,5.7,91.61,3,16,9
2024-03-11,People's Hospital,16,0,0,1,3,15,13.82,211.56,1,19,17
2024-03-11,People's Hospital,17,0,0,1,3,12,6.5,74.33,2,17,5
2024-03-11,Bhopal Memorial Hospital,9,0,0,1,3,28,16.41,504.33,14,20,5
2024-03-11,Bhopal Memorial Hospital,10,0,0,1,3,29,18.83,363.92,11,27,0
2024-03-11,Bhopal Memorial Hospital,11,0,0,1,3,14,10.35,154.06,11,21,10
2024-03-11,Bhopal Memorial Hospital,12,0,0,1,3,18,12.17,180.95,9,5,2
2024-03-11,Bhopal Memorial Hospital,13,0,0,1,3,20,10.94,207.36,19,24,3
2024-03-11,Bhopal Memorial Hospital,14,0,0,1,3,19,16.55,284.46,16,15,12
2024-03-11,Bhopal Memorial Hospital,15,0,0,1,3,16,16.03,257.82,5,29,0
2024-03-11,Bhopal Memorial Hospital,16,0,0,1,3,27,11.88,270.61,21,27,5
2024-03-11,Bhopal Memorial Hospital,17,0,0,1,3,29,17.94,730.61,9,11,8
2024-03-12,AIIMS Bhopal,9,1,0,0,3,14,12.53,217.24,11,23,5
2024-03-12,AIIMS Bhopal,10,1,0,0,3,20,12.55,303.75,16,3,2
2024-03-12,AIIMS Bhopal,11,1,0,0,3,16,21.61,353.64,5,12,5
2024-03-12,AIIMS Bhopal,12,1,0,0,3,19,16.18,388.22,19,5,4
2024-03-12,AIIMS Bhopal,13,1,0,0,3,10,12.08,125.48,3,20,8
2024-03-12,AIIMS Bhopal,14,1,0,0,3,15,8.91,161.25,12,4,7
2024-03-12,AIIMS Bhopal,15,1,0,0,3,20,12.41,204.59,5,27,9
2024-03-12,AIIMS Bhopal,16,1,0,0,3,19,13.49,275.52,10,4,11
2024-03-12,AIIMS Bhopal,17,1,0,0,3,19,16.18,410.27,9,19,2
2024-03-12,Hamidia Hospital,9,1,0,0,3,25,17.81,301.0,25,11,0
2024-03-12,Hamidia Hospital,10,1,0,0,3,19,20.26,282.06,9,29,16
2024-03-12,Hamidia Hospital,11,1,0,0,3,32,17.25,634.04,29,18,7
2024-03-12,Hamidia Hospital,12,1,0,0,3,24,8.55,276.11,13,16,4
2024-03-12,Hamidia Hospital,13,1,0,0,3,9,17.81,154.62,1,15,12
2024-03-12,Hamidia Hospital,14,1,0,0,3,15,10.56,131.35,9,16,9
2024-03-12,Hamidia Hospital,15,1,0,0,3,10,18.63,222.01,10,29,15
2024-03-12,Hamidia Hospital,16,1,0,0,3,16,15.85,265.88,9,8,19
2024-03-12,Hamidia Hospital,17,1,0,0,3,24,13.17,341.0,14,21,19
2024-03-12,Bansal Hospital,9,1,0,0,3,12,19.14,233.06,2,17,18
2024-03-12,Bansal Hospital,10,1,0,0,3,27,18.74,697.75,13,22,18
2024-03-12,Bansal Hospital,11,1,0,0,3,15,9.43,117.22,13,26,17
2024-03-12,Bansal Hospital,12,1,0,0,3,15,16.44,327.0,12,18,12
2024-03-12,Bansal Hospital,13,1,0,0,3,17,8.73,144.12,15,22,5
2024-03-12,Bansal Hospital,14,1,0,0,3,13,18.69,216.98,5,6,7
2024-03-12,Bansal Hospital,15,1,0,0,3,16,13.75,217.8,9,22,7
2024-03-12,Bansal Hospital,16,1,0,0,3,14,12.46,216.36,12,9,19
2024-03-12,Bansal Hospital,17,1,0,0,3,10,16.17,175.57,1,3,0
2024-03-12,Chirayu Medical College,9,1,0,0,3,10,14.69,155.94,8,15,4
2024-03-12,Chirayu Medical College,10,1,0,0,3,13,18.29,226.79,11,24,7
2024-03-12,Chirayu Medical College,11,1,0,0,3,11,19.46,163.69,10,5,6
2024-03-12,Chirayu Medical College,12,1,0,0,3,17,16.99,315.25,16,13,4
2024-03-12,Chirayu Medical College,13,1,0,0,3,17,13.98,239.96,14,23,10
2024-03-12,Chirayu Medical College,14,1,0,0,3,14,13.08,240.77,11,25,4
2024-03-12,Chirayu Medical College,15,1,0,0,3,17,18.0,276.31,5,4,16
2024-03-12,Chirayu Medical College,16,1,0,0,3,16,15.78,347.29,1,21,15
2024-03-12,Chirayu Medical College,17,1,0,0,3,21,6.4,162.47,4,22,8
2024-03-12,People's Hospital,9,1,0,0,3,25,18.36,407.11,19,29,17
2024-03-12,People's Hospital,10,1,0,0,3,11,10.32,77.45,7,20,4
2024-03-12,People's Hospital,11,1,0,0,3,10,20.05,230.45,4,23,0
2024-03-12,People's Hospital,12,1,0,0,3,22,11.93,226.76,17,16,18
2024-03-12,People's Hospital,13,1,0,0,3,12,17.28,204.13,11,26,9
2024-03-12,People's Hospital,14,1,0,0,3,5,12.39,82.51,3,18,8
2024-03-12,People's Hospital,15,1,0,0,3,11,14.15,129.21,2,24,6
2024-03-12,People's Hospital,16,1,0,0,3,29,13.14,324.94,13,6,0
2024-03-12,People's Hospital,17,1,0,0,3,9,10.32,93.4,3,5,15
2024-03-12,Bhopal Memorial Hospital,9,1,0,0,3,19,18.86,386.66,19,27,5
2024-03-12,Bhopal Memorial Hospital,10,1,0,0,3,11,17.18,216.09,10,26,18
2024-03-12,Bhopal Memorial Hospital,11,1,0,0,3,13,10.95,123.8,4,9,14
2024-03-12,Bhopal Memorial Hospital,12,1,0,0,3,9,17.39,203.75,5,30,9
2024-03-12,Bhopal Memorial Hospital,13,1,0,0,3,11,16.88,160.57,10,3,8
2024-03-12,Bhopal Memorial Hospital,14,1,0,0,3,16,11.06,193.09,14,30,4
2024-03-12,Bhopal Memorial Hospital,15,1,0,0,3,15,14.41,230.81,15,3,15
2024-03-12,Bhopal Memorial Hospital,16,1,0,0,3,27,11.99,425.03,20,5,15
2024-03-12,Bhopal Memorial Hospital,17,1,0,0,3,9,21.04,181.24,6,5,15
2024-03-13,AIIMS Bhopal,9,2,0,0,3,15,17.34,252.51,9,21,11
2024-03-13,AIIMS Bhopal,10,2,0,0,3,13,14.56,226.22,5,4,19
2024-03-13,AIIMS Bhopal,11,2,0,0,3,13,11.51,139.59,1,14,11
2024-03-13,AIIMS Bhopal,12,2,0,0,3,25,14.67,248.46,4,13,14
2024-03-13,AIIMS Bhopal,13,2,0,0,3,11,14.04,209.48,7,24,11
2024-03-13,AIIMS Bhopal,14,2,0,0,3,10,13.4,126.02,7,4,15
2024-03-13,AIIMS Bhopal,15,2,0,0,3,23,18.28,421.52,19,10,0
2024-03-13,AIIMS Bhopal,16,2,0,0,3,22,13.55,344.85,18,11,0
2024-03-13,AIIMS Bhopal,17,2,0,0,3,15,9.41,110.82,9,7,5
2024-03-13,Hamidia Hospital,9,2,0,0,3,10,15.3,146.58,4,21,12
2024-03-13,Hamidia Hospital,10,2,0,0,3,26,15.81,271.71,24,26,1
2024-03-13,Hamidia Hospital,11,2,0,0,3,19,6.14,112.27,18,20,12
2024-03-13,Hamidia Hospital,12,2,0,0,3,16,10.74,133.74,1,24,14
2024-03-13,Hamidia Hospital,13,2,0,0,3,17,12.78,211.0,11,8,19
2024-03-13,Hamidia Hospital,14,2,0,0,3,12,22.25,328.94,5,25,13
2024-03-13,Hamidia Hospital,15,2,0,0,3,14,19.29,205.94,6,26,13
2024-03-13,Hamidia Hospital,16,2,0,0,3,15,17.87,386.37,10,17,9
2024-03-13,Hamidia Hospital,17,2,0,0,3,16,17.78,230.05,2,27,13
2024-03-13,Bansal Hospital,9,2,0,0,3,23,21.15,527.57,20,20,15
2024-03-13,Bansal Hospital,10,2,0,0,3,11,14.05,149.44,11,25,3
2024-03-13,Bansal Hospital,11,2,0,0,3,13,8.8,105.11,12,23,9
2024-03-13,Bansal Hospital,12,2,0,0,3,15,17.35,276.75,14,7,12
2024-03-13,Bansal Hospital,13,2,0,0,3,14,17.92,277.61,5,20,10
2024-03-13,Bansal Hospital,14,2,0,0,3,17,17.28,304.02,13,10,5
2024-03-13,Bansal Hospital,15,2,0,0,3,11,19.47,254.5,1,12,14
2024-03-13,Bansal Hospital,16,2,0,0,3,16,17.1,311.36,16,24,0
2024-03-13,Bansal Hospital,17,2,0,0,3,23,11.84,278.48,23,11,9
2024-03-13,Chirayu Medical College,9,2,0,0,3,23,13.51,155.62,2,30,17
2024-03-13,Chirayu Medical College,10,2,0,0,3,15,22.41,266.18,2,17,2
2024-03-13,Chirayu Medical College,11,2,0,0,3,22,13.79,318.53,20,21,10
2024-03-13,Chirayu Medical College,12,2,0,0,3,15,11.29,152.98,13,18,12
2024-03-13,Chirayu Medical College,13,2,0,0,3,14,17.76,286.19,4,13,18
2024-03-13,Chirayu Medical College,14,2,0,0,3,14,18.36,234.31,1,7,12
2024-03-13,Chirayu Medical College,15,2,0,0,3,10,14.78,122.86,3,14,15
2024-03-13,Chirayu Medical College,16,2,0,0,3,32,15.36,485.75,25,19,12
2024-03-13,Chirayu Medical College,17,2,0,0,3,9,11.45,136.0,7,10,1
2024-03-13,People's Hospital,9,2,0,0,3,20,11.61,262.47,1,14,1
2024-03-13,People's Hospital,10,2,0,0,3,15,14.0,122.92,2,23,13
2024-03-13,People's Hospital,11,2,0,0,3,20,17.92,272.91,19,6,0
2024-03-13,People's Hospital,12,2,0,0,3,14,10.42,125.59,3,4,7
2024-03-13,People's Hospital,13,2,0,0,3,5,16.34,88.6,5,11,10
2024-03-13,People's Hospital,14,2,0,0,3,9,12.43,76.46,8,27,11
2024-03-13,People's Hospital,15,2,0,0,3,22,13.73,247.6,4,21,5
2024-03-13,People's Hospital,16,2,0,0,3,26,20.4,568.73,18,16,1
2024-03-13,People's Hospital,17,2,0,0,3,12,17.91,178.56,8,12,10
2024-03-13,Bhopal Memorial Hospital,9,2,0,0,3,16,19.25,146.73,5,4,10
2024-03-13,Bhopal Memorial Hospital,10,2,0,0,3,22,14.82,158.84,10,25,9
2024-03-13,Bhopal Memorial Hospital,11,2,0,0,3,23,15.27,381.47,18,3,17
2024-03-13,Bhopal Memorial Hospital,12,2,0,0,3,11,13.94,112.89,6,23,11
2024-03-13,Bhopal Memorial Hospital,13,2,0,0,3,16,17.01,382.23,10,27,10
2024-03-13,Bhopal Memorial Hospital,14,2,0,0,3,14,17.32,238.98,3,22,11
2024-03-13,Bhopal Memorial Hospital,15,2,0,0,3,12,18.96,271.56,1,13,13
2024-03-13,Bhopal Memorial Hospital,16,2,0,0,3,26,25.54,690.57,14,6,13
2024-03-13,Bhopal Memorial Hospital,17,2,0,0,3,12,13.47,193.13,8,3,9
2024-03-14,AIIMS Bhopal,9,3,0,0,3,22,16.52,331.59,14,15,0
2024-03-14,AIIMS Bhopal,10,3,0,0,3,15,17.36,348.55,2,14,16
2024-03-14,AIIMS Bhopal,11,3,0,0,3,24,18.82,466.5,7,24,0
2024-03-14,AIIMS Bhopal,12,3,0,0,3,10,9.37,103.94,2,16,15
2024-03-14,AIIMS Bhopal,13,3,0,0,3,7,14.46,107.41,5,17,18
2024-03-14,AIIMS Bhopal,14,3,0,0,3,6,13.24,86.57,3,5,6
2024-03-14,AIIMS Bhopal,15,3,0,0,3,15,12.11,164.88,10,11,1
2024-03-14,AIIMS Bhopal,16,3,0,0,3,26,21.36,520.18,12,9,3
2024-03-14,AIIMS Bhopal,17,3,0,0,3,18,10.95,87.4,15,21,1
2024-03-14,Hamidia Hospital,9,3,0,0,3,18,14.65,237.06,3,27,16
2024-03-14,Hamidia Hospital,10,3,0,0,3,32,6.72,281.69,20,30,12
2024-03-14,Hamidia Hospital,11,3,0,0,3,18,11.41,222.88,4,20,7
2024-03-14,Hamidia Hospital,12,3,0,0,3,14,19.64,215.89,8,11,17
2024-03-14,Hamidia Hospital,13,3,0,0,3,15,7.1,138.64,6,24,14
2024-03-14,Hamidia Hospital,14,3,0,0,3,6,16.46,46.82,6,25,15
2024-03-14,Hamidia Hospital,15,3,0,0,3,23,15.55,328.32,9,10,0
2024-03-14,Hamidia Hospital,16,3,0,0,3,14,12.8,170.78,10,14,13
2024-03-14,Hamidia Hospital,17,3,0,0,3,23,15.13,393.12,5,25,19
2024-03-14,Bansal Hospital,9,3,0,0,3,23,16.41,488.58,7,21,12
2024-03-14,Bansal Hospital,10,3,0,0,3,22,14.85,368.65,18,7,10
2024-03-14,Bansal Hospital,11,3,0,0,3,19,15.6,187.83,15,15,19
2024-03-14,Bansal Hospital,12,3,0,0,3,13,14.78,233.36,4,22,5
2024-03-14,Bansal Hospital,13,3,0,0,3,10,13.54,81.86,3,4,4
2024-03-14,Bansal Hospital,14,3,0,0,3,10,14.67,141.07,2,11,0
2024-03-14,Bansal Hospital,15,3,0,0,3,10,12.71,134.69,3,19,8
2024-03-14,Bansal Hospital,16,3,0,0,3,22,21.59,660.21,16,24,2
2024-03-14,Bansal Hospital,17,3,0,0,3,24,18.24,534.31,22,18,10
2024-03-14,Chirayu Medical College,9,3,0,0,3,18,17.31,269.19,9,25,10
2024-03-14,Chirayu Medical College,10,3,0,0,3,15,16.1,231.41,15,17,10
2024-03-14,Chirayu Medical College,11,3,0,0,3,27,10.01,239.49,3,9,17
2024-03-14,Chirayu Medical College,12,3,0,0,3,15,15.25,231.51,14,15,9
2024-03-14,Chirayu Medical College,13,3,0,0,3,10,15.53,172.81,7,23,4
2024-03-14,Chirayu Medical College,14,3,0,0,3,8,10.51,84.97,4,9,2
2024-03-14,Chirayu Medical College,15,3,0,0,3,21,18.6,329.94,2,15,12
2024-03-14,Chirayu Medical College,16,3,0,0,3,22,14.88,311.81,15,3,6
2024-03-14,Chirayu Medical College,17,3,0,0,3,25,13.1,364.38,2,13,19
2024-03-14,People's Hospital,9,3,0,0,3,18,17.29,375.73,10,7,9
2024-03-14,People's Hospital,10,3,0,0,3,13,14.85,182.43,8,28,9
2024-03-14,People's Hospital,11,3,0,0,3,11,18.16,234.27,1,24,13
2024-03-14,People's Hospital,12,3,0,0,3,23,15.75,294.37,6,16,14
2024-03-14,People's Hospital,13,3,0,0,3,14,18.37,307.93,1,29,13
2024-03-14,People's Hospital,14,3,0,0,3,9,16.14,145.97,7,9,16
2024-03-14,People's Hospital,15,3,0,0,3,19,10.28,143.38,13,28,8
2024-03-14,People's Hospital,16,3,0,0,3,27,14.57,329.8,15,11,10
2024-03-14,People's Hospital,17,3,0,0,3,23,13.33,273.34,17,9,18
2024-03-14,Bhopal Memorial Hospital,9,3,0,0,3,23,14.93,212.23,23,11,19
2024-03-14,Bhopal Memorial Hospital,10,3,0,0,3,13,14.57,273.25,9,16,1
2024-03-14,Bhopal Memorial Hospital,11,3,0,0,3,23,15.26,340.14,10,22,6
2024-03-14,Bhopal Memorial Hospital,12,3,0,0,3,12,18.08,149.87,7,12,6
2024-03-14,Bhopal Memorial Hospital,13,3,0,0,3,8,16.92,149.5,5,15,3
2024-03-14,Bhopal Memorial Hospital,14,3,0,0,3,8,20.13,191.44,2,24,3
2024-03-14,Bhopal Memorial Hospital,15,3,0,0,3,18,11.16,166.53,11,10,8
2024-03-14,Bhopal Memorial Hospital,16,3,0,0,3,10,16.56,165.93,8,16,5
2024-03-14,Bhopal Memorial Hospital,17,3,0,0,3,12,21.21,204.1,9,25,9
2024-03-15,AIIMS Bhopal,9,4,0,0,3,23,12.68,395.41,21,8,10
2024-03-15,AIIMS Bhopal,10,4,0,0,3,26,13.56,238.52,23,18,2
2024-03-15,AIIMS Bhopal,11,4,0,0,3,31,15.75,370.15,30,7,6
2024-03-15,AIIMS Bhopal,12,4,0,0,3,22,10.04,211.88,16,4,10
2024-03-15,AIIMS Bhopal,13,4,0,0,3,17,18.26,301.63,13,19,1
2024-03-15,AIIMS Bhopal,14,4,0,0,3,14,11.17,68.8,4,25,8
2024-03-15,AIIMS Bhopal,15,4,0,0,3,19,11.35,243.98,19,22,17
2024-03-15,AIIMS Bhopal,16,4,0,0,3,20,9.81,237.53,11,19,13
2024-03-15,AIIMS Bhopal,17,4,0,0,3,22,11.3,203.6,13,9,17
2024-03-15,Hamidia Hospital,9,4,0,0,3,15,22.75,316.94,14,17,4
2024-03-15,Hamidia Hospital,10,4,0,0,3,18,13.41,256.24,18,4,18
2024-03-15,Hamidia Hospital,11,4,0,0,3,15,11.58,190.75,3,3,3
2024-03-15,Hamidia Hospital,12,4,0,0,3,21,11.21,326.25,15,24,16
2024-03-15,Hamidia Hospital,13,4,0,0,3,14,18.42,243.84,11,19,12
2024-03-15,Hamidia Hospital,14,4,0,0,3,12,11.83,184.29,8,14,3
2024-03-15,Hamidia Hospital,15,4,0,0,3,13,14.87,234.39,1,3,1
2024-03-15,Hamidia Hospital,16,4,0,0,3,26,11.41,288.65,26,28,13
2024-03-15,Hamidia Hospital,17,4,0,0,3,24,17.05,355.72,2,14,2
2024-03-15,Bansal Hospital,9,4,0,0,3,21,12.73,294.86,4,7,5
2024-03-15,Bansal Hospital,10,4,0,0,3,20,17.0,299.71,17,21,19
2024-03-15,Bansal Hospital,11,4,0,0,3,29,15.36,441.91,26,30,6
2024-03-15,Bansal Hospital,12,4,0,0,3,14,6.33,81.43,7,3,16
2024-03-15,Bansal Hospital,13,4,0,0,3,10,18.83,128.58,1,26,2
2024-03-15,Bansal Hospital,14,4,0,0,3,15,17.98,274.69,4,4,19
2024-03-15,Bansal Hospital,15,4,0,0,3,17,16.16,234.38,7,19,13
2024-03-15,Bansal Hospital,16,4,0,0,3,11,18.31,265.2,6,26,1
2024-03-15,Bansal Hospital,17,4,0,0,3,25,11.22,235.71,1,22,8
2024-03-15,Chirayu Medical College,9,4,0,0,3,10,16.38,211.15,1,21,13
2024-03-15,Chirayu Medical College,10,4,0,0,3,13,17.03,176.37,8,30,18
2024-03-15,Chirayu Medical College,11,4,0,0,3,29,17.11,555.65,5,20,8
2024-03-15,Chirayu Medical College,12,4,0,0,3,11,15.99,209.76,5,19,0
2024-03-15,Chirayu Medical College,13,4,0,0,3,11,14.51,168.2,4,14,12
2024-03-15,Chirayu Medical College,14,4,0,0,3,16,13.55,266.08,1,21,10
2024-03-15,Chirayu Medical College,15,4,0,0,3,23,8.7,123.64,19,11,0
2024-03-15,Chirayu Medical College,16,4,0,0,3,23,10.15,200.2,18,4,4
2024-03-15,Chirayu Medical College,17,4,0,0,3,21,21.36,449.48,9,11,4
2024-03-15,People's Hospital,9,4,0,0,3,9,18.36,82.45,6,19,19
2024-03-15,People's Hospital,10,4,0,0,3,15,13.4,229.35,14,30,0
2024-03-15,People's Hospital,11,4,0,0,3,28,16.25,528.4,2,10,3
2024-03-15,People's Hospital,12,4,0,0,3,22,12.7,225.13,18,16,14
2024-03-15,People's Hospital,13,4,0,0,3,13,7.29,64.71,2,24,9
2024-03-15,People's Hospital,14,4,0,0,3,7,10.8,74.28,3,24,16
2024-03-15,People's Hospital,15,4,0,0,3,13,16.42,261.4,13,26,4
2024-03-15,People's Hospital,16,4,0,0,3,23,16.11,283.08,13,25,16
2024-03-15,People's Hospital,17,4,0,0,3,16,18.28,330.3,8,23,7
2024-03-15,Bhopal Memorial Hospital,9,4,0,0,3,13,19.17,239.63,12,23,11
2024-03-15,Bhopal Memorial Hospital,10,4,0,0,3,32,11.01,421.04,18,8,14
2024-03-15,Bhopal Memorial Hospital,11,4,0,0,3,27,16.76,388.58,17,9,3
2024-03-15,Bhopal Memorial Hospital,12,4,0,0,3,22,15.1,336.58,13,8,18
2024-03-15,Bhopal Memorial Hospital,13,4,0,0,3,9,11.84,81.07,2,14,2
2024-03-15,Bhopal Memorial Hospital,14,4,0,0,3,16,21.34,284.86,3,17,17
2024-03-15,Bhopal Memorial Hospital,15,4,0,0,3,24,19.1,587.01,13,29,11
2024-03-15,Bhopal Memorial Hospital,16,4,0,0,3,23,11.18,236.67,18,21,0
2024-03-15,Bhopal Memorial Hospital,17,4,0,0,3,21,17.64,346.57,15,26,4
2024-03-16,AIIMS Bhopal,9,5,1,0,3,9,13.86,114.37,9,21,0
2024-03-16,AIIMS Bhopal,10,5,1,0,3,9,17.15,139.51,1,4,13
2024-03-16,AIIMS Bhopal,11,5,1,0,3,13,18.64,154.3,12,20,14
2024-03-16,AIIMS Bhopal,12,5,1,0,3,5,12.59,48.9,4,17,18
2024-03-16,AIIMS Bhopal,13,5,1,0,3,7,14.56,94.43,7,17,13
2024-03-16,AIIMS Bhopal,14,5,1,0,3,9,13.95,141.07,9,5,17
2024-03-16,AIIMS Bhopal,15,5,1,0,3,15,14.19,204.32,8,26,6
2024-03-16,AIIMS Bhopal,16,5,1,0,3,16,11.28,177.54,3,13,15
2024-03-16,AIIMS Bhopal,17,5,1,0,3,5,11.83,55.56,5,22,12
2024-03-16,Hamidia Hospital,9,5,1,0,3,7,10.82,86.5,5,11,17
2024-03-16,Hamidia Hospital,10,5,1,0,3,18,12.46,234.85,1,30,4
2024-03-16,Hamidia Hospital,11,5,1,0,3,5,13.4,54.61,2,10,18
2024-03-16,Hamidia Hospital,12,5,1,0,3,12,13.94,148.15,11,28,19
2024-03-16,Hamidia Hospital,13,5,1,0,3,2,12.57,21.79,1,20,17
2024-03-16,Hamidia Hospital,14,5,1,0,3,4,17.92,86.99,4,30,3
2024-03-16,Hamidia Hospital,15,5,1,0,3,14,15.78,140.19,1,23,15
2024-03-16,Hamidia Hospital,16,5,1,0,3,5,18.42,82.84,5,4,3
2024-03-16,Hamidia Hospital,17,5,1,0,3,5,12.96,66.72,4,27,4
2024-03-16,Bansal Hospital,9,5,1,0,3,15,18.14,326.38,15,10,7
2024-03-16,Bansal Hospital,10,5,1,0,3,11,18.96,180.62,7,24,9
2024-03-16,Bansal Hospital,11,5,1,0,3,16,17.62,262.05,11,4,13
2024-03-16,Bansal Hospital,12,5,1,0,3,13,12.75,200.75,7,30,16
2024-03-16,Bansal Hospital,13,5,1,0,3,6,17.6,105.32,3,25,14
2024-03-16,Bansal Hospital,14,5,1,0,3,2,16.35,25.98,1,27,5
2024-03-16,Bansal Hospital,15,5,1,0,3,8,17.89,158.18,1,24,10
2024-03-16,Bansal Hospital,16,5,1,0,3,16,14.54,221.87,5,23,2
2024-03-16,Bansal Hospital,17,5,1,0,3,14,9.61,139.47,12,10,16
2024-03-16,Chirayu Medical College,9,5,1,0,3,9,14.21,107.78,1,12,11
2024-03-16,Chirayu Medical College,10,5,1,0,3,18,13.17,231.88,3,12,2
2024-03-16,Chirayu Medical College,11,5,1,0,3,13,22.48,199.2,11,25,3
2024-03-16,Chirayu Medical College,12,5,1,0,3,7,25.16,138.21,7,13,1
2024-03-16,Chirayu Medical College,13,5,1,0,3,5,5.1,34.6,1,13,12
2024-03-16,Chirayu Medical College,14,5,1,0,3,10,9.7,77.93,10,23,14
2024-03-16,Chirayu Medical College,15,5,1,0,3,13,11.33,122.63,3,10,9
2024-03-16,Chirayu Medical College,16,5,1,0,3,11,12.01,156.87,5,16,15
2024-03-16,Chirayu Medical College,17,5,1,0,3,10,21.69,228.26,4,29,13
2024-03-16,People's Hospital,9,5,1,0,3,12,22.03,236.61,2,16,6
2024-03-16,People's Hospital,10,5,1,0,3,9,11.54,88.33,8,19,6
2024-03-16,People's Hospital,11,5,1,0,3,7,9.09,87.87,3,17,5
2024-03-16,People's Hospital,12,5,1,0,3,7,13.48,82.6,5,15,17
2024-03-16,People's Hospital,13,5,1,0,3,5,14.47,64.74,1,13,17
2024-03-16,People's Hospital,14,5,1,0,3,7,20.19,121.7,6,8,7
2024-03-16,People's Hospital,15,5,1,0,3,9,15.79,153.14,6,5,17
2024-03-16,People's Hospital,16,5,1,0,3,14,12.86,160.29,4,21,13
2024-03-16,People's Hospital,17,5,1,0,3,12,19.43,241.05,4,12,9
2024-03-16,Bhopal Memorial Hospital,9,5,1,0,3,12,18.58,165.43,7,8,3
2024-03-16,Bhopal Memorial Hospital,10,5,1,0,3,14,14.77,152.94,9,12,2
2024-03-16,Bhopal Memorial Hospital,11,5,1,0,3,16,13.97,326.48,4,16,2
2024-03-16,Bhopal Memorial Hospital,12,5,1,0,3,13,15.65,203.57,3,8,2
2024-03-16,Bhopal Memorial Hospital,13,5,1,0,3,9,12.91,95.9,9,5,9
2024-03-16,Bhopal Memorial Hospital,14,5,1,0,3,4,15.94,85.19,3,24,15
2024-03-16,Bhopal Memorial Hospital,15,5,1,0,3,12,14.56,163.23,10,11,17
2024-03-16,Bhopal Memorial Hospital,16,5,1,0,3,10,12.48,82.07,5,3,4
2024-03-16,Bhopal Memorial Hospital,17,5,1,0,3,7,11.78,79.43,6,10,6
2024-03-17,AIIMS Bhopal,9,6,1,0,3,4,16.6,53.46,3,26,0
2024-03-17,AIIMS Bhopal,10,6,1,0,3,15,14.31,188.06,9,9,13
2024-03-17,AIIMS Bhopal,11,6,1,0,3,15,13.04,201.51,12,15,13
2024-03-17,AIIMS Bhopal,12,6,1,0,3,12,13.52,167.38,3,13,12
2024-03-17,AIIMS Bhopal,13,6,1,0,3,6,13.73,111.98,1,7,4
2024-03-17,AIIMS Bhopal,14,6,1,0,3,4,10.27,20.44,3,22,18
2024-03-17,AIIMS Bhopal,15,6,1,0,3,15,23.31,386.64,4,26,14
2024-03-17,AIIMS Bhopal,16,6,1,0,3,15,7.05,91.02,8,14,19
2024-03-17,AIIMS Bhopal,17,6,1,0,3,4,21.65,105.82,1,13,4
2024-03-17,Hamidia Hospital,9,6,1,0,3,10,14.34,172.13,5,12,0
2024-03-17,Hamidia Hospital,10,6,1,0,3,9,16.67,200.45,6,5,14
2024-03-17,Hamidia Hospital,11,6,1,0,3,13,20.2,170.42,7,12,4
2024-03-17,Hamidia Hospital,12,6,1,0,3,12,15.75,172.19,7,10,15
2024-03-17,Hamidia Hospital,13,6,1,0,3,4,13.92,58.52,3,26,12
2024-03-17,Hamidia Hospital,14,6,1,0,3,7,10.84,95.95,6,8,15
2024-03-17,Hamidia Hospital,15,6,1,0,3,13,9.14,153.4,13,5,9
2024-03-17,Hamidia Hospital,16,6,1,0,3,6,24.03,155.08,5,13,0
2024-03-17,Hamidia Hospital,17,6,1,0,3,7,14.84,85.15,1,26,6
2024-03-17,Bansal Hospital,9,6,1,0,3,9,16.68,82.88,5,20,12
2024-03-17,Bansal Hospital,10,6,1,0,3,16,18.13,345.51,8,21,0
2024-03-17,Bansal Hospital,11,6,1,0,3,13,12.08,161.65,4,5,8
2024-03-17,Bansal Hospital,12,6,1,0,3,11,13.95,202.47,2,14,15
2024-03-17,Bansal Hospital,13,6,1,0,3,7,12.67,83.02,3,5,3
2024-03-17,Bansal Hospital,14,6,1,0,3,6,13.25,59.48,5,19,14
2024-03-17,Bansal Hospital,15,6,1,0,3,10,15.49,171.04,1,12,0
2024-03-17,Bansal Hospital,16,6,1,0,3,13,14.05,221.04,11,16,13
2024-03-17,Bansal Hospital,17,6,1,0,3,6,13.7,81.74,5,28,11
2024-03-17,Chirayu Medical College,9,6,1,0,3,14,16.74,241.21,12,20,15
2024-03-17,Chirayu Medical College,10,6,1,0,3,11,17.33,203.96,2,13,2
2024-03-17,Chirayu Medical College,11,6,1,0,3,7,15.0,127.34,5,16,5
2024-03-17,Chirayu Medical College,12,6,1,0,3,6,15.65,92.81,5,5,17
2024-03-17,Chirayu Medical College,13,6,1,0,3,9,19.53,203.62,7,23,16
2024-03-17,Chirayu Medical College,14,6,1,0,3,7,13.14,96.45,7,17,1
2024-03-17,Chirayu Medical College,15,6,1,0,3,12,11.36,105.47,1,7,13
2024-03-17,Chirayu Medical College,16,6,1,0,3,10,15.26,208.02,2,14,8
2024-03-17,Chirayu Medical College,17,6,1,0,3,7,14.29,87.29,4,4,1
2024-03-17,People's Hospital,9,6,1,0,3,7,15.86,124.42,5,16,10
2024-03-17,People's Hospital,10,6,1,0,3,13,15.66,199.31,6,29,4
2024-03-17,People's Hospital,11,6,1,0,3,9,14.57,142.57,5,28,4
2024-03-17,People's Hospital,12,6,1,0,3,4,11.24,50.79,1,13,2
2024-03-17,People's Hospital,13,6,1,0,3,6,12.74,94.87,2,3,3
2024-03-17,People's Hospital,14,6,1,0,3,8,12.3,105.25,3,7,4
2024-03-17,People's Hospital,15,6,1,0,3,7,14.82,108.94,3,10,18
2024-03-17,People's Hospital,16,6,1,0,3,9,16.0,160.42,6,15,4
2024-03-17,People's Hospital,17,6,1,0,3,4,19.87,92.73,1,30,2
2024-03-17,Bhopal Memorial Hospital,9,6,1,0,3,6,15.16,76.98,3,9,7
2024-03-17,Bhopal Memorial Hospital,10,6,1,0,3,7,17.03,151.14,3,8,16
2024-03-17,Bhopal Memorial Hospital,11,6,1,0,3,15,16.92,246.73,4,8,7
2024-03-17,Bhopal Memorial Hospital,12,6,1,0,3,9,10.94,132.0,5,13,4
2024-03-17,Bhopal Memorial Hospital,13,6,1,0,3,5,13.42,82.02,3,27,9
2024-03-17,Bhopal Memorial Hospital,14,6,1,0,3,9,14.64,132.91,5,21,16
2024-03-17,Bhopal Memorial Hospital,15,6,1,0,3,12,12.15,155.66,12,4,18
2024-03-17,Bhopal Memorial Hospital,16,6,1,0,3,14,15.1,281.9,11,24,15
2024-03-17,Bhopal Memorial Hospital,17,6,1,0,3,9,14.13,159.85,6,8,19
2024-03-18,AIIMS Bhopal,9,0,0,1,3,32,16.82,449.73,6,13,5
2024-03-18,AIIMS Bhopal,10,0,0,1,3,36,19.04,669.72,22,21,2
2024-03-18,AIIMS Bhopal,11,0,0,1,3,28,6.49,187.65,6,14,7
2024-03-18,AIIMS Bhopal,12,0,0,1,3,33,23.27,894.87,27,12,3
2024-03-18,AIIMS Bhopal,13,0,0,1,3,15,5.0,83.01,4,10,12
2024-03-18,AIIMS Bhopal,14,0,0,1,3,18,19.43,470.56,9,27,12
2024-03-18,AIIMS Bhopal,15,0,0,1,3,29,13.88,285.24,11,9,17
2024-03-18,AIIMS Bhopal,16,0,0,1,3,37,18.95,843.75,37,20,10
2024-03-18,AIIMS Bhopal,17,0,0,1,3,21,16.53,385.5,13,18,18
2024-03-18,Hamidia Hospital,9,0,0,1,3,16,13.92,261.49,3,8,14
2024-03-18,Hamidia Hospital,10,0,0,1,3,37,21.3,708.99,36,10,10
2024-03-18,Hamidia Hospital,11,0,0,1,3,28,16.37,589.19,14,20,10
2024-03-18,Hamidia Hospital,12,0,0,1,3,33,14.98,420.06,2,16,3
2024-03-18,Hamidia Hospital,13,0,0,1,3,19,14.73,248.48,19,18,18
2024-03-18,Hamidia Hospital,14,0,0,1,3,14,10.01,109.03,13,20,2
2024-03-18,Hamidia Hospital,15,0,0,1,3,29,21.53,765.27,22,19,2
2024-03-18,Hamidia Hospital,16,0,0,1,3,19,9.52,220.05,7,25,14
2024-03-18,Hamidia Hospital,17,0,0,1,3,14,15.85,223.66,13,9,15
2024-03-18,Bansal Hospital,9,0,0,1,3,16,11.72,216.53,6,27,0
2024-03-18,Bansal Hospital,10,0,0,1,3,19,14.18,342.79,16,20,0
2024-03-18,Bansal Hospital,11,0,0,1,3,45,18.14,718.51,18,21,6
2024-03-18,Bansal Hospital,12,0,0,1,3,15,16.38,264.25,5,15,6
2024-03-18,Bansal Hospital,13,0,0,1,3,16,15.89,200.48,6,13,8
2024-03-18,Bansal Hospital,14,0,0,1,3,11,14.9,62.67,11,8,12
2024-03-18,Bansal Hospital,15,0,0,1,3,23,12.72,341.98,7,22,3
2024-03-18,Bansal Hospital,16,0,0,1,3,39,20.95,1106.03,38,23,9
2024-03-18,Bansal Hospital,17,0,0,1,3,11,16.61,248.8,5,19,2
2024-03-18,Chirayu Medical College,9,0,0,1,3,15,16.72,297.97,15,15,9
2024-03-18,Chirayu Medical College,10,0,0,1,3,39,18.49,799.3,2,16,17
2024-03-18,Chirayu Medical College,11,0,0,1,3,27,15.56,478.18,4,4,3
2024-03-18,Chirayu Medical College,12,0,0,1,3,28,17.9,559.27,25,21,0
2024-03-18,Chirayu Medical College,13,0,0,1,3,10,9.82,116.32,10,22,8
2024-03-18,Chirayu Medical College,14,0,0,1,3,8,15.12,111.01,4,10,8
2024-03-18,Chirayu Medical College,15,0,0,1,3,22,16.93,534.87,14,29,15
2024-03-18,Chirayu Medical College,16,0,0,1,3,24,18.08,415.45,4,12,1
2024-03-18,Chirayu Medical College,17,0,0,1,3,35,15.92,473.41,4,5,13
2024-03-18,People's Hospital,9,0,0,1,3,32,14.1,436.59,17,20,2
2024-03-18,People's Hospital,10,0,0,1,3,19,6.18,154.74,19,23,18
2024-03-18,People's Hospital,11,0,0,1,3,18,15.17,256.16,10,23,5
2024-03-18,People's Hospital,12,0,0,1,3,12,18.01,261.1,7,30,13
2024-03-18,People's Hospital,13,0,0,1,3,10,10.87,124.09,1,26,2
2024-03-18,People's Hospital,14,0,0,1,3,8,15.05,133.84,4,11,16
2024-03-18,People's Hospital,15,0,0,1,3,25,13.99,401.38,5,4,6
2024-03-18,People's Hospital,16,0,0,1,3,32,16.36,627.98,31,21,3
2024-03-18,People's Hospital,17,0,0,1,3,32,19.79,385.26,7,9,17
2024-03-18,Bhopal Memorial Hospital,9,0,0,1,3,28,18.3,545.15,16,6,2
2024-03-18,Bhopal Memorial Hospital,10,0,0,1,3,41,21.11,1101.35,7,21,9
2024-03-18,Bhopal Memorial Hospital,11,0,0,1,3,14,18.4,256.61,8,24,0
2024-03-18,Bhopal Memorial Hospital,12,0,0,1,3,18,19.77,340.02,3,12,2
2024-03-18,Bhopal Memorial Hospital,13,0,0,1,3,10,18.32,216.73,5,13,4
2024-03-18,Bhopal Memorial Hospital,14,0,0,1,3,22,16.45,350.27,20,9,13
2024-03-18,Bhopal Memorial Hospital,15,0,0,1,3,32,17.24,465.68,25,12,13
2024-03-18,Bhopal Memorial Hospital,16,0,0,1,3,24,12.67,276.44,3,4,15
2024-03-18,Bhopal Memorial Hospital,17,0,0,1,3,23,13.54,291.48,13,6,18
2024-03-19,AIIMS Bhopal,9,1,0,0,3,17,17.78,377.98,4,14,9
2024-03-19,AIIMS Bhopal,10,1,0,0,3,11,17.61,206.9,6,9,10
2024-03-19,AIIMS Bhopal,11,1,0,0,3,11,10.0,127.19,11,8,12
2024-03-19,AIIMS Bhopal,12,1,0,0,3,10,12.46,135.1,6,13,5
2024-03-19,AIIMS Bhopal,13,1,0,0,3,12,17.64,266.82,12,12,2
2024-03-19,AIIMS Bhopal,14,1,0,0,3,5,17.44,99.91,4,26,2
2024-03-19,AIIMS Bhopal,15,1,0,0,3,22,10.34,196.58,20,11,16
2024-03-19,AIIMS Bhopal,16,1,0,0,3,31,18.25,511.25,13,22,9
2024-03-19,AIIMS Bhopal,17,1,0,0,3,24,6.16,116.92,8,4,0
2024-03-19,Hamidia Hospital,9,1,0,0,3,19,24.59,643.17,11,16,14
2024-03-19,Hamidia Hospital,10,1,0,0,3,24,23.28,465.58,7,14,11
2024-03-19,Hamidia Hospital,11,1,0,0,3,31,14.36,492.92,6,17,2
2024-03-19,Hamidia Hospital,12,1,0,0,3,22,17.27,444.08,21,14,12
2024-03-19,Hamidia Hospital,13,1,0,0,3,13,18.88,253.22,1,18,0
2024-03-19,Hamidia Hospital,14,1,0,0,3,6,21.87,157.07,6,11,3
2024-03-19,Hamidia Hospital,15,1,0,0,3,15,22.38,339.74,9,23,13
2024-03-19,Hamidia Hospital,16,1,0,0,3,16,14.53,314.08,15,27,3
2024-03-19,Hamidia Hospital,17,1,0,0,3,8,20.7,166.64,7,16,17
2024-03-19,Bansal Hospital,9,1,0,0,3,9,9.41,40.06,2,18,4
2024-03-19,Bansal Hospital,10,1,0,0,3,32,17.86,671.56,11,9,16
2024-03-19,Bansal Hospital,11,1,0,0,3,14,20.83,373.26,11,8,4
2024-03-19,Bansal Hospital,12,1,0,0,3,15,16.41,267.98,3,20,4
2024-03-19,Bansal Hospital,13,1,0,0,3,11,18.22,203.04,6,30,4
2024-03-19,Bansal Hospital,14,1,0,0,3,16,21.15,614.05,10,4,0
2024-03-19,Bansal Hospital,15,1,0,0,3,16,20.39,383.72,9,17,19
2024-03-19,Bansal Hospital,16,1,0,0,3,14,16.15,320.18,2,25,3
2024-03-19,Bansal Hospital,17,1,0,0,3,15,14.44,225.28,14,27,10
2024-03-19,Chirayu Medical College,9,1,0,0,3,14,12.09,222.74,8,7,5
2024-03-19,Chirayu Medical College,10,1,0,0,3,31,7.4,172.64,1,28,13
2024-03-19,Chirayu Medical College,11,1,0,0,3,22,19.59,521.07,22,14,15
2024-03-19,Chirayu Medical College,12,1,0,0,3,25,20.37,492.36,15,19,7
2024-03-19,Chirayu Medical College,13,1,0,0,3,5,18.47,108.89,1,3,9
2024-03-19,Chirayu Medical College,14,1,0,0,3,7,8.68,42.25,6,13,7
2024-03-19,Chirayu Medical College,15,1,0,0,3,17,18.18,335.07,5,28,16
2024-03-19,Chirayu Medical College,16,1,0,0,3,14,17.82,232.91,8,20,13
2024-03-19,Chirayu Medical College,17,1,0,0,3,22,13.05,402.74,5,20,1
2024-03-19,People's Hospital,9,1,0,0,3,13,19.11,278.67,9,22,7
2024-03-19,People's Hospital,10,1,0,0,3,10,9.95,121.47,8,20,0
2024-03-19,People's Hospital,11,1,0,0,3,19,9.82,197.56,4,24,4
2024-03-19,People's Hospital,12,1,0,0,3,11,16.03,227.4,8,11,7
2024-03-19,People's Hospital,13,1,0,0,3,14,14.45,198.51,14,13,17
2024-03-19,People's Hospital,14,1,0,0,3,12,23.57,249.95,6,21,18
2024-03-19,People's Hospital,15,1,0,0,3,17,14.74,240.77,9,8,18
2024-03-19,People's Hospital,16,1,0,0,3,10,17.74,135.77,7,21,1
2024-03-19,People's Hospital,17,1,0,0,3,17,13.54,250.67,14,3,12
2024-03-19,Bhopal Memorial Hospital,9,1,0,0,3,10,14.45,116.12,7,17,7
2024-03-19,Bhopal Memorial Hospital,10,1,0,0,3,19,11.95,237.67,15,4,2
2024-03-19,Bhopal Memorial Hospital,11,1,0,0,3,26,13.2,410.68,3,10,13
2024-03-19,Bhopal Memorial Hospital,12,1,0,0,3,25,19.83,551.3,18,4,4
2024-03-19,Bhopal Memorial Hospital,13,1,0,0,3,13,15.15,204.86,5,9,15
2024-03-19,Bhopal Memorial Hospital,14,1,0,0,3,14,13.23,170.66,10,30,12
2024-03-19,Bhopal Memorial Hospital,15,1,0,0,3,17,14.46,300.01,16,30,5
2024-03-19,Bhopal Memorial Hospital,16,1,0,0,3,23,17.38,261.55,18,12,5
2024-03-19,Bhopal Memorial Hospital,17,1,0,0,3,15,14.67,125.5,3,9,9
2024-03-20,AIIMS Bhopal,9,2,0,0,3,24,16.02,385.02,3,17,4
2024-03-20,AIIMS Bhopal,10,2,0,0,3,22,17.75,435.46,8,30,12
2024-03-20,AIIMS Bhopal,11,2,0,0,3,14,13.3,216.04,8,12,18
2024-03-20,AIIMS Bhopal,12,2,0,0,3,8,9.34,93.55,7,3,5
2024-03-20,AIIMS Bhopal,13,2,0,0,3,11,17.24,225.46,4,27,6
2024-03-20,AIIMS Bhopal,14,2,0,0,3,10,11.93,91.6,6,24,19
2024-03-20,AIIMS Bhopal,15,2,0,0,3,17,9.16,211.48,3,13,17
2024-03-20,AIIMS Bhopal,16,2,0,0,3,15,12.17,178.41,5,3,4
2024-03-20,AIIMS Bhopal,17,2,0,0,3,21,8.24,219.93,20,22,2
2024-03-20,Hamidia Hospital,9,2,0,0,3,22,17.52,459.86,6,22,4
2024-03-20,Hamidia Hospital,10,2,0,0,3,15,16.68,253.78,8,20,5
2024-03-20,Hamidia Hospital,11,2,0,0,3,14,13.12,204.77,3,15,12
2024-03-20,Hamidia Hospital,12,2,0,0,3,14,5.0,76.73,1,15,7
2024-03-20,Hamidia Hospital,13,2,0,0,3,8,17.82,99.43,4,6,7
2024-03-20,Hamidia Hospital,14,2,0,0,3,9,11.61,104.46,6,3,5
2024-03-20,Hamidia Hospital,15,2,0,0,3,12,16.72,205.63,10,4,3
2024-03-20,Hamidia Hospital,16,2,0,0,3,19,13.28,225.12,8,18,19
2024-03-20,Hamidia Hospital,17,2,0,0,3,23,16.23,386.85,2,23,0
2024-03-20,Bansal Hospital,9,2,0,0,3,13,13.52,126.64,7,6,12
2024-03-20,Bansal Hospital,10,2,0,0,3,15,16.47,288.27,12,25,8
2024-03-20,Bansal Hospital,11,2,0,0,3,29,21.04,688.59,12,22,9
2024-03-20,Bansal Hospital,12,2,0,0,3,8,14.24,84.27,3,10,0
2024-03-20,Bansal Hospital,13,2,0,0,3,11,16.0,144.9,4,7,7
2024-03-20,Bansal Hospital,14,2,0,0,3,7,20.64,134.67,4,17,17
2024-03-20,Bansal Hospital,15,2,0,0,3,10,14.15,168.42,8,26,9
2024-03-20,Bansal Hospital,16,2,0,0,3,19,8.44,179.75,4,22,9
2024-03-20,Bansal Hospital,17,2,0,0,3,19,16.84,403.31,4,5,14
2024-03-20,Chirayu Medical College,9,2,0,0,3,23,11.24,282.21,14,13,1
2024-03-20,Chirayu Medical College,10,2,0,0,3,24,17.0,490.61,14,5,4
2024-03-20,Chirayu Medical College,11,2,0,0,3,10,15.5,137.07,2,29,10
2024-03-20,Chirayu Medical College,12,2,0,0,3,23,11.09,239.81,3,28,19
2024-03-20,Chirayu Medical College,13,2,0,0,3,6,16.68,112.53,6,6,12
2024-03-20,Chirayu Medical College,14,2,0,0,3,16,10.76,135.18,15,3,12
2024-03-20,Chirayu Medical College,15,2,0,0,3,23,13.18,272.8,8,7,4
2024-03-20,Chirayu Medical College,16,2,0,0,3,18,14.17,231.19,12,21,4
2024-03-20,Chirayu Medical College,17,2,0,0,3,10,17.65,151.28,9,26,9
2024-03-20,People's Hospital,9,2,0,0,3,24,13.1,347.14,16,5,2
2024-03-20,People's Hospital,10,2,0,0,3,22,18.09,308.45,7,3,1
2024-03-20,People's Hospital,11,2,0,0,3,10,17.78,167.83,6,27,7
2024-03-20,People's Hospital,12,2,0,0,3,25,9.32,204.61,8,25,2
2024-03-20,People's Hospital,13,2,0,0,3,9,17.67,185.72,9,30,12
2024-03-20,People's Hospital,14,2,0,0,3,14,13.42,175.12,8,27,17
2024-03-20,People's Hospital,15,2,0,0,3,16,19.68,370.63,7,28,15
2024-03-20,People's Hospital,16,2,0,0,3,27,14.15,406.77,11,9,16
2024-03-20,People's Hospital,17,2,0,0,3,12,16.76,205.8,5,24,0
2024-03-20,Bhopal Memorial Hospital,9,2,0,0,3,20,15.79,280.24,14,15,9
2024-03-20,Bhopal Memorial Hospital,10,2,0,0,3,16,7.72,144.35,8,30,11
2024-03-20,Bhopal Memorial Hospital,11,2,0,0,3,13,16.58,168.68,5,13,11
2024-03-20,Bhopal Memorial Hospital,12,2,0,0,3,15,23.52,316.49,8,29,11
2024-03-20,Bhopal Memorial Hospital,13,2,0,0,3,14,12.39,226.68,10,18,13
2024-03-20,Bhopal Memorial Hospital,14,2,0,0,3,11,10.29,108.31,10,16,5
2024-03-20,Bhopal Memorial Hospital,15,2,0,0,3,13,13.71,241.35,5,25,11
2024-03-20,Bhopal Memorial Hospital,16,2,0,0,3,14,19.05,274.1,3,13,0
2024-03-20,Bhopal Memorial Hospital,17,2,0,0,3,21,5.64,88.63,14,13,12
2024-03-21,AIIMS Bhopal,9,3,0,0,3,25,22.14,458.67,5,29,1
2024-03-21,AIIMS Bhopal,10,3,0,0,3,27,15.67,282.68,14,25,15
2024-03-21,AIIMS Bhopal,11,3,0,0,3,16,12.62,185.15,11,25,0
2024-03-21,AIIMS Bhopal,12,3,0,0,3,22,12.59,257.58,22,11,4
2024-03-21,AIIMS Bhopal,13,3,0,0,3,7,16.31,122.3,4,30,11
2024-03-21,AIIMS Bhopal,14,3,0,0,3,5,17.75,117.52,3,18,14
2024-03-21,AIIMS Bhopal,15,3,0,0,3,25,21.09,510.96,23,24,0
2024-03-21,AIIMS Bhopal,16,3,0,0,3,22,24.08,378.63,19,17,4
2024-03-21,AIIMS Bhopal,17,3,0,0,3,19,18.61,410.71,2,17,0
2024-03-21,Hamidia Hospital,9,3,0,0,3,14,15.68,279.43,3,5,9
2024-03-21,Hamidia Hospital,10,3,0,0,3,28,7.79,189.6,5,27,7
2024-03-21,Hamidia Hospital,11,3,0,0,3,18,8.9,177.96,5,25,1
2024-03-21,Hamidia Hospital,12,3,0,0,3,16,12.41,256.32,13,18,12
2024-03-21,Hamidia Hospital,13,3,0,0,3,15,17.64,267.24,11,10,4
2024-03-21,Hamidia Hospital,14,3,0,0,3,16,14.67,236.61,3,7,4
2024-03-21,Hamidia Hospital,15,3,0,0,3,8,18.34,96.06,5,19,8
2024-03-21,Hamidia Hospital,16,3,0,0,3,15,12.67,208.94,14,20,6
2024-03-21,Hamidia Hospital,17,3,0,0,3,14,17.76,247.13,14,17,18
2024-03-21,Bansal Hospital,9,3,0,0,3,20,21.99,462.19,6,25,17
2024-03-21,Bansal Hospital,10,3,0,0,3,26,8.43,219.84,3,25,6
2024-03-21,Bansal Hospital,11,3,0,0,3,26,18.61,488.7,22,11,19
2024-03-21,Bansal Hospital,12,3,0,0,3,17,21.33,268.46,5,3,17
2024-03-21,Bansal Hospital,13,3,0,0,3,13,17.81,212.92,12,29,1
2024-03-21,Bansal Hospital,14,3,0,0,3,7,16.51,105.93,5,14,2
2024-03-21,Bansal Hospital,15,3,0,0,3,14,9.75,172.66,14,3,2
2024-03-21,Bansal Hospital,16,3,0,0,3,14,17.67,223.06,2,18,11
2024-03-21,Bansal Hospital,17,3,0,0,3,24,13.17,185.14,21,4,17
2024-03-21,Chirayu Medical College,9,3,0,0,3,9,16.01,178.45,9,21,1
2024-03-21,Chirayu Medical College,10,3,0,0,3,22,14.95,353.6,10,4,8
2024-03-21,Chirayu Medical College,11,3,0,0,3,19,18.76,384.77,17,13,2
2024-03-21,Chirayu Medical College,12,3,0,0,3,14,16.31,202.58,11,23,3
2024-03-21,Chirayu Medical College,13,3,0,0,3,11,12.21,132.57,5,17,10
2024-03-21,Chirayu Medical College,14,3,0,0,3,13,12.35,159.81,10,23,0
2024-03-21,Chirayu Medical College,15,3,0,0,3,11,19.26,187.83,6,15,9
2024-03-21,Chirayu Medical College,16,3,0,0,3,28,20.91,728.52,15,20,8
2024-03-21,Chirayu Medical College,17,3,0,0,3,9,22.69,254.92,1,7,14
2024-03-21,People's Hospital,9,3,0,0,3,11,10.49,133.09,9,23,6
2024-03-21,People's Hospital,10,3,0,0,3,29,13.72,316.65,4,14,16
2024-03-21,People's Hospital,11,3,0,0,3,26,8.63,261.24,14,6,2
2024-03-21,People's Hospital,12,3,0,0,3,23,16.83,319.33,12,21,16
2024-03-21,People's Hospital,13,3,0,0,3,9,13.79,111.51,2,18,1
2024-03-21,People's Hospital,14,3,0,0,3,12,17.38,180.35,9,9,11
2024-03-21,People's Hospital,15,3,0,0,3,14,14.8,266.66,2,21,11
2024-03-21,People's Hospital,16,3,0,0,3,27,12.09,416.6,18,14,7
2024-03-21,People's Hospital,17,3,0,0,3,19,26.29,411.53,19,23,18
2024-03-21,Bhopal Memorial Hospital,9,3,0,0,3,24,16.22,428.55,13,24,4
2024-03-21,Bhopal Memorial Hospital,10,3,0,0,3,14,8.21,122.88,8,13,17
2024-03-21,Bhopal Memorial Hospital,11,3,0,0,3,11,18.27,215.62,5,16,13
2024-03-21,Bhopal Memorial Hospital,12,3,0,0,3,25,6.97,180.95,1,29,6
2024-03-21,Bhopal Memorial Hospital,13,3,0,0,3,5,17.79,106.4,2,8,14
2024-03-21,Bhopal Memorial Hospital,14,3,0,0,3,9,11.1,102.44,9,28,7
2024-03-21,Bhopal Memorial Hospital,15,3,0,0,3,16,12.68,255.75,2,8,10
2024-03-21,Bhopal Memorial Hospital,16,3,0,0,3,15,17.72,229.56,5,16,3
2024-03-21,Bhopal Memorial Hospital,17,3,0,0,3,15,20.01,302.29,14,9,0
2024-03-22,AIIMS Bhopal,9,4,0,0,3,25,22.85,440.72,5,26,0
2024-03-22,AIIMS Bhopal,10,4,0,0,3,28,15.28,367.16,28,25,5
2024-03-22,AIIMS Bhopal,11,4,0,0,3,29,16.21,368.21,24,27,3
2024-03-22,AIIMS Bhopal,12,4,0,0,3,11,18.42,169.6,3,13,4
2024-03-22,AIIMS Bhopal,13,4,0,0,3,16,9.81,99.02,7,3,19
2024-03-22,AIIMS Bhopal,14,4,0,0,3,6,23.71,145.64,2,5,1
2024-03-22,AIIMS Bhopal,15,4,0,0,3,12,14.32,144.69,4,12,9
2024-03-22,AIIMS Bhopal,16,4,0,0,3,29,16.25,610.14,2,14,15
2024-03-22,AIIMS Bhopal,17,4,0,0,3,22,16.77,365.93,20,29,13
2024-03-22,Hamidia Hospital,9,4,0,0,3,11,12.68,106.37,8,6,12
2024-03-22,Hamidia Hospital,10,4,0,0,3,24,13.93,265.23,13,15,14
2024-03-22,Hamidia Hospital,11,4,0,0,3,27,13.44,458.04,24,24,12
2024-03-22,Hamidia Hospital,12,4,0,0,3,24,16.61,357.11,9,3,0
2024-03-22,Hamidia Hospital,13,4,0,0,3,13,20.4,366.98,5,7,12
2024-03-22,Hamidia Hospital,14,4,0,0,3,13,16.47,258.86,4,25,5
2024-03-22,Hamidia Hospital,15,4,0,0,3,12,17.76,165.33,5,10,19
2024-03-22,Hamidia Hospital,16,4,0,0,3,10,11.34,118.88,5,18,7
2024-03-22,Hamidia Hospital,17,4,0,0,3,21,16.87,365.09,16,28,18
2024-03-22,Bansal Hospital,9,4,0,0,3,11,23.36,318.26,1,26,3
2024-03-22,Bansal Hospital,10,4,0,0,3,11,20.7,257.83,3,16,0
2024-03-22,Bansal Hospital,11,4,0,0,3,10,12.85,128.16,6,20,18
2024-03-22,Bansal Hospital,12,4,0,0,3,14,11.26,104.39,6,22,14
2024-03-22,Bansal Hospital,13,4,0,0,3,17,17.35,275.48,11,12,16
2024-03-22,Bansal Hospital,14,4,0,0,3,16,14.15,184.85,3,22,5
2024-03-22,Bansal Hospital,15,4,0,0,3,11,14.15,186.51,10,5,8
2024-03-22,Bansal Hospital,16,4,0,0,3,26,15.4,570.79,17,16,12
2024-03-22,Bansal Hospital,17,4,0,0,3,17,13.72,202.04,5,3,6
2024-03-22,Chirayu Medical College,9,4,0,0,3,10,24.15,199.67,3,29,13
2024-03-22,Chirayu Medical College,10,4,0,0,3,27,10.41,354.36,5,12,12
2024-03-22,Chirayu Medical College,11,4,0,0,3,32,11.06,475.11,11,26,15
2024-03-22,Chirayu Medical College,12,4,0,0,3,12,14.72,186.31,1,25,4
2024-03-22,Chirayu Medical College,13,4,0,0,3,5,9.34,42.75,1,12,12
2024-03-22,Chirayu Medical College,14,4,0,0,3,5,12.74,79.09,5,27,10
2024-03-22,Chirayu Medical College,15,4,0,0,3,16,15.57,275.95,4,15,6
2024-03-22,Chirayu Medical College,16,4,0,0,3,11,19.48,168.7,4,10,10
2024-03-22,Chirayu Medical College,17,4,0,0,3,21,19.93,266.76,13,22,6
2024-03-22,People's Hospital,9,4,0,0,3,8,16.17,134.15,1,21,1
2024-03-22,People's Hospital,10,4,0,0,3,31,17.29,407.06,3,20,14
2024-03-22,People's Hospital,11,4,0,0,3,31,15.25,478.13,31,12,17
2024-03-22,People's Hospital,12,4,0,0,3,9,17.66,199.4,4,13,8
2024-03-22,People's Hospital,13,4,0,0,3,7,10.8,102.39,5,27,5
2024-03-22,People's Hospital,14,4,0,0,3,6,12.91,69.72,3,25,7
2024-03-22,People's Hospital,15,4,0,0,3,22,13.51,309.85,14,15,5
2024-03-22,People's Hospital,16,4,0,0,3,32,15.77,493.41,6,7,4
2024-03-22,People's Hospital,17,4,0,0,3,21,11.32,232.31,19,12,14
2024-03-22,Bhopal Memorial Hospital,9,4,0,0,3,16,15.93,156.83,12,25,7
2024-03-22,Bhopal Memorial Hospital,10,4,0,0,3,13,22.97,293.77,2,4,11
2024-03-22,Bhopal Memorial Hospital,11,4,0,0,3,32,20.66,596.26,16,3,19
2024-03-22,Bhopal Memorial Hospital,12,4,0,0,3,21,12.31,259.07,15,22,16
2024-03-22,Bhopal Memorial Hospital,13,4,0,0,3,11,16.77,182.26,10,6,9
2024-03-22,Bhopal Memorial Hospital,14,4,0,0,3,8,12.29,74.99,8,16,11
2024-03-22,Bhopal Memorial Hospital,15,4,0,0,3,8,15.09,109.41,8,16,15
2024-03-22,Bhopal Memorial Hospital,16,4,0,0,3,14,10.44,144.28,14,7,16
2024-03-22,Bhopal Memorial Hospital,17,4,0,0,3,25,16.04,348.88,8,16,17
2024-03-23,AIIMS Bhopal,9,5,1,0,3,14,19.93,232.93,1,5,12
2024-03-23,AIIMS Bhopal,10,5,1,0,3,9,11.07,104.71,3,8,13
2024-03-23,AIIMS Bhopal,11,5,1,0,3,15,10.59,173.96,12,19,0
2024-03-23,AIIMS Bhopal,12,5,1,0,3,8,11.19,95.37,7,29,10
2024-03-23,AIIMS Bhopal,13,5,1,0,3,4,18.43,104.05,1,17,9
2024-03-23,AIIMS Bhopal,14,5,1,0,3,6,16.85,76.75,1,7,10
2024-03-23,AIIMS Bhopal,15,5,1,0,3,10,11.71,98.48,3,16,10
2024-03-23,AIIMS Bhopal,16,5,1,0,3,16,14.34,236.56,7,20,11
2024-03-23,AIIMS Bhopal,17,5,1,0,3,15,15.96,241.27,2,25,9
2024-03-23,Hamidia Hospital,9,5,1,0,3,6,15.28,82.95,4,13,15
2024-03-23,Hamidia Hospital,10,5,1,0,3,19,10.48,173.35,5,21,11
2024-03-23,Hamidia Hospital,11,5,1,0,3,15,13.95,224.2,9,17,2
2024-03-23,Hamidia Hospital,12,5,1,0,3,6,16.87,86.62,4,4,1
2024-03-23,Hamidia Hospital,13,5,1,0,3,7,15.06,103.44,5,8,8
2024-03-23,Hamidia Hospital,14,5,1,0,3,6,10.27,51.78,5,17,17
2024-03-23,Hamidia Hospital,15,5,1,0,3,13,12.39,190.15,1,23,7
2024-03-23,Hamidia Hospital,16,5,1,0,3,5,15.8,58.15,1,6,3
2024-03-23,Hamidia Hospital,17,5,1,0,3,7,14.65,105.38,6,19,12
2024-03-23,Bansal Hospital,9,5,1,0,3,5,12.55,63.08,1,15,19
2024-03-23,Bansal Hospital,10,5,1,0,3,14,16.5,254.49,4,30,6
2024-03-23,Bansal Hospital,11,5,1,0,3,15,9.13,105.9,11,20,0
2024-03-23,Bansal Hospital,12,5,1,0,3,12,15.58,196.42,8,23,6
2024-03-23,Bansal Hospital,13,5,1,0,3,2,21.81,37.79,1,15,13
2024-03-23,Bansal Hospital,14,5,1,0,3,4,14.57,79.29,4,14,7
2024-03-23,Bansal Hospital,15,5,1,0,3,13,21.13,244.52,5,3,10
2024-03-23,Bansal Hospital,16,5,1,0,3,16,19.57,249.34,9,12,12
2024-03-23,Bansal Hospital,17,5,1,0,3,11,19.9,180.6,8,11,1
2024-03-23,Chirayu Medical College,9,5,1,0,3,12,10.51,118.27,4,14,9
2024-03-23,Chirayu Medical College,10,5,1,0,3,11,17.61,183.67,6,26,2
2024-03-23,Chirayu Medical College,11,5,1,0,3,11,11.9,149.74,9,20,13
2024-03-23,Chirayu Medical College,12,5,1,0,3,11,19.32,190.0,11,26,8
2024-03-23,Chirayu Medical College,13,5,1,0,3,9,16.07,167.64,4,24,11
2024-03-23,Chirayu Medical College,14,5,1,0,3,10,20.3,183.54,7,29,15
2024-03-23,Chirayu Medical College,15,5,1,0,3,8,11.35,98.06,5,19,10
2024-03-23,Chirayu Medical College,16,5,1,0,3,11,19.49,284.64,8,18,11
2024-03-23,Chirayu Medical College,17,5,1,0,3,14,6.06,91.86,10,12,7
2024-03-23,People's Hospital,9,5,1,0,3,7,15.84,79.07,7,28,19
2024-03-23,People's Hospital,10,5,1,0,3,19,16.48,428.56,9,12,7
2024-03-23,People's Hospital,11,5,1,0,3,15,21.12,314.93,14,20,1
2024-03-23,People's Hospital,12,5,1,0,3,11,21.35,246.04,5,13,1
2024-03-23,People's Hospital,13,5,1,0,3,7,16.02,111.93,2,20,8
2024-03-23,People's Hospital,14,5,1,0,3,8,8.67,74.5,1,4,14
2024-03-23,People's Hospital,15,5,1,0,3,8,13.3,153.16,4,21,1
2024-03-23,People's Hospital,16,5,1,0,3,16,6.62,121.25,16,7,18
2024-03-23,People's Hospital,17,5,1,0,3,10,14.13,190.76,6,24,0
2024-03-23,Bhopal Memorial Hospital,9,5,1,0,3,9,14.11,124.65,7,7,10
2024-03-23,Bhopal Memorial Hospital,10,5,1,0,3,19,16.93,320.24,2,24,4
2024-03-23,Bhopal Memorial Hospital,11,5,1,0,3,5,13.87,81.44,2,20,3
2024-03-23,Bhopal Memorial Hospital,12,5,1,0,3,10,15.72,179.03,2,7,14
2024-03-23,Bhopal Memorial Hospital,13,5,1,0,3,6,15.83,66.32,6,10,7
2024-03-23,Bhopal Memorial Hospital,14,5,1,0,3,9,9.5,63.33,6,9,2
2024-03-23,Bhopal Memorial Hospital,15,5,1,0,3,6,17.26,113.43,3,21,0
2024-03-23,Bhopal Memorial Hospital,16,5,1,0,3,11,17.42,190.66,6,8,14
2024-03-23,Bhopal Memorial Hospital,17,5,1,0,3,9,17.53,184.89,7,8,11
2024-03-24,AIIMS Bhopal,9,6,1,0,3,6,13.26,61.47,4,10,16
2024-03-24,AIIMS Bhopal,10,6,1,0,3,10,9.33,83.96,6,12,10
2024-03-24,AIIMS Bhopal,11,6,1,0,3,7,14.6,136.47,1,28,19
2024-03-24,AIIMS Bhopal,12,6,1,0,3,6,11.95,65.25,1,18,9
2024-03-24,AIIMS Bhopal,13,6,1,0,3,7,16.65,98.76,6,10,14
2024-03-24,AIIMS Bhopal,14,6,1,0,3,3,18.69,50.7,2,8,17
2024-03-24,AIIMS Bhopal,15,6,1,0,3,6,12.7,81.31,4,11,12
2024-03-24,AIIMS Bhopal,16,6,1,0,3,7,17.2,120.21,1,24,10
2024-03-24,AIIMS Bhopal,17,6,1,0,3,13,12.04,179.82,12,27,5
2024-03-24,Hamidia Hospital,9,6,1,0,3,12,14.91,195.52,7,3,16
2024-03-24,Hamidia Hospital,10,6,1,0,3,11,10.28,108.69,11,17,12
2024-03-24,Hamidia Hospital,11,6,1,0,3,9,20.55,189.55,1,16,18
2024-03-24,Hamidia Hospital,12,6,1,0,3,9,21.53,230.63,4,3,7
2024-03-24,Hamidia Hospital,13,6,1,0,3,7,19.07,124.62,4,4,9
2024-03-24,Hamidia Hospital,14,6,1,0,3,7,18.51,134.23,5,29,18
2024-03-24,Hamidia Hospital,15,6,1,0,3,15,19.63,379.75,15,24,13
2024-03-24,Hamidia Hospital,16,6,1,0,3,16,16.01,347.8,6,27,6
2024-03-24,Hamidia Hospital,17,6,1,0,3,9,16.48,93.79,9,20,16
2024-03-24,Bansal Hospital,9,6,1,0,3,5,13.68,80.11,1,24,9
2024-03-24,Bansal Hospital,10,6,1,0,3,9,18.6,178.66,4,15,9
2024-03-24,Bansal Hospital,11,6,1,0,3,14,20.78,316.07,9,8,7
2024-03-24,Bansal Hospital,12,6,1,0,3,6,15.05,99.92,3,27,11
2024-03-24,Bansal Hospital,13,6,1,0,3,9,13.15,128.82,2,6,10
2024-03-24,Bansal Hospital,14,6,1,0,3,7,9.4,54.03,6,11,6
2024-03-24,Bansal Hospital,15,6,1,0,3,6,8.79,50.51,6,12,7
2024-03-24,Bansal Hospital,16,6,1,0,3,15,17.86,233.23,15,28,2
2024-03-24,Bansal Hospital,17,6,1,0,3,5,11.9,37.98,5,18,15
2024-03-24,Chirayu Medical College,9,6,1,0,3,6,14.17,77.73,1,16,4
2024-03-24,Chirayu Medical College,10,6,1,0,3,7,23.9,142.45,5,7,12
2024-03-24,Chirayu Medical College,11,6,1,0,3,13,18.17,139.64,4,30,5
2024-03-24,Chirayu Medical College,12,6,1,0,3,14,18.23,289.95,11,22,2
2024-03-24,Chirayu Medical College,13,6,1,0,3,3,14.45,33.38,3,7,5
2024-03-24,Chirayu Medical College,14,6,1,0,3,4,12.5,45.82,1,28,10
2024-03-24,Chirayu Medical College,15,6,1,0,3,13,15.89,251.57,13,18,3
2024-03-24,Chirayu Medical College,16,6,1,0,3,5,11.74,70.41,4,18,0
2024-03-24,Chirayu Medical College,17,6,1,0,3,13,12.71,141.35,10,26,19
2024-03-24,People's Hospital,9,6,1,0,3,6,13.15,86.37,3,11,10
2024-03-24,People's Hospital,10,6,1,0,3,6,26.89,167.61,1,7,12
2024-03-24,People's Hospital,11,6,1,0,3,18,15.18,336.91,2,9,9
2024-03-24,People's Hospital,12,6,1,0,3,11,16.79,169.26,6,19,12
2024-03-24,People's Hospital,13,6,1,0,3,9,15.09,127.36,1,11,0
2024-03-24,People's Hospital,14,6,1,0,3,5,14.12,91.83,4,24,11
2024-03-24,People's Hospital,15,6,1,0,3,10,11.5,94.79,3,10,13
2024-03-24,People's Hospital,16,6,1,0,3,19,13.79,261.54,8,29,17
2024-03-24,People's Hospital,17,6,1,0,3,7,13.54,97.22,7,27,10
2024-03-24,Bhopal Memorial Hospital,9,6,1,0,3,6,15.13,105.5,1,6,17
2024-03-24,Bhopal Memorial Hospital,10,6,1,0,3,13,15.16,199.68,4,20,17
2024-03-24,Bhopal Memorial Hospital,11,6,1,0,3,9,13.11,131.17,1,27,17
2024-03-24,Bhopal Memorial Hospital,12,6,1,0,3,8,14.37,106.49,7,19,3
2024-03-24,Bhopal Memorial Hospital,13,6,1,0,3,8,16.33,180.0,4,20,18
2024-03-24,Bhopal Memorial Hospital,14,6,1,0,3,4,11.3,33.9,2,26,12
2024-03-24,Bhopal Memorial Hospital,15,6,1,0,3,4,10.33,43.42,3,23,15
2024-03-24,Bhopal Memorial Hospital,16,6,1,0,3,15,13.78,208.09,1,14,4
2024-03-24,Bhopal Memorial Hospital,17,6,1,0,3,6,14.72,116.38,1,18,0
2024-03-25,AIIMS Bhopal,9,0,0,1,3,30,17.24,567.78,18,14,0
2024-03-25,AIIMS Bhopal,10,0,0,1,3,45,16.85,644.6,12,9,14
2024-03-25,AIIMS Bhopal,11,0,0,1,3,14,13.38,184.58,2,27,18
2024-03-25,AIIMS Bhopal,12,0,0,1,3,14,9.85,103.6,5,14,8
2024-03-25,AIIMS Bhopal,13,0,0,1,3,18,11.03,220.11,13,14,10
2024-03-25,AIIMS Bhopal,14,0,0,1,3,19,17.39,250.1,15,16,15
2024-03-25,AIIMS Bhopal,15,0,0,1,3,14,15.37,261.84,11,28,3
2024-03-25,AIIMS Bhopal,16,0,0,1,3,42,8.34,349.88,28,10,18
2024-03-25,AIIMS Bhopal,17,0,0,1,3,26,13.25,366.24,13,27,12
2024-03-25,Hamidia Hospital,9,0,0,1,3,30,5.87,153.39,12,14,15
2024-03-25,Hamidia Hospital,10,0,0,1,3,24,12.45,308.88,17,18,9
2024-03-25,Hamidia Hospital,11,0,0,1,3,15,16.11,264.5,11,23,9
2024-03-25,Hamidia Hospital,12,0,0,1,3,28,18.29,491.33,26,15,12
2024-03-25,Hamidia Hospital,13,0,0,1,3,12,12.29,148.25,4,3,9
2024-03-25,Hamidia Hospital,14,0,0,1,3,10,18.98,208.06,2,24,9
2024-03-25,Hamidia Hospital,15,0,0,1,3,18,13.7,230.21,6,12,16
2024-03-25,Hamidia Hospital,16,0,0,1,3,27,18.06,551.24,18,26,13
2024-03-25,Hamidia Hospital,17,0,0,1,3,19,18.15,298.27,16,3,8
2024-03-25,Bansal Hospital,9,0,0,1,3,28,13.08,450.12,19,15,18
2024-03-25,Bansal Hospital,10,0,0,1,3,42,22.48,695.63,14,15,17
2024-03-25,Bansal Hospital,11,0,0,1,3,45,15.53,599.31,2,11,17
2024-03-25,Bansal Hospital,12,0,0,1,3,21,9.58,205.84,21,10,12
2024-03-25,Bansal Hospital,13,0,0,1,3,14,14.4,186.47,6,21,5
2024-03-25,Bansal Hospital,14,0,0,1,3,11,16.15,122.96,10,6,5
2024-03-25,Bansal Hospital,15,0,0,1,3,32,18.61,549.04,15,11,2
2024-03-25,Bansal Hospital,16,0,0,1,3,15,16.07,232.63,12,24,4
2024-03-25,Bansal Hospital,17,0,0,1,3,15,18.82,312.72,3,19,5
2024-03-25,Chirayu Medical College,9,0,0,1,3,22,10.2,231.31,1,5,17
2024-03-25,Chirayu Medical College,10,0,0,1,3,19,10.0,206.73,13,23,1
2024-03-25,Chirayu Medical College,11,0,0,1,3,41,12.79,622.83,40,26,16
2024-03-25,Chirayu Medical College,12,0,0,1,3,22,17.26,304.64,10,21,19
2024-03-25,Chirayu Medical College,13,0,0,1,3,21,14.03,280.39,6,30,4
2024-03-25,Chirayu Medical College,14,0,0,1,3,10,13.07,131.46,9,30,13
2024-03-25,Chirayu Medical College,15,0,0,1,3,25,18.74,461.83,24,6,17
2024-03-25,Chirayu Medical College,16,0,0,1,3,45,8.24,164.98,1,16,2
2024-03-25,Chirayu Medical College,17,0,0,1,3,32,16.73,722.1,21,16,7
2024-03-25,People's Hospital,9,0,0,1,3,15,17.67,263.54,2,8,19
2024-03-25,People's Hospital,10,0,0,1,3,39,18.8,716.39,23,17,5
2024-03-25,People's Hospital,11,0,0,1,3,37,19.29,830.19,27,9,15
2024-03-25,People's Hospital,12,0,0,1,3,35,13.28,462.94,14,19,18
2024-03-25,People's Hospital,13,0,0,1,3,8,6.4,68.93,3,25,1
2024-03-25,People's Hospital,14,0,0,1,3,10,15.49,110.6,1,18,2
2024-03-25,People's Hospital,15,0,0,1,3,29,18.69,536.53,26,24,5
2024-03-25,People's Hospital,16,0,0,1,3,19,9.48,221.73,7,16,3
2024-03-25,People's Hospital,17,0,0,1,3,21,19.89,471.16,17,13,8
2024-03-25,Bhopal Memorial Hospital,9,0,0,1,3,12,15.03,169.4,12,22,1
2024-03-25,Bhopal Memorial Hospital,10,0,0,1,3,27,12.64,347.28,12,26,9
2024-03-25,Bhopal Memorial Hospital,11,0,0,1,3,33,11.42,370.06,15,13,13
2024-03-25,Bhopal Memorial Hospital,12,0,0,1,3,21,11.2,140.24,18,27,3
2024-03-25,Bhopal Memorial Hospital,13,0,0,1,3,11,11.79,132.07,4,22,4
2024-03-25,Bhopal Memorial Hospital,14,0,0,1,3,11,20.87,187.27,6,6,14
2024-03-25,Bhopal Memorial Hospital,15,0,0,1,3,22,19.9,488.22,6,13,17
2024-03-25,Bhopal Memorial Hospital,16,0,0,1,3,18,9.71,125.9,9,29,15
2024-03-25,Bhopal Memorial Hospital,17,0,0,1,3,29,21.95,471.61,4,29,5
2024-03-26,AIIMS Bhopal,9,1,0,0,3,14,14.08,203.25,12,20,12
2024-03-26,AIIMS Bhopal,10,1,0,0,3,19,12.2,216.08,9,6,6
2024-03-26,AIIMS Bhopal,11,1,0,0,3,32,14.97,548.91,21,15,6
2024-03-26,AIIMS Bhopal,12,1,0,0,3,9,14.58,129.12,8,22,12
2024-03-26,AIIMS Bhopal,13,1,0,0,3,16,13.08,177.05,2,23,18
2024-03-26,AIIMS Bhopal,14,1,0,0,3,14,13.86,162.76,13,21,17
2024-03-26,AIIMS Bhopal,15,1,0,0,3,22,17.12,422.45,2,20,19
2024-03-26,AIIMS Bhopal,16,1,0,0,3,16,13.7,172.56,7,13,2
2024-03-26,AIIMS Bhopal,17,1,0,0,3,21,13.82,302.55,7,9,19
2024-03-26,Hamidia Hospital,9,1,0,0,3,23,16.51,454.74,1,18,4
2024-03-26,Hamidia Hospital,10,1,0,0,3,14,12.16,173.47,5,3,5
2024-03-26,Hamidia Hospital,11,1,0,0,3,22,16.65,399.6,6,26,8
2024-03-26,Hamidia Hospital,12,1,0,0,3,11,13.16,112.0,4,28,1
2024-03-26,Hamidia Hospital,13,1,0,0,3,14,13.61,165.21,12,10,13
2024-03-26,Hamidia Hospital,14,1,0,0,3,12,14.75,182.69,9,6,9
2024-03-26,Hamidia Hospital,15,1,0,0,3,17,14.61,289.79,9,7,0
2024-03-26,Hamidia Hospital,16,1,0,0,3,16,13.95,191.9,12,3,19
2024-03-26,Hamidia Hospital,17,1,0,0,3,17,11.55,209.93,3,6,16
2024-03-26,Bansal Hospital,9,1,0,0,3,21,8.85,99.12,14,11,0
2024-03-26,Bansal Hospital,10,1,0,0,3,22,18.73,470.15,7,22,17
2024-03-26,Bansal Hospital,11,1,0,0,3,13,18.59,208.99,6,12,4
2024-03-26,Bansal Hospital,12,1,0,0,3,17,21.43,176.49,2,19,5
2024-03-26,Bansal Hospital,13,1,0,0,3,14,18.79,202.89,14,27,2
2024-03-26,Bansal Hospital,14,1,0,0,3,5,12.82,55.32,3,22,8
2024-03-26,Bansal Hospital,15,1,0,0,3,13,14.98,142.45,3,4,5
2024-03-26,Bansal Hospital,16,1,0,0,3,19,8.74,172.62,14,21,13
2024-03-26,Bansal Hospital,17,1,0,0,3,13,15.82,152.95,4,10,17
2024-03-26,Chirayu Medical College,9,1,0,0,3,20,17.53,379.98,3,23,17
2024-03-26,Chirayu Medical College,10,1,0,0,3,18,14.44,253.96,8,28,9
2024-03-26,Chirayu Medical College,11,1,0,0,3,15,13.93,266.81,3,12,0
2024-03-26,Chirayu Medical College,12,1,0,0,3,20,12.77,270.04,7,11,13
2024-03-26,Chirayu Medical College,13,1,0,0,3,9,16.01,167.33,9,20,19
2024-03-26,Chirayu Medical College,14,1,0,0,3,10,17.95,171.3,8,14,3
2024-03-26,Chirayu Medical College,15,1,0,0,3,24,8.66,268.78,9,26,1
2024-03-26,Chirayu Medical College,16,1,0,0,3,31,8.33,295.81,26,12,5
2024-03-26,Chirayu Medical College,17,1,0,0,3,17,15.03,321.16,13,22,4
2024-03-26,People's Hospital,9,1,0,0,3,25,14.61,378.28,9,9,10
2024-03-26,People's Hospital,10,1,0,0,3,10,11.74,107.19,9,23,16
2024-03-26,People's Hospital,11,1,0,0,3,24,8.62,153.24,16,29,0
2024-03-26,People's Hospital,12,1,0,0,3,15,8.43,107.05,10,30,13
2024-03-26,People's Hospital,13,1,0,0,3,11,13.36,169.98,2,29,15
2024-03-26,People's Hospital,14,1,0,0,3,14,13.54,215.44,2,28,17
2024-03-26,People's Hospital,15,1,0,0,3,24,15.33,387.44,19,28,18
2024-03-26,People's Hospital,16,1,0,0,3,23,14.24,409.45,15,9,8
2024-03-26,People's Hospital,17,1,0,0,3,17,14.64,180.67,13,24,12
2024-03-26,Bhopal Memorial Hospital,9,1,0,0,3,24,19.12,436.49,19,20,19
2024-03-26,Bhopal Memorial Hospital,10,1,0,0,3,20,11.05,233.08,4,17,0
2024-03-26,Bhopal Memorial Hospital,11,1,0,0,3,27,13.54,350.14,9,22,14
2024-03-26,Bhopal Memorial Hospital,12,1,0,0,3,10,23.99,299.88,4,28,16
2024-03-26,Bhopal Memorial Hospital,13,1,0,0,3,11,17.81,103.65,8,6,10
2024-03-26,Bhopal Memorial Hospital,14,1,0,0,3,14,11.26,161.27,7,26,10
2024-03-26,Bhopal Memorial Hospital,15,1,0,0,3,8,14.08,105.3,7,3,3
2024-03-26,Bhopal Memorial Hospital,16,1,0,0,3,26,11.68,306.33,19,26,5
2024-03-26,Bhopal Memorial Hospital,17,1,0,0,3,14,14.42,228.79,6,22,13
2024-03-27,AIIMS Bhopal,9,2,0,0,3,24,11.12,364.38,9,13,0
2024-03-27,AIIMS Bhopal,10,2,0,0,3,23,15.81,290.5,23,21,7
2024-03-27,AIIMS Bhopal,11,2,0,0,3,29,14.33,436.58,27,25,8
2024-03-27,AIIMS Bhopal,12,2,0,0,3,13,16.2,167.46,8,29,17
2024-03-27,AIIMS Bhopal,13,2,0,0,3,9,20.81,147.5,2,12,1
2024-03-27,AIIMS Bhopal,14,2,0,0,3,8,9.57,114.13,4,20,10
2024-03-27,AIIMS Bhopal,15,2,0,0,3,23,12.79,309.97,13,30,9
2024-03-27,AIIMS Bhopal,16,2,0,0,3,31,16.54,510.85,14,27,7
2024-03-27,AIIMS Bhopal,17,2,0,0,3,24,11.85,225.24,24,16,17
2024-03-27,Hamidia Hospital,9,2,0,0,3,9,13.74,109.33,9,14,7
2024-03-27,Hamidia Hospital,10,2,0,0,3,10,14.69,134.73,2,30,4
2024-03-27,Hamidia Hospital,11,2,0,0,3,28,11.29,297.4,11,5,19
2024-03-27,Hamidia Hospital,12,2,0,0,3,14,18.34,257.13,9,30,11
2024-03-27,Hamidia Hospital,13,2,0,0,3,8,22.2,135.05,8,17,11
2024-03-27,Hamidia Hospital,14,2,0,0,3,16,11.77,218.32,7,15,10
2024-03-27,Hamidia Hospital,15,2,0,0,3,21,20.83,605.48,14,9,8
2024-03-27,Hamidia Hospital,16,2,0,0,3,22,13.83,266.26,20,11,12
2024-03-27,Hamidia Hospital,17,2,0,0,3,24,15.75,305.79,24,25,7
2024-03-27,Bansal Hospital,9,2,0,0,3,15,16.22,254.85,3,9,7
2024-03-27,Bansal Hospital,10,2,0,0,3,24,11.11,287.28,16,25,1
2024-03-27,Bansal Hospital,11,2,0,0,3,28,20.66,430.09,15,12,8
2024-03-27,Bansal Hospital,12,2,0,0,3,19,6.91,144.59,6,24,13
2024-03-27,Bansal Hospital,13,2,0,0,3,8,7.69,80.58,8,20,10
2024-03-27,Bansal Hospital,14,2,0,0,3,6,6.4,37.41,5,22,15
2024-03-27,Bansal Hospital,15,2,0,0,3,23,14.56,412.93,12,22,8
2024-03-27,Bansal Hospital,16,2,0,0,3,22,9.41,127.32,17,25,10
2024-03-27,Bansal Hospital,17,2,0,0,3,12,8.37,80.09,8,26,14
2024-03-27,Chirayu Medical College,9,2,0,0,3,16,20.82,239.99,8,18,12
2024-03-27,Chirayu Medical College,10,2,0,0,3,28,11.02,342.38,1,11,4
2024-03-27,Chirayu Medical College,11,2,0,0,3,10,19.42,182.68,8,14,2
2024-03-27,Chirayu Medical College,12,2,0,0,3,17,11.95,181.56,10,5,2
2024-03-27,Chirayu Medical College,13,2,0,0,3,12,15.19,120.1,11,27,6
2024-03-27,Chirayu Medical College,14,2,0,0,3,6,14.0,79.98,1,23,1
2024-03-27,Chirayu Medical College,15,2,0,0,3,16,14.48,149.28,12,15,11
2024-03-27,Chirayu Medical College,16,2,0,0,3,31,18.89,742.04,24,11,10
2024-03-27,Chirayu Medical College,17,2,0,0,3,15,5.03,69.46,6,23,13
2024-03-27,People's Hospital,9,2,0,0,3,19,15.25,433.4,7,30,4
2024-03-27,People's Hospital,10,2,0,0,3,27,14.08,388.39,22,24,0
2024-03-27,People's Hospital,11,2,0,0,3,11,14.94,172.26,10,26,2
2024-03-27,People's Hospital,12,2,0,0,3,10,17.79,187.74,5,21,11
2024-03-27,People's Hospital,13,2,0,0,3,14,19.78,312.14,13,22,16
2024-03-27,People's Hospital,14,2,0,0,3,14,21.37,134.58,2,20,3
2024-03-27,People's Hospital,15,2,0,0,3,18,8.35,149.57,15,28,8
2024-03-27,People's Hospital,16,2,0,0,3,26,11.9,333.4,10,18,14
2024-03-27,People's Hospital,17,2,0,0,3,21,19.24,359.23,21,16,16
2024-03-27,Bhopal Memorial Hospital,9,2,0,0,3,23,13.42,264.85,15,26,18
2024-03-27,Bhopal Memorial Hospital,10,2,0,0,3,27,10.31,325.81,26,29,12
2024-03-27,Bhopal Memorial Hospital,11,2,0,0,3,32,19.72,500.47,2,26,11
2024-03-27,Bhopal Memorial Hospital,12,2,0,0,3,12,12.51,170.31,10,21,11
2024-03-27,Bhopal Memorial Hospital,13,2,0,0,3,5,9.52,45.4,3,25,5
2024-03-27,Bhopal Memorial Hospital,14,2,0,0,3,10,14.88,146.42,3,21,5
2024-03-27,Bhopal Memorial Hospital,15,2,0,0,3,23,12.1,299.51,1,13,8
2024-03-27,Bhopal Memorial Hospital,16,2,0,0,3,29,12.63,273.64,14,8,4
2024-03-27,Bhopal Memorial Hospital,17,2,0,0,3,10,14.92,177.12,4,5,17
2024-03-28,AIIMS Bhopal,9,3,0,0,3,20,12.55,281.37,10,17,7
2024-03-28,AIIMS Bhopal,10,3,0,0,3,18,7.77,122.78,9,17,16
2024-03-28,AIIMS Bhopal,11,3,0,0,3,23,17.18,470.85,10,29,4
2024-03-28,AIIMS Bhopal,12,3,0,0,3,8,17.07,171.06,5,6,0
2024-03-28,AIIMS Bhopal,13,3,0,0,3,9,17.48,145.99,9,18,7
2024-03-28,AIIMS Bhopal,14,3,0,0,3,13,19.96,256.29,12,24,13
2024-03-28,AIIMS Bhopal,15,3,0,0,3,21,12.04,347.2,16,18,9
2024-03-28,AIIMS Bhopal,16,3,0,0,3,14,18.02,380.01,6,5,16
2024-03-28,AIIMS Bhopal,17,3,0,0,3,14,18.74,265.07,6,9,8
2024-03-28,Hamidia Hospital,9,3,0,0,3,21,15.7,248.89,3,14,6
2024-03-28,Hamidia Hospital,10,3,0,0,3,31,15.62,393.07,6,25,3
2024-03-28,Hamidia Hospital,11,3,0,0,3,29,11.61,318.05,29,22,19
2024-03-28,Hamidia Hospital,12,3,0,0,3,9,16.76,116.62,2,8,17
2024-03-28,Hamidia Hospital,13,3,0,0,3,14,11.49,211.99,14,30,3
2024-03-28,Hamidia Hospital,14,3,0,0,3,14,8.47,128.3,3,9,17
2024-03-28,Hamidia Hospital,15,3,0,0,3,14,16.69,226.2,4,12,17
2024-03-28,Hamidia Hospital,16,3,0,0,3,13,8.93,105.23,1,26,1
2024-03-28,Hamidia Hospital,17,3,0,0,3,14,16.42,225.77,5,30,12
2024-03-28,Bansal Hospital,9,3,0,0,3,14,14.64,268.83,14,8,9
2024-03-28,Bansal Hospital,10,3,0,0,3,16,19.37,361.06,12,21,14
2024-03-28,Bansal Hospital,11,3,0,0,3,19,22.68,407.94,19,26,3
2024-03-28,Bansal Hospital,12,3,0,0,3,13,18.2,252.58,8,9,9
2024-03-28,Bansal Hospital,13,3,0,0,3,7,18.34,127.07,4,5,6
2024-03-28,Bansal Hospital,14,3,0,0,3,10,22.16,267.7,6,14,6
2024-03-28,Bansal Hospital,15,3,0,0,3,9,18.36,156.66,1,9,1
2024-03-28,Bansal Hospital,16,3,0,0,3,22,13.73,365.31,18,5,3
2024-03-28,Bansal Hospital,17,3,0,0,3,9,8.78,56.89,7,14,19
2024-03-28,Chirayu Medical College,9,3,0,0,3,25,12.76,422.11,11,17,13
2024-03-28,Chirayu Medical College,10,3,0,0,3,27,15.57,570.76,11,12,3
2024-03-28,Chirayu Medical College,11,3,0,0,3,32,14.87,415.32,7,7,13
2024-03-28,Chirayu Medical College,12,3,0,0,3,16,14.27,241.23,10,24,2
2024-03-28,Chirayu Medical College,13,3,0,0,3,7,25.57,192.7,6,26,12
2024-03-28,Chirayu Medical College,14,3,0,0,3,14,14.35,184.35,1,27,16
2024-03-28,Chirayu Medical College,15,3,0,0,3,12,16.63,225.07,12,6,12
2024-03-28,Chirayu Medical College,16,3,0,0,3,32,19.7,813.02,9,7,2
2024-03-28,Chirayu Medical College,17,3,0,0,3,23,11.48,323.32,6,23,12
2024-03-28,People's Hospital,9,3,0,0,3,20,15.95,314.63,7,23,8
2024-03-28,People's Hospital,10,3,0,0,3,29,6.67,153.77,3,26,0
2024-03-28,People's Hospital,11,3,0,0,3,10,13.37,149.68,6,18,4
2024-03-28,People's Hospital,12,3,0,0,3,12,10.81,120.7,12,9,5
2024-03-28,People's Hospital,13,3,0,0,3,8,24.97,219.08,8,30,8
2024-03-28,People's Hospital,14,3,0,0,3,17,12.51,254.63,5,11,6
2024-03-28,People's Hospital,15,3,0,0,3,25,13.01,332.97,20,14,2
2024-03-28,People's Hospital,16,3,0,0,3,22,10.64,320.73,2,13,16
2024-03-28,People's Hospital,17,3,0,0,3,8,14.39,102.6,7,3,12
2024-03-28,Bhopal Memorial Hospital,9,3,0,0,3,9,14.77,139.18,3,11,0
2024-03-28,Bhopal Memorial Hospital,10,3,0,0,3,27,16.6,278.28,16,11,14
2024-03-28,Bhopal Memorial Hospital,11,3,0,0,3,26,13.07,252.92,11,4,18
2024-03-28,Bhopal Memorial Hospital,12,3,0,0,3,8,14.92,129.36,6,16,12
2024-03-28,Bhopal Memorial Hospital,13,3,0,0,3,11,15.5,185.05,7,13,11
2024-03-28,Bhopal Memorial Hospital,14,3,0,0,3,14,15.96,193.79,9,18,16
2024-03-28,Bhopal Memorial Hospital,15,3,0,0,3,24,18.88,409.49,13,14,13
2024-03-28,Bhopal Memorial Hospital,16,3,0,0,3,19,18.55,383.88,2,16,4
2024-03-28,Bhopal Memorial Hospital,17,3,0,0,3,12,15.48,179.06,2,6,6
2024-03-29,AIIMS Bhopal,9,4,0,0,3,25,8.33,271.63,16,29,18
2024-03-29,AIIMS Bhopal,10,4,0,0,3,20,12.79,207.82,3,27,18
2024-03-29,AIIMS Bhopal,11,4,0,0,3,10,15.16,157.05,6,6,8
2024-03-29,AIIMS Bhopal,12,4,0,0,3,24,5.0,82.05,11,26,7
2024-03-29,AIIMS Bhopal,13,4,0,0,3,17,18.12,393.52,10,12,2
2024-03-29,AIIMS Bhopal,14,4,0,0,3,7,14.56,138.94,6,4,11
2024-03-29,AIIMS Bhopal,15,4,0,0,3,15,14.26,234.82,4,21,11
2024-03-29,AIIMS Bhopal,16,4,0,0,3,13,18.95,233.02,4,23,1
2024-03-29,AIIMS Bhopal,17,4,0,0,3,18,14.72,237.74,13,18,0
2024-03-29,Hamidia Hospital,9,4,0,0,3,25,14.82,459.15,17,15,16
2024-03-29,Hamidia Hospital,10,4,0,0,3,27,16.82,383.93,23,24,4
2024-03-29,Hamidia Hospital,11,4,0,0,3,16,11.02,214.9,6,30,5
2024-03-29,Hamidia Hospital,12,4,0,0,3,24,20.28,400.86,1,27,3
2024-03-29,Hamidia Hospital,13,4,0,0,3,16,15.59,286.21,7,4,13
2024-03-29,Hamidia Hospital,14,4,0,0,3,16,10.79,169.46,10,24,13
2024-03-29,Hamidia Hospital,15,4,0,0,3,23,19.76,382.58,17,3,19
2024-03-29,Hamidia Hospital,16,4,0,0,3,26,13.72,482.88,8,18,8
2024-03-29,Hamidia Hospital,17,4,0,0,3,16,8.27,109.8,16,13,4
2024-03-29,Bansal Hospital,9,4,0,0,3,10,15.68,201.02,2,18,10
2024-03-29,Bansal Hospital,10,4,0,0,3,24,12.46,213.02,20,23,5
2024-03-29,Bansal Hospital,11,4,0,0,3,31,13.57,327.99,18,25,14
2024-03-29,Bansal Hospital,12,4,0,0,3,16,20.2,374.33,10,19,12
2024-03-29,Bansal Hospital,13,4,0,0,3,9,11.82,114.5,2,29,3
2024-03-29,Bansal Hospital,14,4,0,0,3,16,11.79,204.2,9,22,13
2024-03-29,Bansal Hospital,15,4,0,0,3,19,15.36,269.85,12,27,13
2024-03-29,Bansal Hospital,16,4,0,0,3,22,19.16,345.89,15,19,19
2024-03-29,Bansal Hospital,17,4,0,0,3,21,15.5,429.42,2,21,6
2024-03-29,Chirayu Medical College,9,4,0,0,3,19,14.37,172.56,2,29,3
2024-03-29,Chirayu Medical College,10,4,0,0,3,26,16.63,271.42,3,27,10
2024-03-29,Chirayu Medical College,11,4,0,0,3,29,13.66,358.55,9,7,4
2024-03-29,Chirayu Medical College,12,4,0,0,3,24,14.04,419.56,24,9,9
2024-03-29,Chirayu Medical College,13,4,0,0,3,9,10.92,100.89,1,21,16
2024-03-29,Chirayu Medical College,14,4,0,0,3,11,9.34,115.08,2,28,16
2024-03-29,Chirayu Medical College,15,4,0,0,3,9,13.91,169.1,4,12,17
2024-03-29,Chirayu Medical College,16,4,0,0,3,10,22.06,258.47,4,17,7
2024-03-29,Chirayu Medical College,17,4,0,0,3,19,16.35,237.62,13,26,15
2024-03-29,People's Hospital,9,4,0,0,3,11,18.2,184.78,5,16,0
2024-03-29,People's Hospital,10,4,0,0,3,24,15.07,403.58,13,4,19
2024-03-29,People's Hospital,11,4,0,0,3,27,11.86,325.11,24,29,12
2024-03-29,People's Hospital,12,4,0,0,3,12,13.74,165.21,6,26,6
2024-03-29,People's Hospital,13,4,0,0,3,14,21.98,253.14,5,22,18
2024-03-29,People's Hospital,14,4,0,0,3,7,19.79,165.02,6,19,11
2024-03-29,People's Hospital,15,4,0,0,3,21,9.72,223.82,5,28,16
2024-03-29,People's Hospital,16,4,0,0,3,24,14.81,312.14,3,14,10
2024-03-29,People's Hospital,17,4,0,0,3,14,7.56,91.09,11,18,14
2024-03-29,Bhopal Memorial Hospital,9,4,0,0,3,18,18.56,274.42,3,8,12
2024-03-29,Bhopal Memorial Hospital,10,4,0,0,3,16,12.57,215.23,12,15,15
2024-03-29,Bhopal Memorial Hospital,11,4,0,0,3,31,14.29,589.41,1,17,17
2024-03-29,Bhopal Memorial Hospital,12,4,0,0,3,8,18.68,100.32,2,24,18
2024-03-29,Bhopal Memorial Hospital,13,4,0,0,3,7,13.86,92.57,4,14,11
2024-03-29,Bhopal Memorial Hospital,14,4,0,0,3,7,18.44,160.95,3,12,3
2024-03-29,Bhopal Memorial Hospital,15,4,0,0,3,17,13.09,206.29,7,24,3
2024-03-29,Bhopal Memorial Hospital,16,4,0,0,3,27,19.84,461.87,6,19,7
2024-03-29,Bhopal Memorial Hospital,17,4,0,0,3,24,15.69,309.67,19,18,8
2024-03-30,AIIMS Bhopal,9,5,1,0,3,13,11.5,158.97,13,13,18
2024-03-30,AIIMS Bhopal,10,5,1,0,3,6,11.24,68.9,3,26,19
2024-03-30,AIIMS Bhopal,11,5,1,0,3,11,11.27,92.64,11,29,9
2024-03-30,AIIMS Bhopal,12,5,1,0,3,9,19.23,169.39,8,24,15
2024-03-30,AIIMS Bhopal,13,5,1,0,3,4,12.88,60.59,2,7,0
2024-03-30,AIIMS Bhopal,14,5,1,0,3,6,15.88,57.81,1,18,12
2024-03-30,AIIMS Bhopal,15,5,1,0,3,9,14.41,141.82,4,14,18
2024-03-30,AIIMS Bhopal,16,5,1,0,3,16,5.0,90.67,2,6,3
2024-03-30,AIIMS Bhopal,17,5,1,0,3,10,12.23,100.97,4,27,9
2024-03-30,Hamidia Hospital,9,5,1,0,3,9,15.09,146.3,5,25,17
2024-03-30,Hamidia Hospital,10,5,1,0,3,16,17.49,318.69,12,17,16
2024-03-30,Hamidia Hospital,11,5,1,0,3,13,13.48,184.72,6,11,15
2024-03-30,Hamidia Hospital,12,5,1,0,3,10,19.08,217.41,6,17,6
2024-03-30,Hamidia Hospital,13,5,1,0,3,7,19.6,181.62,5,14,11
2024-03-30,Hamidia Hospital,14,5,1,0,3,7,7.83,48.07,6,26,18
2024-03-30,Hamidia Hospital,15,5,1,0,3,11,9.62,108.36,8,14,16
2024-03-30,Hamidia Hospital,16,5,1,0,3,7,12.69,74.0,2,28,16
2024-03-30,Hamidia Hospital,17,5,1,0,3,9,13.61,113.69,4,16,5
2024-03-30,Bansal Hospital,9,5,1,0,3,9,16.49,195.56,5,17,0
2024-03-30,Bansal Hospital,10,5,1,0,3,13,16.84,221.25,7,28,18
2024-03-30,Bansal Hospital,11,5,1,0,3,16,13.8,206.03,16,24,18
2024-03-30,Bansal Hospital,12,5,1,0,3,13,13.66,114.29,12,10,9
2024-03-30,Bansal Hospital,13,5,1,0,3,4,9.06,32.3,3,4,16
2024-03-30,Bansal Hospital,14,5,1,0,3,5,11.73,58.71,4,4,3
2024-03-30,Bansal Hospital,15,5,1,0,3,13,20.41,276.85,7,6,0
2024-03-30,Bansal Hospital,16,5,1,0,3,7,9.64,72.11,1,24,1
2024-03-30,Bansal Hospital,17,5,1,0,3,6,14.01,85.75,4,17,18
2024-03-30,Chirayu Medical College,9,5,1,0,3,9,10.87,87.55,7,25,19
2024-03-30,Chirayu Medical College,10,5,1,0,3,9,18.25,154.49,2,15,4
2024-03-30,Chirayu Medical College,11,5,1,0,3,7,14.98,84.88,7,27,7
2024-03-30,Chirayu Medical College,12,5,1,0,3,15,16.17,133.55,7,17,12
2024-03-30,Chirayu Medical College,13,5,1,0,3,6,13.4,88.92,4,18,7
2024-03-30,Chirayu Medical College,14,5,1,0,3,7,20.17,106.56,6,19,19
2024-03-30,Chirayu Medical College,15,5,1,0,3,12,16.32,199.7,3,7,17
2024-03-30,Chirayu Medical College,16,5,1,0,3,19,16.54,420.81,7,10,11
2024-03-30,Chirayu Medical College,17,5,1,0,3,6,15.11,65.73,1,11,6
2024-03-30,People's Hospital,9,5,1,0,3,5,8.0,29.36,3,8,15
2024-03-30,People's Hospital,10,5,1,0,3,13,17.83,226.77,7,30,7
2024-03-30,People's Hospital,11,5,1,0,3,13,8.18,110.95,10,16,14
2024-03-30,People's Hospital,12,5,1,0,3,6,18.01,102.85,1,9,0
2024-03-30,People's Hospital,13,5,1,0,3,3,20.14,51.12,1,28,11
2024-03-30,People's Hospital,14,5,1,0,3,8,17.84,112.26,3,15,0
2024-03-30,People's Hospital,15,5,1,0,3,14,18.57,350.03,3,24,13
2024-03-30,People's Hospital,16,5,1,0,3,11,18.6,176.74,10,11,2
2024-03-30,People's Hospital,17,5,1,0,3,7,21.04,108.74,5,15,13
2024-03-30,Bhopal Memorial Hospital,9,5,1,0,3,6,16.77,106.11,2,9,5
2024-03-30,Bhopal Memorial Hospital,10,5,1,0,3,7,14.49,131.03,3,30,5
2024-03-30,Bhopal Memorial Hospital,11,5,1,0,3,15,16.66,261.8,8,28,17
2024-03-30,Bhopal Memorial Hospital,12,5,1,0,3,7,19.02,92.63,7,12,12
2024-03-30,Bhopal Memorial Hospital,13,5,1,0,3,7,12.01,88.03,6,11,12
2024-03-30,Bhopal Memorial Hospital,14,5,1,0,3,7,14.22,87.58,6,29,10
2024-03-30,Bhopal Memorial Hospital,15,5,1,0,3,9,14.64,141.98,9,6,17
2024-03-30,Bhopal Memorial Hospital,16,5,1,0,3,13,18.37,262.81,8,9,16
2024-03-30,Bhopal Memorial Hospital,17,5,1,0,3,4,14.14,50.73,2,20,17
2024-03-31,AIIMS Bhopal,9,6,1,0,3,6,13.97,72.94,6,16,16
2024-03-31,AIIMS Bhopal,10,6,1,0,3,13,15.94,156.72,5,30,15
2024-03-31,AIIMS Bhopal,11,6,1,0,3,7,14.62,132.78,2,3,2
2024-03-31,AIIMS Bhopal,12,6,1,0,3,9,13.43,105.48,4,13,8
2024-03-31,AIIMS Bhopal,13,6,1,0,3,3,16.57,46.85,2,8,17
2024-03-31,AIIMS Bhopal,14,6,1,0,3,5,15.51,76.33,1,19,15
2024-03-31,AIIMS Bhopal,15,6,1,0,3,12,18.94,202.73,8,4,18
2024-03-31,AIIMS Bhopal,16,6,1,0,3,5,20.88,102.73,4,16,3
2024-03-31,AIIMS Bhopal,17,6,1,0,3,15,15.36,281.75,3,26,19
2024-03-31,Hamidia Hospital,9,6,1,0,3,11,19.18,211.71,8,25,2
2024-03-31,Hamidia Hospital,10,6,1,0,3,15,15.7,254.71,3,4,9
2024-03-31,Hamidia Hospital,11,6,1,0,3,19,10.23,187.52,18,4,9
2024-03-31,Hamidia Hospital,12,6,1,0,3,6,7.66,45.88,2,4,7
2024-03-31,Hamidia Hospital,13,6,1,0,3,4,12.45,55.25,3,28,12
2024-03-31,Hamidia Hospital,14,6,1,0,3,6,11.63,59.43,1,21,19
2024-03-31,Hamidia Hospital,15,6,1,0,3,6,12.13,80.22,6,27,7
2024-03-31,Hamidia Hospital,16,6,1,0,3,5,8.32,53.56,5,4,18
2024-03-31,Hamidia Hospital,17,6,1,0,3,13,13.23,152.37,3,13,3
2024-03-31,Bansal Hospital,9,6,1,0,3,13,14.16,166.82,2,26,11
2024-03-31,Bansal Hospital,10,6,1,0,3,19,12.69,227.24,18,7,18
2024-03-31,Bansal Hospital,11,6,1,0,3,15,14.43,217.79,5,8,3
2024-03-31,Bansal Hospital,12,6,1,0,3,10,16.32,157.45,4,23,12
2024-03-31,Bansal Hospital,13,6,1,0,3,4,15.71,51.57,2,15,0
2024-03-31,Bansal Hospital,14,6,1,0,3,4,16.92,80.32,1,20,16
2024-03-31,Bansal Hospital,15,6,1,0,3,13,12.84,186.92,1,7,19
2024-03-31,Bansal Hospital,16,6,1,0,3,11,19.01,335.36,9,10,16
2024-03-31,Bansal Hospital,17,6,1,0,3,10,17.72,240.53,2,3,13
2024-03-31,Chirayu Medical College,9,6,1,0,3,11,7.1,88.46,6,30,2
2024-03-31,Chirayu Medical College,10,6,1,0,3,16,11.63,263.15,13,21,6
2024-03-31,Chirayu Medical College,11,6,1,0,3,14,20.88,375.33,12,5,9
2024-03-31,Chirayu Medical College,12,6,1,0,3,5,20.69,84.07,2,20,7
2024-03-31,Chirayu Medical College,13,6,1,0,3,5,18.06,98.71,5,23,18
2024-03-31,Chirayu Medical College,14,6,1,0,3,9,14.43,128.27,4,13,19
2024-03-31,Chirayu Medical College,15,6,1,0,3,13,22.44,370.61,2,30,15
2024-03-31,Chirayu Medical College,16,6,1,0,3,5,16.31,95.57,5,17,1
2024-03-31,Chirayu Medical College,17,6,1,0,3,10,17.74,189.5,7,3,10
2024-03-31,People's Hospital,9,6,1,0,3,6,17.98,104.08,2,27,17
2024-03-31,People's Hospital,10,6,1,0,3,13,16.12,253.68,9,11,3
2024-03-31,People's Hospital,11,6,1,0,3,19,7.76,163.39,15,17,13
2024-03-31,People's Hospital,12,6,1,0,3,5,18.24,92.05,3,13,18
2024-03-31,People's Hospital,13,6,1,0,3,9,12.35,81.58,4,29,2
2024-03-31,People's Hospital,14,6,1,0,3,9,15.08,127.52,4,8,8
2024-03-31,People's Hospital,15,6,1,0,3,12,14.94,121.83,8,13,15
2024-03-31,People's Hospital,16,6,1,0,3,11,18.65,203.83,1,12,17
2024-03-31,People's Hospital,17,6,1,0,3,9,21.31,146.0,5,25,14
2024-03-31,Bhopal Memorial Hospital,9,6,1,0,3,8,17.77,112.66,6,15,0
2024-03-31,Bhopal Memorial Hospital,10,6,1,0,3,13,16.34,191.52,1,17,19
2024-03-31,Bhopal Memorial Hospital,11,6,1,0,3,14,17.62,175.19,5,28,15
2024-03-31,Bhopal Memorial Hospital,12,6,1,0,3,12,15.93,175.46,1,18,18
2024-03-31,Bhopal Memorial Hospital,13,6,1,0,3,9,8.57,97.05,6,12,11
2024-03-31,Bhopal Memorial Hospital,14,6,1,0,3,8,13.76,120.63,8,7,5
2024-03-31,Bhopal Memorial Hospital,15,6,1,0,3,12,13.88,145.67,9,13,8
2024-03-31,Bhopal Memorial Hospital,16,6,1,0,3,5,15.27,56.27,5,19,8
2024-03-31,Bhopal Memorial Hospital,17,6,1,0,3,12,11.35,131.76,7,3,13
2024-04-01,AIIMS Bhopal,9,0,0,1,4,28,13.93,265.76,6,30,13
2024-04-01,AIIMS Bhopal,10,0,0,1,4,18,15.42,306.53,14,28,17
2024-04-01,AIIMS Bhopal,11,0,0,1,4,41,21.68,952.82,29,17,14
2024-04-01,AIIMS Bhopal,12,0,0,1,4,30,11.3,295.69,25,23,6
2024-04-01,AIIMS Bhopal,13,0,0,1,4,20,16.75,372.47,15,21,5
2024-04-01,AIIMS Bhopal,14,0,0,1,4,21,21.35,515.2,2,17,7
2024-04-01,AIIMS Bhopal,15,0,0,1,4,26,18.63,570.56,14,8,5
2024-04-01,AIIMS Bhopal,16,0,0,1,4,15,6.3,121.68,11,8,9
2024-04-01,AIIMS Bhopal,17,0,0,1,4,19,16.35,345.42,8,4,4
2024-04-01,Hamidia Hospital,9,0,0,1,4,19,8.17,107.35,9,11,12
2024-04-01,Hamidia Hospital,10,0,0,1,4,14,16.71,150.48,1,29,12
2024-04-01,Hamidia Hospital,11,0,0,1,4,28,13.41,266.17,1,15,19
2024-04-01,Hamidia Hospital,12,0,0,1,4,26,13.53,314.0,15,20,12
2024-04-01,Hamidia Hospital,13,0,0,1,4,17,15.96,199.21,3,7,16
2024-04-01,Hamidia Hospital,14,0,0,1,4,17,15.3,342.5,2,4,12
2024-04-01,Hamidia Hospital,15,0,0,1,4,22,14.8,461.23,18,13,9
2024-04-01,Hamidia Hospital,16,0,0,1,4,45,5.39,257.99,16,6,3
2024-04-01,Hamidia Hospital,17,0,0,1,4,33,15.64,438.45,24,14,9
2024-04-01,Bansal Hospital,9,0,0,1,4,16,14.55,231.86,8,17,13
2024-04-01,Bansal Hospital,10,0,0,1,4,29,18.75,524.68,26,3,15
2024-04-01,Bansal Hospital,11,0,0,1,4,45,21.25,593.39,36,19,14
2024-04-01,Bansal Hospital,12,0,0,1,4,35,10.19,421.67,3,10,18
2024-04-01,Bansal Hospital,13,0,0,1,4,11,16.48,205.21,2,18,1
2024-04-01,Bansal Hospital,14,0,0,1,4,9,10.41,73.08,6,20,12
2024-04-01,Bansal Hospital,15,0,0,1,4,29,23.69,528.99,25,21,4
2024-04-01,Bansal Hospital,16,0,0,1,4,45,16.94,579.54,31,8,16
2024-04-01,Bansal Hospital,17,0,0,1,4,32,17.08,733.55,5,11,5
2024-04-01,Chirayu Medical College,9,0,0,1,4,23,8.49,166.52,6,21,3
2024-04-01,Chirayu Medical College,10,0,0,1,4,41,19.53,694.58,20,12,3
2024-04-01,Chirayu Medical College,11,0,0,1,4,37,17.63,656.76,12,20,17
2024-04-01,Chirayu Medical College,12,0,0,1,4,33,15.38,507.91,21,5,1
2024-04-01,Chirayu Medical College,13,0,0,1,4,12,11.59,135.0,11,5,4
2024-04-01,Chirayu Medical College,14,0,0,1,4,7,16.42,125.74,6,23,0
2024-04-01,Chirayu Medical College,15,0,0,1,4,14,14.22,153.61,5,14,8
2024-04-01,Chirayu Medical College,16,0,0,1,4,18,11.05,228.13,5,24,2
2024-04-01,Chirayu Medical College,17,0,0,1,4,12,17.15,181.78,7,7,14
2024-04-01,People's Hospital,9,0,0,1,4,25,14.55,352.65,4,14,5
2024-04-01,People's Hospital,10,0,0,1,4,36,12.81,352.31,17,11,5
2024-04-01,People's Hospital,11,0,0,1,4,15,15.81,312.34,1,18,17
2024-04-01,People's Hospital,12,0,0,1,4,25,13.68,424.69,7,9,0
2024-04-01,People's Hospital,13,0,0,1,4,18,10.34,184.03,8,25,17
2024-04-01,People's Hospital,14,0,0,1,4,13,9.98,154.03,1,16,1
2024-04-01,People's Hospital,15,0,0,1,4,14,17.38,210.23,10,7,7
2024-04-01,People's Hospital,16,0,0,1,4,20,13.71,286.83,18,13,16
2024-04-01,People's Hospital,17,0,0,1,4,15,11.78,149.66,2,14,1
2024-04-01,Bhopal Memorial Hospital,9,0,0,1,4,15,10.71,145.55,14,18,4
2024-04-01,Bhopal Memorial Hospital,10,0,0,1,4,14,12.25,150.08,10,7,1
2024-04-01,Bhopal Memorial Hospital,11,0,0,1,4,19,16.34,281.19,12,7,7
2024-04-01,Bhopal Memorial Hospital,12,0,0,1,4,21,12.05,124.66,15,29,0
2024-04-01,Bhopal Memorial Hospital,13,0,0,1,4,15,8.05,99.3,13,18,18
2024-04-01,Bhopal Memorial Hospital,14,0,0,1,4,17,9.64,162.3,4,13,17
2024-04-01,Bhopal Memorial Hospital,15,0,0,1,4,26,21.27,449.72,3,16,6
2024-04-01,Bhopal Memorial Hospital,16,0,0,1,4,39,19.7,872.48,2,28,14
2024-04-01,Bhopal Memorial Hospital,17,0,0,1,4,25,17.15,345.53,23,30,3
2024-04-02,AIIMS Bhopal,9,1,0,0,4,17,17.9,278.1,15,29,7
2024-04-02,AIIMS Bhopal,10,1,0,0,4,27,16.15,474.71,20,5,16
2024-04-02,AIIMS Bhopal,11,1,0,0,4,32,15.12,520.53,20,23,18
2024-04-02,AIIMS Bhopal,12,1,0,0,4,23,14.59,286.83,21,16,14
2024-04-02,AIIMS Bhopal,13,1,0,0,4,16,18.15,375.81,10,9,9
2024-04-02,AIIMS Bhopal,14,1,0,0,4,9,12.49,97.4,5,22,14
2024-04-02,AIIMS Bhopal,15,1,0,0,4,24,9.56,231.26,13,14,15
2024-04-02,AIIMS Bhopal,16,1,0,0,4,14,12.87,211.46,12,30,9
2024-04-02,AIIMS Bhopal,17,1,0,0,4,15,21.32,240.72,11,4,5
2024-04-02,Hamidia Hospital,9,1,0,0,4,9,15.23,117.51,9,23,0
2024-04-02,Hamidia Hospital,10,1,0,0,4,22,18.18,464.03,14,4,0
2024-04-02,Hamidia Hospital,11,1,0,0,4,11,14.5,157.65,2,16,11
2024-04-02,Hamidia Hospital,12,1,0,0,4,23,15.57,431.58,10,8,12
2024-04-02,Hamidia Hospital,13,1,0,0,4,14,11.4,80.51,14,7,4
2024-04-02,Hamidia Hospital,14,1,0,0,4,13,14.83,215.02,1,10,13
2024-04-02,Hamidia Hospital,15,1,0,0,4,15,21.39,356.35,12,11,1
2024-04-02,Hamidia Hospital,16,1,0,0,4,14,14.02,176.22,4,6,3
2024-04-02,Hamidia Hospital,17,1,0,0,4,22,16.02,393.34,10,5,8
2024-04-02,Bansal Hospital,9,1,0,0,4,23,18.46,405.66,19,28,0
2024-04-02,Bansal Hospital,10,1,0,0,4,10,11.77,96.34,3,22,7
2024-04-02,Bansal Hospital,11,1,0,0,4,18,20.45,354.67,9,17,9
2024-04-02,Bansal Hospital,12,1,0,0,4,13,17.72,278.36,4,29,10
2024-04-02,Bansal Hospital,13,1,0,0,4,14,11.47,95.77,8,28,15
2024-04-02,Bansal Hospital,14,1,0,0,4,7,18.01,124.03,5,3,5
2024-04-02,Bansal Hospital,15,1,0,0,4,13,6.98,107.45,12,12,14
2024-04-02,Bansal Hospital,16,1,0,0,4,19,14.52,280.54,7,7,19
2024-04-02,Bansal Hospital,17,1,0,0,4,8,9.44,64.87,1,16,9
2024-04-02,Chirayu Medical College,9,1,0,0,4,22,8.34,224.1,21,12,9
2024-04-02,Chirayu Medical College,10,1,0,0,4,15,10.58,169.68,14,26,10
2024-04-02,Chirayu Medical College,11,1,0,0,4,23,14.42,487.89,23,12,5
2024-04-02,Chirayu Medical College,12,1,0,0,4,15,18.93,339.77,10,7,1
2024-04-02,Chirayu Medical College,13,1,0,0,4,14,11.44,170.84,14,11,18
2024-04-02,Chirayu Medical College,14,1,0,0,4,10,12.54,110.52,4,24,18
2024-04-02,Chirayu Medical College,15,1,0,0,4,20,12.25,224.41,7,26,18
2024-04-02,Chirayu Medical College,16,1,0,0,4,16,16.56,186.72,6,19,15
2024-04-02,Chirayu Medical College,17,1,0,0,4,25,13.75,285.62,7,10,16
2024-04-02,People's Hospital,9,1,0,0,4,11,17.34,172.73,8,10,8
2024-04-02,People's Hospital,10,1,0,0,4,23,15.08,495.03,22,9,1
2024-04-02,People's Hospital,11,1,0,0,4,16,19.18,301.11,4,30,5
2024-04-02,People's Hospital,12,1,0,0,4,12,13.78,201.62,5,3,18
2024-04-02,People's Hospital,13,1,0,0,4,17,10.54,219.49,15,8,1
2024-04-02,People's Hospital,14,1,0,0,4,10,15.15,160.61,2,15,1
2024-04-02,People's Hospital,15,1,0,0,4,12,15.02,199.42,2,29,0
2024-04-02,People's Hospital,16,1,0,0,4,29,14.02,331.61,12,13,17
2024-04-02,People's Hospital,17,1,0,0,4,23,20.02,501.36,9,23,1
2024-04-02,Bhopal Memorial Hospital,9,1,0,0,4,16,19.91,429.09,10,13,12
2024-04-02,Bhopal Memorial Hospital,10,1,0,0,4,22,19.84,487.18,6,14,11
2024-04-02,Bhopal Memorial Hospital,11,1,0,0,4,13,16.97,244.25,13,29,1
2024-04-02,Bhopal Memorial Hospital,12,1,0,0,4,23,15.21,322.27,3,30,7
2024-04-02,Bhopal Memorial Hospital,13,1,0,0,4,13,18.05,209.79,12,10,9
2024-04-02,Bhopal Memorial Hospital,14,1,0,0,4,11,24.83,211.6,10,25,15
2024-04-02,Bhopal Memorial Hospital,15,1,0,0,4,11,12.66,167.54,6,14,15
2024-04-02,Bhopal Memorial Hospital,16,1,0,0,4,14,18.14,222.69,13,10,5
2024-04-02,Bhopal Memorial Hospital,17,1,0,0,4,24,13.56,300.07,9,16,7
2024-04-03,AIIMS Bhopal,9,2,0,0,4,8,17.27,113.4,7,7,2
2024-04-03,AIIMS Bhopal,10,2,0,0,4,32,10.35,214.68,28,10,10
2024-04-03,AIIMS Bhopal,11,2,0,0,4,15,21.94,335.74,8,16,2
2024-04-03,AIIMS Bhopal,12,2,0,0,4,18,17.23,319.46,11,22,17
2024-04-03,AIIMS Bhopal,13,2,0,0,4,14,11.23,157.05,11,16,19
2024-04-03,AIIMS Bhopal,14,2,0,0,4,15,13.44,205.63,4,24,6
2024-04-03,AIIMS Bhopal,15,2,0,0,4,21,24.2,543.74,2,26,18
2024-04-03,AIIMS Bhopal,16,2,0,0,4,11,16.25,187.95,5,27,13
2024-04-03,AIIMS Bhopal,17,2,0,0,4,11,18.81,152.38,10,7,15
2024-04-03,Hamidia Hospital,9,2,0,0,4,24,9.95,229.56,18,22,6
2024-04-03,Hamidia Hospital,10,2,0,0,4,11,12.91,217.17,7,24,3
2024-04-03,Hamidia Hospital,11,2,0,0,4,26,19.71,463.17,4,16,16
2024-04-03,Hamidia Hospital,12,2,0,0,4,23,13.29,209.71,3,19,11
2024-04-03,Hamidia Hospital,13,2,0,0,4,14,16.11,219.75,6,23,1
2024-04-03,Hamidia Hospital,14,2,0,0,4,14,12.96,213.16,9,20,5
2024-04-03,Hamidia Hospital,15,2,0,0,4,20,10.17,210.03,1,18,4
2024-04-03,Hamidia Hospital,16,2,0,0,4,29,15.13,443.19,21,20,3
2024-04-03,Hamidia Hospital,17,2,0,0,4,17,9.65,179.06,15,9,11
2024-04-03,Bansal Hospital,9,2,0,0,4,21,14.09,360.67,8,26,0
2024-04-03,Bansal Hospital,10,2,0,0,4,32,16.2,693.06,29,19,19
2024-04-03,Bansal Hospital,11,2,0,0,4,24,17.45,457.59,10,22,17
2024-04-03,Bansal Hospital,12,2,0,0,4,14,7.83,134.02,5,15,15
2024-04-03,Bansal Hospital,13,2,0,0,4,11,6.17,55.1,7,19,16
2024-04-03,Bansal Hospital,14,2,0,0,4,14,13.57,194.44,9,13,15
2024-04-03,Bansal Hospital,15,2,0,0,4,11,17.94,214.32,7,4,11
2024-04-03,Bansal Hospital,16,2,0,0,4,24,16.18,340.5,10,10,2
2024-04-03,Bansal Hospital,17,2,0,0,4,24,20.35,529.67,15,9,18
2024-04-03,Chirayu Medical College,9,2,0,0,4,12,16.02,193.26,6,19,11
2024-04-03,Chirayu Medical College,10,2,0,0,4,27,11.54,407.8,8,27,15
2024-04-03,Chirayu Medical College,11,2,0,0,4,29,12.04,355.03,22,9,3
2024-04-03,Chirayu Medical College,12,2,0,0,4,20,9.9,199.48,4,21,5
2024-04-03,Chirayu Medical College,13,2,0,0,4,14,17.54,270.73,8,24,4
2024-04-03,Chirayu Medical College,14,2,0,0,4,5,16.33,74.38,1,7,11
2024-04-03,Chirayu Medical College,15,2,0,0,4,17,14.54,256.51,2,13,9
2024-04-03,Chirayu Medical College,16,2,0,0,4,11,8.4,91.01,1,24,18
2024-04-03,Chirayu Medical College,17,2,0,0,4,25,17.86,349.91,16,15,14
2024-04-03,People's Hospital,9,2,0,0,4,15,10.47,152.53,5,15,3
2024-04-03,People's Hospital,10,2,0,0,4,26,15.59,458.6,26,27,9
2024-04-03,People's Hospital,11,2,0,0,4,19,8.21,147.21,2,3,0
2024-04-03,People's Hospital,12,2,0,0,4,10,14.12,164.81,10,12,19
2024-04-03,People's Hospital,13,2,0,0,4,10,19.64,192.32,5,6,14
2024-04-03,People's Hospital,14,2,0,0,4,14,13.75,220.73,13,15,4
2024-04-03,People's Hospital,15,2,0,0,4,24,10.5,199.18,12,6,16
2024-04-03,People's Hospital,16,2,0,0,4,26,17.0,508.89,15,27,10
2024-04-03,People's Hospital,17,2,0,0,4,20,17.26,359.53,8,4,4
2024-04-03,Bhopal Memorial Hospital,9,2,0,0,4,15,17.62,238.01,6,15,14
2024-04-03,Bhopal Memorial Hospital,10,2,0,0,4,28,21.58,341.63,4,8,11
2024-04-03,Bhopal Memorial Hospital,11,2,0,0,4,13,12.39,128.27,12,4,8
2024-04-03,Bhopal Memorial Hospital,12,2,0,0,4,11,21.91,197.27,3,27,16
2024-04-03,Bhopal Memorial Hospital,13,2,0,0,4,5,12.86,75.64,4,4,17
2024-04-03,Bhopal Memorial Hospital,14,2,0,0,4,7,16.64,103.29,2,18,16
2024-04-03,Bhopal Memorial Hospital,15,2,0,0,4,25,14.13,407.68,21,22,1
2024-04-03,Bhopal Memorial Hospital,16,2,0,0,4,32,13.07,455.35,6,13,4
2024-04-03,Bhopal Memorial Hospital,17,2,0,0,4,23,12.27,313.64,18,28,9
2024-04-04,AIIMS Bhopal,9,3,0,0,4,17,14.77,259.37,6,28,8
2024-04-04,AIIMS Bhopal,10,3,0,0,4,32,17.94,688.76,26,9,2
2024-04-04,AIIMS Bhopal,11,3,0,0,4,19,16.98,287.87,3,12,11
2024-04-04,AIIMS Bhopal,12,3,0,0,4,9,15.23,147.69,2,20,1
2024-04-04,AIIMS Bhopal,13,3,0,0,4,8,12.14,110.13,2,11,3
2024-04-04,AIIMS Bhopal,14,3,0,0,4,10,13.01,106.79,7,5,0
2024-04-04,AIIMS Bhopal,15,3,0,0,4,16,8.3,145.97,3,30,16
2024-04-04,AIIMS Bhopal,16,3,0,0,4,14,18.57,176.58,13,28,19
2024-04-04,AIIMS Bhopal,17,3,0,0,4,12,14.2,104.75,7,24,19
2024-04-04,Hamidia Hospital,9,3,0,0,4,12,19.92,189.38,7,20,17
2024-04-04,Hamidia Hospital,10,3,0,0,4,18,12.41,337.56,8,11,2
2024-04-04,Hamidia Hospital,11,3,0,0,4,20,20.6,488.36,17,6,3
2024-04-04,Hamidia Hospital,12,3,0,0,4,25,12.69,276.38,11,5,7
2024-04-04,Hamidia Hospital,13,3,0,0,4,9,14.21,139.58,1,12,9
2024-04-04,Hamidia Hospital,14,3,0,0,4,15,18.68,292.87,1,21,8
2024-04-04,Hamidia Hospital,15,3,0,0,4,9,18.01,96.5,8,6,9
2024-04-04,Hamidia Hospital,16,3,0,0,4,31,12.33,395.65,1,9,3
2024-04-04,Hamidia Hospital,17,3,0,0,4,16,16.36,216.22,13,11,10
2024-04-04,Bansal Hospital,9,3,0,0,4,23,19.81,565.21,15,13,15
2024-04-04,Bansal Hospital,10,3,0,0,4,20,16.11,253.51,9,3,7
2024-04-04,Bansal Hospital,11,3,0,0,4,18,20.9,238.26,9,11,19
2024-04-04,Bansal Hospital,12,3,0,0,4,24,9.82,255.66,8,10,19
2024-04-04,Bansal Hospital,13,3,0,0,4,7,13.96,78.85,5,12,2
2024-04-04,Bansal Hospital,14,3,0,0,4,9,16.64,121.81,5,5,0
2024-04-04,Bansal Hospital,15,3,0,0,4,20,17.41,352.7,15,14,7
2024-04-04,Bansal Hospital,16,3,0,0,4,13,13.51,132.79,6,18,12
2024-04-04,Bansal Hospital,17,3,0,0,4,15,21.49,386.49,2,3,17
2024-04-04,Chirayu Medical College,9,3,0,0,4,20,12.93,224.61,4,8,10
2024-04-04,Chirayu Medical College,10,3,0,0,4,19,11.85,252.21,10,3,1
2024-04-04,Chirayu Medical College,11,3,0,0,4,20,5.86,138.1,13,17,19
2024-04-04,Chirayu Medical College,12,3,0,0,4,17,17.79,261.19,17,21,8
2024-04-04,Chirayu Medical College,13,3,0,0,4,16,14.98,257.81,1,23,7
2024-04-04,Chirayu Medical College,14,3,0,0,4,14,15.32,205.45,1,17,14
2024-04-04,Chirayu Medical College,15,3,0,0,4,8,15.1,94.58,4,23,15
2024-04-04,Chirayu Medical College,16,3,0,0,4,23,11.92,252.98,7,28,6
2024-04-04,Chirayu Medical College,17,3,0,0,4,9,13.25,123.04,2,17,3
2024-04-04,People's Hospital,9,3,0,0,4,21,21.19,202.21,9,22,0
2024-04-04,People's Hospital,10,3,0,0,4,16,17.79,263.41,10,5,11
2024-04-04,People's Hospital,11,3,0,0,4,23,17.45,332.98,9,10,7
2024-04-04,People's Hospital,12,3,0,0,4,15,12.55,148.98,11,21,13
2024-04-04,People's Hospital,13,3,0,0,4,12,13.33,173.48,10,6,15
2024-04-04,People's Hospital,14,3,0,0,4,5,17.69,62.55,3,10,0
2024-04-04,People's Hospital,15,3,0,0,4,9,12.69,146.85,3,15,12
2024-04-04,People's Hospital,16,3,0,0,4,24,15.88,454.39,4,26,19
2024-04-04,People's Hospital,17,3,0,0,4,23,12.35,233.88,4,17,6
2024-04-04,Bhopal Memorial Hospital,9,3,0,0,4,17,15.52,182.82,5,11,16
2024-04-04,Bhopal Memorial Hospital,10,3,0,0,4,29,14.54,374.09,7,28,17
2024-04-04,Bhopal Memorial Hospital,11,3,0,0,4,24,17.2,346.7,11,24,7
2024-04-04,Bhopal Memorial Hospital,12,3,0,0,4,12,18.9,177.11,7,20,14
2024-04-04,Bhopal Memorial Hospital,13,3,0,0,4,7,14.89,112.63,2,11,18
2024-04-04,Bhopal Memorial Hospital,14,3,0,0,4,9,17.16,91.11,8,22,12
2024-04-04,Bhopal Memorial Hospital,15,3,0,0,4,22,18.92,382.26,12,14,17
2024-04-04,Bhopal Memorial Hospital,16,3,0,0,4,14,12.14,173.44,6,17,19
2024-04-04,Bhopal Memorial Hospital,17,3,0,0,4,12,19.68,286.94,7,7,10
2024-04-05,AIIMS Bhopal,9,4,0,0,4,8,9.28,91.08,4,14,8
2024-04-05,AIIMS Bhopal,10,4,0,0,4,26,14.12,414.59,19,20,19
2024-04-05,AIIMS Bhopal,11,4,0,0,4,28,24.41,714.93,22,23,10
2024-04-05,AIIMS Bhopal,12,4,0,0,4,19,7.28,143.03,8,22,7
2024-04-05,AIIMS Bhopal,13,4,0,0,4,11,12.6,111.86,2,26,17
2024-04-05,AIIMS Bhopal,14,4,0,0,4,14,9.69,162.73,3,14,10
2024-04-05,AIIMS Bhopal,15,4,0,0,4,12,8.8,80.41,1,13,0
2024-04-05,AIIMS Bhopal,16,4,0,0,4,16,13.98,233.19,2,24,2
2024-04-05,AIIMS Bhopal,17,4,0,0,4,11,11.69,91.44,2,29,10
2024-04-05,Hamidia Hospital,9,4,0,0,4,21,16.37,355.46,19,17,6
2024-04-05,Hamidia Hospital,10,4,0,0,4,32,14.85,547.53,6,7,2
2024-04-05,Hamidia Hospital,11,4,0,0,4,19,20.98,399.47,18,19,4
2024-04-05,Hamidia Hospital,12,4,0,0,4,14,11.67,157.97,7,29,18
2024-04-05,Hamidia Hospital,13,4,0,0,4,6,15.54,64.95,6,29,17
2024-04-05,Hamidia Hospital,14,4,0,0,4,14,12.38,176.44,4,5,1
2024-04-05,Hamidia Hospital,15,4,0,0,4,16,12.51,157.8,16,24,14
2024-04-05,Hamidia Hospital,16,4,0,0,4,19,12.14,196.35,12,13,13
2024-04-05,Hamidia Hospital,17,4,0,0,4,10,13.36,125.06,2,27,16
2024-04-05,Bansal Hospital,9,4,0,0,4,25,16.44,445.02,14,9,2
2024-04-05,Bansal Hospital,10,4,0,0,4,31,14.43,358.07,10,6,15
2024-04-05,Bansal Hospital,11,4,0,0,4,26,20.2,582.41,23,10,0
2024-04-05,Bansal Hospital,12,4,0,0,4,12,16.15,221.92,2,25,13
2024-04-05,Bansal Hospital,13,4,0,0,4,10,12.7,134.62,10,21,2
2024-04-05,Bansal Hospital,14,4,0,0,4,14,17.46,201.74,1,29,7
2024-04-05,Bansal Hospital,15,4,0,0,4,12,15.81,238.93,2,25,18
2024-04-05,Bansal Hospital,16,4,0,0,4,19,9.01,92.03,5,28,17
2024-04-05,Bansal Hospital,17,4,0,0,4,12,19.27,187.99,7,28,14
2024-04-05,Chirayu Medical College,9,4,0,0,4,11,18.81,284.02,4,17,18
2024-04-05,Chirayu Medical College,10,4,0,0,4,20,10.58,175.22,11,30,5
2024-04-05,Chirayu Medical College,11,4,0,0,4,16,11.64,261.08,14,27,8
2024-04-05,Chirayu Medical College,12,4,0,0,4,16,13.46,264.97,8,28,13
2024-04-05,Chirayu Medical College,13,4,0,0,4,17,13.2,233.17,4,5,9
2024-04-05,Chirayu Medical College,14,4,0,0,4,10,15.77,190.37,1,22,16
2024-04-05,Chirayu Medical College,15,4,0,0,4,8,12.98,125.95,2,29,10
2024-04-05,Chirayu Medical College,16,4,0,0,4,23,13.42,229.47,22,28,1
2024-04-05,Chirayu Medical College,17,4,0,0,4,20,14.23,252.03,16,19,15
2024-04-05,People's Hospital,9,4,0,0,4,9,16.77,175.94,2,25,4
2024-04-05,People's Hospital,10,4,0,0,4,10,14.28,120.91,7,10,14
2024-04-05,People's Hospital,11,4,0,0,4,16,16.87,292.49,13,15,0
2024-04-05,People's Hospital,12,4,0,0,4,14,17.16,273.9,5,5,17
2024-04-05,People's Hospital,13,4,0,0,4,5,16.59,95.92,5,21,18
2024-04-05,People's Hospital,14,4,0,0,4,16,12.18,200.45,15,28,18
2024-04-05,People's Hospital,15,4,0,0,4,14,11.97,148.75,8,30,18
2024-04-05,People's Hospital,16,4,0,0,4,23,15.13,322.03,21,29,4
2024-04-05,People's Hospital,17,4,0,0,4,16,14.4,194.57,3,5,2
2024-04-05,Bhopal Memorial Hospital,9,4,0,0,4,23,9.64,104.5,15,3,6
2024-04-05,Bhopal Memorial Hospital,10,4,0,0,4,31,5.89,224.53,13,23,14
2024-04-05,Bhopal Memorial Hospital,11,4,0,0,4,27,16.88,488.44,18,12,5
2024-04-05,Bhopal Memorial Hospital,12,4,0,0,4,14,16.86,317.4,9,4,11
2024-04-05,Bhopal Memorial Hospital,13,4,0,0,4,14,15.98,220.66,9,25,4
2024-04-05,Bhopal Memorial Hospital,14,4,0,0,4,9,6.11,29.5,9,7,16
2024-04-05,Bhopal Memorial Hospital,15,4,0,0,4,22,16.47,518.79,6,28,3
2024-04-05,Bhopal Memorial Hospital,16,4,0,0,4,11,19.62,173.5,9,19,6
2024-04-05,Bhopal Memorial Hospital,17,4,0,0,4,10,17.04,202.79,7,14,9
2024-04-06,AIIMS Bhopal,9,5,1,0,4,15,13.51,223.74,8,7,0
2024-04-06,AIIMS Bhopal,10,5,1,0,4,7,9.28,48.1,5,12,4
2024-04-06,AIIMS Bhopal,11,5,1,0,4,19,7.61,154.77,3,16,5
2024-04-06,AIIMS Bhopal,12,5,1,0,4,13,11.79,132.03,4,23,12
2024-04-06,AIIMS Bhopal,13,5,1,0,4,7,20.12,156.8,6,13,11
2024-04-06,AIIMS Bhopal,14,5,1,0,4,7,20.28,166.2,1,14,2
2024-04-06,AIIMS Bhopal,15,5,1,0,4,5,9.47,46.24,5,27,8
2024-04-06,AIIMS Bhopal,16,5,1,0,4,9,20.65,240.96,4,25,1
2024-04-06,AIIMS Bhopal,17,5,1,0,4,4,15.15,62.31,4,7,4
2024-04-06,Hamidia Hospital,9,5,1,0,4,9,13.99,138.95,9,10,0
2024-04-06,Hamidia Hospital,10,5,1,0,4,10,12.07,88.67,5,9,14
2024-04-06,Hamidia Hospital,11,5,1,0,4,13,16.83,165.2,7,27,18
2024-04-06,Hamidia Hospital,12,5,1,0,4,7,18.0,99.79,7,22,3
2024-04-06,Hamidia Hospital,13,5,1,0,4,8,14.29,98.66,7,29,13
2024-04-06,Hamidia Hospital,14,5,1,0,4,8,17.33,111.79,5,3,7
2024-04-06,Hamidia Hospital,15,5,1,0,4,8,16.93,119.26,5,11,2
2024-04-06,Hamidia Hospital,16,5,1,0,4,5,11.71,66.57,3,21,14
2024-04-06,Hamidia Hospital,17,5,1,0,4,4,19.94,83.59,3,28,10
2024-04-06,Bansal Hospital,9,5,1,0,4,15,18.52,286.35,11,6,15
2024-04-06,Bansal Hospital,10,5,1,0,4,15,13.39,251.3,7,29,5
2024-04-06,Bansal Hospital,11,5,1,0,4,18,17.11,308.66,4,6,11
2024-04-06,Bansal Hospital,12,5,1,0,4,4,14.68,60.78,4,22,18
2024-04-06,Bansal Hospital,13,5,1,0,4,8,20.19,191.38,4,6,10
2024-04-06,Bansal Hospital,14,5,1,0,4,4,14.0,45.56,2,25,5
2024-04-06,Bansal Hospital,15,5,1,0,4,7,9.06,33.45,1,13,16
2024-04-06,Bansal Hospital,16,5,1,0,4,19,16.54,379.34,15,23,9
2024-04-06,Bansal Hospital,17,5,1,0,4,9,13.13,133.42,1,25,9
2024-04-06,Chirayu Medical College,9,5,1,0,4,13,17.47,226.3,6,26,6
2024-04-06,Chirayu Medical College,10,5,1,0,4,14,16.82,241.91,2,13,5
2024-04-06,Chirayu Medical College,11,5,1,0,4,13,12.43,206.19,3,17,14
2024-04-06,Chirayu Medical College,12,5,1,0,4,15,12.63,181.9,1,10,2
2024-04-06,Chirayu Medical College,13,5,1,0,4,9,14.12,160.47,4,3,8
2024-04-06,Chirayu Medical College,14,5,1,0,4,7,16.6,89.01,7,19,0
2024-04-06,Chirayu Medical College,15,5,1,0,4,13,18.7,284.16,2,28,9
2024-04-06,Chirayu Medical College,16,5,1,0,4,9,20.4,285.85,4,14,10
2024-04-06,Chirayu Medical College,17,5,1,0,4,10,12.97,108.82,3,4,10
2024-04-06,People's Hospital,9,5,1,0,4,11,11.01,110.96,8,18,19
2024-04-06,People's Hospital,10,5,1,0,4,7,17.02,128.74,4,21,17
2024-04-06,People's Hospital,11,5,1,0,4,11,18.39,206.29,6,17,13
2024-04-06,People's Hospital,12,5,1,0,4,7,12.16,89.74,7,30,3
2024-04-06,People's Hospital,13,5,1,0,4,4,15.13,60.53,3,19,18
2024-04-06,People's Hospital,14,5,1,0,4,9,15.96,139.35,2,14,5
2024-04-06,People's Hospital,15,5,1,0,4,7,17.02,129.9,4,25,16
2024-04-06,People's Hospital,16,5,1,0,4,15,23.25,406.53,4,11,14
2024-04-06,People's Hospital,17,5,1,0,4,12,14.36,160.34,11,19,18
2024-04-06,Bhopal Memorial Hospital,9,5,1,0,4,14,9.53,111.31,1,24,15
2024-04-06,Bhopal Memorial Hospital,10,5,1,0,4,11,13.54,157.88,2,26,7
2024-04-06,Bhopal Memorial Hospital,11,5,1,0,4,16,7.98,104.05,5,17,3
2024-04-06,Bhopal Memorial Hospital,12,5,1,0,4,10,11.88,66.43,4,9,16
2024-04-06,Bhopal Memorial Hospital,13,5,1,0,4,9,14.9,78.69,6,29,4
2024-04-06,Bhopal Memorial Hospital,14,5,1,0,4,9,11.19,122.34,9,30,19
2024-04-06,Bhopal Memorial Hospital,15,5,1,0,4,14,10.37,170.76,9,27,8
2024-04-06,Bhopal Memorial Hospital,16,5,1,0,4,11,19.41,204.24,4,4,18
2024-04-06,Bhopal Memorial Hospital,17,5,1,0,4,4,12.24,40.23,4,21,9
2024-04-07,AIIMS Bhopal,9,6,1,0,4,10,15.69,130.25,5,30,9
2024-04-07,AIIMS Bhopal,10,6,1,0,4,11,22.9,334.58,8,15,18
2024-04-07,AIIMS Bhopal,11,6,1,0,4,9,14.92,119.77,6,12,7
2024-04-07,AIIMS Bhopal,12,6,1,0,4,10,15.88,99.37,10,6,12
2024-04-07,AIIMS Bhopal,13,6,1,0,4,2,21.0,36.7,1,13,18
2024-04-07,AIIMS Bhopal,14,6,1,0,4,9,16.39,186.75,6,23,18
2024-04-07,AIIMS Bhopal,15,6,1,0,4,5,9.7,51.6,5,16,11
2024-04-07,AIIMS Bhopal,16,6,1,0,4,18,17.68,263.29,8,24,15
2024-04-07,AIIMS Bhopal,17,6,1,0,4,10,5.0,64.64,9,5,12
2024-04-07,Hamidia Hospital,9,6,1,0,4,13,5.0,57.91,4,12,1
2024-04-07,Hamidia Hospital,10,6,1,0,4,16,18.33,217.42,2,17,3
2024-04-07,Hamidia Hospital,11,6,1,0,4,16,11.13,185.6,7,13,0
2024-04-07,Hamidia Hospital,12,6,1,0,4,4,10.06,40.74,4,21,5
2024-04-07,Hamidia Hospital,13,6,1,0,4,4,17.31,89.68,3,12,0
2024-04-07,Hamidia Hospital,14,6,1,0,4,6,18.38,97.48,5,22,10
2024-04-07,Hamidia Hospital,15,6,1,0,4,7,18.45,122.52,7,4,5
2024-04-07,Hamidia Hospital,16,6,1,0,4,11,28.7,447.38,3,29,12
2024-04-07,Hamidia Hospital,17,6,1,0,4,10,16.49,199.27,6,25,10
2024-04-07,Bansal Hospital,9,6,1,0,4,6,14.05,102.33,3,22,1
2024-04-07,Bansal Hospital,10,6,1,0,4,10,16.34,176.53,5,18,15
2024-04-07,Bansal Hospital,11,6,1,0,4,7,13.15,123.55,3,4,18
2024-04-07,Bansal Hospital,12,6,1,0,4,9,14.14,105.88,6,25,14
2024-04-07,Bansal Hospital,13,6,1,0,4,3,16.94,47.83,1,16,3
2024-04-07,Bansal Hospital,14,6,1,0,4,9,14.98,152.51,5,11,11
2024-04-07,Bansal Hospital,15,6,1,0,4,9,17.19,101.88,2,27,5
2024-04-07,Bansal Hospital,16,6,1,0,4,7,12.13,80.83,6,22,2
2024-04-07,Bansal Hospital,17,6,1,0,4,7,8.57,62.71,7,3,13
2024-04-07,Chirayu Medical College,9,6,1,0,4,10,21.41,226.98,2,7,5
2024-04-07,Chirayu Medical College,10,6,1,0,4,9,19.15,148.49,4,23,0
2024-04-07,Chirayu Medical College,11,6,1,0,4,14,12.53,194.27,9,25,11
2024-04-07,Chirayu Medical College,12,6,1,0,4,9,10.53,55.59,6,14,10
2024-04-07,Chirayu Medical College,13,6,1,0,4,7,13.87,94.02,4,9,10
2024-04-07,Chirayu Medical College,14,6,1,0,4,8,19.69,159.1,5,28,6
2024-04-07,Chirayu Medical College,15,6,1,0,4,9,12.19,89.53,4,21,19
2024-04-07,Chirayu Medical College,16,6,1,0,4,6,14.4,118.47,1,3,16
2024-04-07,Chirayu Medical College,17,6,1,0,4,7,12.44,56.54,4,21,12
2024-04-07,People's Hospital,9,6,1,0,4,7,18.98,123.91,5,3,5
2024-04-07,People's Hospital,10,6,1,0,4,9,18.04,196.16,6,13,0
2024-04-07,People's Hospital,11,6,1,0,4,15,20.47,371.4,1,16,14
2024-04-07,People's Hospital,12,6,1,0,4,4,16.3,62.78,3,24,3
2024-04-07,People's Hospital,13,6,1,0,4,4,17.65,72.9,2,11,9
2024-04-07,People's Hospital,14,6,1,0,4,3,9.79,31.48,1,6,12
2024-04-07,People's Hospital,15,6,1,0,4,7,14.31,75.03,2,24,7
2024-04-07,People's Hospital,16,6,1,0,4,11,10.17,95.15,2,26,19
2024-04-07,People's Hospital,17,6,1,0,4,7,11.56,73.51,6,22,4
2024-04-07,Bhopal Memorial Hospital,9,6,1,0,4,6,18.63,112.07,1,18,2
2024-04-07,Bhopal Memorial Hospital,10,6,1,0,4,9,16.93,180.44,1,20,4
2024-04-07,Bhopal Memorial Hospital,11,6,1,0,4,9,9.2,81.14,8,26,8
2024-04-07,Bhopal Memorial Hospital,12,6,1,0,4,7,13.72,97.87,3,22,17
2024-04-07,Bhopal Memorial Hospital,13,6,1,0,4,7,10.01,71.08,4,28,5
2024-04-07,Bhopal Memorial Hospital,14,6,1,0,4,10,16.31,158.36,4,7,5
2024-04-07,Bhopal Memorial Hospital,15,6,1,0,4,14,18.22,181.06,1,5,5
2024-04-07,Bhopal Memorial Hospital,16,6,1,0,4,15,20.02,288.88,15,12,8
2024-04-07,Bhopal Memorial Hospital,17,6,1,0,4,12,13.91,136.36,10,13,4
2024-04-08,AIIMS Bhopal,9,0,0,1,4,22,14.35,316.29,19,16,0
2024-04-08,AIIMS Bhopal,10,0,0,1,4,37,22.41,562.14,29,7,8
2024-04-08,AIIMS Bhopal,11,0,0,1,4,32,16.97,651.35,29,20,14
2024-04-08,AIIMS Bhopal,12,0,0,1,4,22,10.06,231.93,18,11,0
2024-04-08,AIIMS Bhopal,13,0,0,1,4,21,21.18,447.86,20,11,13
2024-04-08,AIIMS Bhopal,14,0,0,1,4,17,10.61,185.77,2,16,2
2024-04-08,AIIMS Bhopal,15,0,0,1,4,16,18.97,262.52,15,7,17
2024-04-08,AIIMS Bhopal,16,0,0,1,4,29,17.73,617.67,26,22,4
2024-04-08,AIIMS Bhopal,17,0,0,1,4,33,15.65,460.79,26,24,2
2024-04-08,Hamidia Hospital,9,0,0,1,4,28,14.81,503.46,1,13,6
2024-04-08,Hamidia Hospital,10,0,0,1,4,41,19.3,877.34,28,4,10
2024-04-08,Hamidia Hospital,11,0,0,1,4,36,14.46,416.67,33,3,6
2024-04-08,Hamidia Hospital,12,0,0,1,4,14,11.21,81.77,7,15,9
2024-04-08,Hamidia Hospital,13,0,0,1,4,22,20.15,421.12,12,23,2
2024-04-08,Hamidia Hospital,14,0,0,1,4,11,10.24,118.39,2,8,8
2024-04-08,Hamidia Hospital,15,0,0,1,4,16,11.45,171.15,12,24,8
2024-04-08,Hamidia Hospital,16,0,0,1,4,18,18.74,235.77,3,21,19
2024-04-08,Hamidia Hospital,17,0,0,1,4,14,20.05,270.4,5,20,0
2024-04-08,Bansal Hospital,9,0,0,1,4,33,6.4,247.19,8,18,0
2024-04-08,Bansal Hospital,10,0,0,1,4,42,16.12,474.65,32,30,3
2024-04-08,Bansal Hospital,11,0,0,1,4,33,17.19,681.04,7,26,1
2024-04-08,Bansal Hospital,12,0,0,1,4,32,15.64,469.93,15,10,13
2024-04-08,Bansal Hospital,13,0,0,1,4,24,9.29,188.54,20,15,14
2024-04-08,Bansal Hospital,14,0,0,1,4,11,13.01,123.95,2,24,1
2024-04-08,Bansal Hospital,15,0,0,1,4,25,16.73,412.41,19,3,1
2024-04-08,Bansal Hospital,16,0,0,1,4,41,16.8,709.29,36,26,11
2024-04-08,Bansal Hospital,17,0,0,1,4,11,14.91,159.0,1,7,11
2024-04-08,Chirayu Medical College,9,0,0,1,4,23,12.81,280.55,21,10,19
2024-04-08,Chirayu Medical College,10,0,0,1,4,23,15.61,361.24,22,8,19
2024-04-08,Chirayu Medical College,11,0,0,1,4,41,11.31,561.45,39,18,8
2024-04-08,Chirayu Medical College,12,0,0,1,4,30,12.34,274.18,28,13,7
2024-04-08,Chirayu Medical College,13,0,0,1,4,20,11.52,313.83,15,26,9
2024-04-08,Chirayu Medical College,14,0,0,1,4,15,16.18,217.16,3,15,19
2024-04-08,Chirayu Medical College,15,0,0,1,4,22,13.83,272.19,10,5,12
2024-04-08,Chirayu Medical College,16,0,0,1,4,29,20.27,720.81,7,17,9
2024-04-08,Chirayu Medical College,17,0,0,1,4,12,21.56,225.82,6,5,6
2024-04-08,People's Hospital,9,0,0,1,4,21,8.26,189.1,20,27,7
2024-04-08,People's Hospital,10,0,0,1,4,39,16.75,427.3,26,26,18
2024-04-08,People's Hospital,11,0,0,1,4,39,13.56,564.95,25,27,0
2024-04-08,People's Hospital,12,0,0,1,4,33,13.0,519.83,6,28,14
2024-04-08,People's Hospital,13,0,0,1,4,16,14.0,215.91,12,19,9
2024-04-08,People's Hospital,14,0,0,1,4,19,13.39,252.26,9,21,19
2024-04-08,People's Hospital,15,0,0,1,4,12,12.26,145.1,6,19,12
2024-04-08,People's Hospital,16,0,0,1,4,23,14.75,359.37,12,17,8
2024-04-08,People's Hospital,17,0,0,1,4,22,12.49,336.87,19,20,13
2024-04-08,Bhopal Memorial Hospital,9,0,0,1,4,19,16.59,370.82,8,13,4
2024-04-08,Bhopal Memorial Hospital,10,0,0,1,4,39,14.84,523.22,8,5,1
2024-04-08,Bhopal Memorial Hospital,11,0,0,1,4,42,10.74,550.85,5,20,8
2024-04-08,Bhopal Memorial Hospital,12,0,0,1,4,29,11.24,201.22,20,20,10
2024-04-08,Bhopal Memorial Hospital,13,0,0,1,4,14,15.67,203.42,6,29,18
2024-04-08,Bhopal Memorial Hospital,14,0,0,1,4,20,19.37,464.88,2,29,14
2024-04-08,Bhopal Memorial Hospital,15,0,0,1,4,19,11.41,162.69,18,3,1
2024-04-08,Bhopal Memorial Hospital,16,0,0,1,4,20,19.74,519.75,9,7,11
2024-04-08,Bhopal Memorial Hospital,17,0,0,1,4,32,13.88,403.46,22,30,10
2024-04-09,AIIMS Bhopal,9,1,0,0,4,17,12.71,208.57,17,30,15
2024-04-09,AIIMS Bhopal,10,1,0,0,4,32,19.19,467.11,10,5,9
2024-04-09,AIIMS Bhopal,11,1,0,0,4,29,18.02,508.51,24,20,8
2024-04-09,AIIMS Bhopal,12,1,0,0,4,22,14.87,333.15,6,21,7
2024-04-09,AIIMS Bhopal,13,1,0,0,4,15,19.43,274.19,9,11,15
2024-04-09,AIIMS Bhopal,14,1,0,0,4,9,18.71,185.68,8,8,15
2024-04-09,AIIMS Bhopal,15,1,0,0,4,18,7.9,130.88,12,28,4
2024-04-09,AIIMS Bhopal,16,1,0,0,4,16,7.9,149.75,14,22,16
2024-04-09,AIIMS Bhopal,17,1,0,0,4,24,12.39,244.55,18,19,14
2024-04-09,Hamidia Hospital,9,1,0,0,4,23,13.43,352.58,17,11,14
2024-04-09,Hamidia Hospital,10,1,0,0,4,22,17.87,381.03,1,6,19
2024-04-09,Hamidia Hospital,11,1,0,0,4,15,14.08,156.3,12,9,13
2024-04-09,Hamidia Hospital,12,1,0,0,4,8,11.3,47.18,7,8,14
2024-04-09,Hamidia Hospital,13,1,0,0,4,12,14.25,160.33,12,21,6
2024-04-09,Hamidia Hospital,14,1,0,0,4,11,12.83,156.1,10,3,3
2024-04-09,Hamidia Hospital,15,1,0,0,4,12,19.13,155.21,9,12,9
2024-04-09,Hamidia Hospital,16,1,0,0,4,29,11.68,295.48,26,24,11
2024-04-09,Hamidia Hospital,17,1,0,0,4,21,21.13,569.67,12,16,17
2024-04-09,Bansal Hospital,9,1,0,0,4,20,16.4,354.34,8,30,1
2024-04-09,Bansal Hospital,10,1,0,0,4,28,19.1,554.53,20,11,16
2024-04-09,Bansal Hospital,11,1,0,0,4,10,22.0,134.17,2,15,1
2024-04-09,Bansal Hospital,12,1,0,0,4,12,13.82,130.96,5,10,7
2024-04-09,Bansal Hospital,13,1,0,0,4,6,15.99,116.04,6,8,15
2024-04-09,Bansal Hospital,14,1,0,0,4,7,9.47,61.94,2,12,9
2024-04-09,Bansal Hospital,15,1,0,0,4,22,17.59,335.08,7,30,2
2024-04-09,Bansal Hospital,16,1,0,0,4,14,16.09,238.4,9,25,0
2024-04-09,Bansal Hospital,17,1,0,0,4,23,12.53,278.06,16,20,1
2024-04-09,Chirayu Medical College,9,1,0,0,4,20,11.97,260.47,10,14,19
2024-04-09,Chirayu Medical College,10,1,0,0,4,31,13.02,474.89,8,14,13
2024-04-09,Chirayu Medical College,11,1,0,0,4,23,14.14,272.47,17,3,5
2024-04-09,Chirayu Medical College,12,1,0,0,4,25,13.95,309.39,5,5,5
2024-04-09,Chirayu Medical College,13,1,0,0,4,16,13.9,180.61,2,13,19
2024-04-09,Chirayu Medical College,14,1,0,0,4,11,8.03,113.74,10,19,9
2024-04-09,Chirayu Medical College,15,1,0,0,4,13,6.81,79.99,12,29,17
2024-04-09,Chirayu Medical College,16,1,0,0,4,22,13.97,312.63,5,4,7
2024-04-09,Chirayu Medical College,17,1,0,0,4,10,11.31,75.16,3,29,19
2024-04-09,People's Hospital,9,1,0,0,4,25,6.85,145.88,3,28,5
2024-04-09,People's Hospital,10,1,0,0,4,18,14.76,146.93,7,30,13
2024-04-09,People's Hospital,11,1,0,0,4,26,5.0,119.54,5,28,14
2024-04-09,People's Hospital,12,1,0,0,4,23,12.92,288.21,18,25,10
2024-04-09,People's Hospital,13,1,0,0,4,9,10.17,95.58,7,3,7
2024-04-09,People's Hospital,14,1,0,0,4,8,27.77,227.8,8,17,17
2024-04-09,People's Hospital,15,1,0,0,4,15,17.09,208.4,2,26,0
2024-04-09,People's Hospital,16,1,0,0,4,27,17.06,564.56,27,10,8
2024-04-09,People's Hospital,17,1,0,0,4,19,17.59,231.0,12,18,7
2024-04-09,Bhopal Memorial Hospital,9,1,0,0,4,18,16.91,280.55,5,30,14
2024-04-09,Bhopal Memorial Hospital,10,1,0,0,4,29,10.79,228.81,2,11,10
2024-04-09,Bhopal Memorial Hospital,11,1,0,0,4,18,12.99,271.04,16,9,1
2024-04-09,Bhopal Memorial Hospital,12,1,0,0,4,12,15.46,159.65,11,24,4
2024-04-09,Bhopal Memorial Hospital,13,1,0,0,4,9,8.01,63.8,8,3,9
2024-04-09,Bhopal Memorial Hospital,14,1,0,0,4,9,15.28,129.73,3,13,10
2024-04-09,Bhopal Memorial Hospital,15,1,0,0,4,18,13.97,301.48,8,21,14
2024-04-09,Bhopal Memorial Hospital,16,1,0,0,4,28,13.03,315.8,4,16,15
2024-04-09,Bhopal Memorial Hospital,17,1,0,0,4,25,5.34,117.94,12,28,18
2024-04-10,AIIMS Bhopal,9,2,0,0,4,21,9.81,143.41,13,30,14
2024-04-10,AIIMS Bhopal,10,2,0,0,4,19,7.44,131.97,11,15,19
2024-04-10,AIIMS Bhopal,11,2,0,0,4,10,11.98,179.24,9,24,8
2024-04-10,AIIMS Bhopal,12,2,0,0,4,21,12.12,254.65,6,25,5
2024-04-10,AIIMS Bhopal,13,2,0,0,4,7,17.33,118.13,5,22,10
2024-04-10,AIIMS Bhopal,14,2,0,0,4,13,6.26,73.57,8,3,0
2024-04-10,AIIMS Bhopal,15,2,0,0,4,21,17.29,329.22,20,11,10
2024-04-10,AIIMS Bhopal,16,2,0,0,4,20,19.05,360.58,2,18,13
2024-04-10,AIIMS Bhopal,17,2,0,0,4,8,11.48,73.17,4,4,2
2024-04-10,Hamidia Hospital,9,2,0,0,4,12,16.17,189.86,4,21,16
2024-04-10,Hamidia Hospital,10,2,0,0,4,10,13.97,120.23,9,18,2
2024-04-10,Hamidia Hospital,11,2,0,0,4,26,16.76,484.56,12,16,17
2024-04-10,Hamidia Hospital,12,2,0,0,4,9,11.42,141.58,2,4,17
2024-04-10,Hamidia Hospital,13,2,0,0,4,5,18.61,87.19,2,9,14
2024-04-10,Hamidia Hospital,14,2,0,0,4,11,16.39,159.9,7,17,0
2024-04-10,Hamidia Hospital,15,2,0,0,4,12,12.13,121.53,3,19,14
2024-04-10,Hamidia Hospital,16,2,0,0,4,13,24.13,311.84,6,22,13
2024-04-10,Hamidia Hospital,17,2,0,0,4,19,6.33,132.72,10,14,15
2024-04-10,Bansal Hospital,9,2,0,0,4,18,10.0,159.36,12,14,0
2024-04-10,Bansal Hospital,10,2,0,0,4,23,12.4,358.87,23,23,12
2024-04-10,Bansal Hospital,11,2,0,0,4,15,9.79,130.77,8,6,9
2024-04-10,Bansal Hospital,12,2,0,0,4,24,9.46,298.76,10,5,17
2024-04-10,Bansal Hospital,13,2,0,0,4,10,8.22,54.57,6,7,11
2024-04-10,Bansal Hospital,14,2,0,0,4,8,15.52,115.88,8,24,16
2024-04-10,Bansal Hospital,15,2,0,0,4,24,18.47,571.67,13,23,10
2024-04-10,Bansal Hospital,16,2,0,0,4,14,18.85,212.24,12,8,2
2024-04-10,Bansal Hospital,17,2,0,0,4,17,16.91,239.11,10,25,9
2024-04-10,Chirayu Medical College,9,2,0,0,4,18,19.28,447.95,2,28,4
2024-04-10,Chirayu Medical College,10,2,0,0,4,29,10.36,225.61,29,11,14
2024-04-10,Chirayu Medical College,11,2,0,0,4,18,21.39,405.17,18,7,9
2024-04-10,Chirayu Medical College,12,2,0,0,4,9,17.43,203.86,4,8,2
2024-04-10,Chirayu Medical College,13,2,0,0,4,9,14.75,111.09,5,3,5
2024-04-10,Chirayu Medical College,14,2,0,0,4,9,19.28,173.25,5,23,0
2024-04-10,Chirayu Medical College,15,2,0,0,4,16,21.03,401.0,3,29,17
2024-04-10,Chirayu Medical College,16,2,0,0,4,11,10.13,143.56,3,14,15
2024-04-10,Chirayu Medical College,17,2,0,0,4,18,13.77,239.06,1,12,15
2024-04-10,People's Hospital,9,2,0,0,4,16,21.1,401.59,8,7,10
2024-04-10,People's Hospital,10,2,0,0,4,22,13.58,312.92,20,5,3
2024-04-10,People's Hospital,11,2,0,0,4,18,17.03,210.66,8,11,16
2024-04-10,People's Hospital,12,2,0,0,4,19,12.35,239.99,14,25,5
2024-04-10,People's Hospital,13,2,0,0,4,15,11.27,184.54,3,18,7
2024-04-10,People's Hospital,14,2,0,0,4,11,15.84,158.54,2,7,0
2024-04-10,People's Hospital,15,2,0,0,4,13,8.93,83.39,12,9,16
2024-04-10,People's Hospital,16,2,0,0,4,13,16.13,209.29,5,21,9
2024-04-10,People's Hospital,17,2,0,0,4,25,20.42,540.88,20,4,17
2024-04-10,Bhopal Memorial Hospital,9,2,0,0,4,25,11.13,208.95,19,15,13
2024-04-10,Bhopal Memorial Hospital,10,2,0,0,4,22,15.86,310.8,4,29,18
2024-04-10,Bhopal Memorial Hospital,11,2,0,0,4,14,11.39,101.98,1,19,4
2024-04-10,Bhopal Memorial Hospital,12,2,0,0,4,10,13.75,121.73,7,20,6
2024-04-10,Bhopal Memorial Hospital,13,2,0,0,4,7,12.86,93.65,7,16,12
2024-04-10,Bhopal Memorial Hospital,14,2,0,0,4,16,18.19,307.36,3,18,2
2024-04-10,Bhopal Memorial Hospital,15,2,0,0,4,8,16.76,119.49,2,22,3
2024-04-10,Bhopal Memorial Hospital,16,2,0,0,4,31,16.22,392.27,2,13,0
2024-04-10,Bhopal Memorial Hospital,17,2,0,0,4,11,15.18,189.66,3,3,7
2024-04-11,AIIMS Bhopal,9,3,0,0,4,16,17.99,274.67,12,16,0
2024-04-11,AIIMS Bhopal,10,3,0,0,4,29,22.52,781.21,16,27,12
2024-04-11,AIIMS Bhopal,11,3,0,0,4,24,20.93,559.02,15,14,4
2024-04-11,AIIMS Bhopal,12,3,0,0,4,19,13.46,184.01,5,10,2
2024-04-11,AIIMS Bhopal,13,3,0,0,4,14,15.1,182.49,7,3,6
2024-04-11,AIIMS Bhopal,14,3,0,0,4,16,19.58,294.76,3,5,1
2024-04-11,AIIMS Bhopal,15,3,0,0,4,18,15.79,197.92,15,30,0
2024-04-11,AIIMS Bhopal,16,3,0,0,4,18,15.32,203.88,13,30,6
2024-04-11,AIIMS Bhopal,17,3,0,0,4,9,7.82,83.32,1,3,11
2024-04-11,Hamidia Hospital,9,3,0,0,4,16,10.58,195.6,13,15,19
2024-04-11,Hamidia Hospital,10,3,0,0,4,19,16.4,285.67,8,9,14
2024-04-11,Hamidia Hospital,11,3,0,0,4,11,16.88,188.94,11,13,16
2024-04-11,Hamidia Hospital,12,3,0,0,4,8,16.03,95.12,2,11,1
2024-04-11,Hamidia Hospital,13,3,0,0,4,17,12.34,224.87,7,12,6
2024-04-11,Hamidia Hospital,14,3,0,0,4,5,16.24,65.4,5,27,15
2024-04-11,Hamidia Hospital,15,3,0,0,4,17,13.64,301.72,17,20,6
2024-04-11,Hamidia Hospital,16,3,0,0,4,16,15.15,286.15,1,29,18
2024-04-11,Hamidia Hospital,17,3,0,0,4,23,16.89,475.92,11,20,4
2024-04-11,Bansal Hospital,9,3,0,0,4,19,11.55,207.04,9,14,10
2024-04-11,Bansal Hospital,10,3,0,0,4,14,16.64,310.41,10,16,0
2024-04-11,Bansal Hospital,11,3,0,0,4,18,19.23,305.52,6,27,7
2024-04-11,Bansal Hospital,12,3,0,0,4,21,9.87,208.75,7,20,15
2024-04-11,Bansal Hospital,13,3,0,0,4,9,10.91,113.48,4,7,7
2024-04-11,Bansal Hospital,14,3,0,0,4,17,18.07,312.31,8,16,8
2024-04-11,Bansal Hospital,15,3,0,0,4,22,12.73,316.54,14,28,8
2024-04-11,Bansal Hospital,16,3,0,0,4,31,10.85,368.92,23,11,3
2024-04-11,Bansal Hospital,17,3,0,0,4,20,15.82,423.52,5,4,12
2024-04-11,Chirayu Medical College,9,3,0,0,4,15,17.83,297.19,15,8,18
2024-04-11,Chirayu Medical College,10,3,0,0,4,28,13.9,391.92,9,14,16
2024-04-11,Chirayu Medical College,11,3,0,0,4,22,16.87,372.17,9,11,2
2024-04-11,Chirayu Medical College,12,3,0,0,4,19,10.35,214.88,10,25,6
2024-04-11,Chirayu Medical College,13,3,0,0,4,14,16.21,215.81,9,15,3
2024-04-11,Chirayu Medical College,14,3,0,0,4,7,11.87,117.89,7,9,12
2024-04-11,Chirayu Medical College,15,3,0,0,4,10,19.63,224.9,7,26,0
2024-04-11,Chirayu Medical College,16,3,0,0,4,23,11.57,336.4,9,15,11
2024-04-11,Chirayu Medical College,17,3,0,0,4,16,16.82,317.53,8,15,16
2024-04-11,People's Hospital,9,3,0,0,4,16,23.53,294.54,8,18,14
2024-04-11,People's Hospital,10,3,0,0,4,13,22.24,281.6,4,12,8
2024-04-11,People's Hospital,11,3,0,0,4,23,14.3,387.56,19,14,13
2024-04-11,People's Hospital,12,3,0,0,4,21,17.85,384.61,1,30,2
2024-04-11,People's Hospital,13,3,0,0,4,7,11.67,71.69,2,7,15
2024-04-11,People's Hospital,14,3,0,0,4,8,25.14,172.49,7,28,18
2024-04-11,People's Hospital,15,3,0,0,4,23,20.09,384.39,23,6,14
2024-04-11,People's Hospital,16,3,0,0,4,18,11.2,233.04,18,14,1
2024-04-11,People's Hospital,17,3,0,0,4,18,17.96,245.48,1,28,18
2024-04-11,Bhopal Memorial Hospital,9,3,0,0,4,14,14.62,275.94,10,21,2
2024-04-11,Bhopal Memorial Hospital,10,3,0,0,4,27,11.44,185.98,2,20,3
2024-04-11,Bhopal Memorial Hospital,11,3,0,0,4,13,17.7,307.08,13,11,0
2024-04-11,Bhopal Memorial Hospital,12,3,0,0,4,15,14.23,265.1,5,20,8
2024-04-11,Bhopal Memorial Hospital,13,3,0,0,4,9,22.06,125.42,8,4,0
2024-04-11,Bhopal Memorial Hospital,14,3,0,0,4,14,17.16,289.29,10,13,18
2024-04-11,Bhopal Memorial Hospital,15,3,0,0,4,18,16.47,275.01,6,22,11
2024-04-11,Bhopal Memorial Hospital,16,3,0,0,4,20,13.55,358.81,14,21,10
2024-04-11,Bhopal Memorial Hospital,17,3,0,0,4,17,16.09,291.01,16,29,11
2024-04-12,AIIMS Bhopal,9,4,0,0,4,21,17.5,416.76,17,3,0
2024-04-12,AIIMS Bhopal,10,4,0,0,4,14,7.06,122.05,12,30,2
2024-04-12,AIIMS Bhopal,11,4,0,0,4,28,15.96,520.21,19,24,9
2024-04-12,AIIMS Bhopal,12,4,0,0,4,18,12.49,208.01,4,29,13
2024-04-12,AIIMS Bhopal,13,4,0,0,4,9,7.93,63.02,7,11,16
2024-04-12,AIIMS Bhopal,14,4,0,0,4,16,13.8,154.81,2,4,2
2024-04-12,AIIMS Bhopal,15,4,0,0,4,22,20.08,450.83,4,7,19
2024-04-12,AIIMS Bhopal,16,4,0,0,4,22,12.62,239.55,13,5,7
2024-04-12,AIIMS Bhopal,17,4,0,0,4,9,20.05,122.8,5,20,9
2024-04-12,Hamidia Hospital,9,4,0,0,4,10,12.52,78.69,3,23,7
2024-04-12,Hamidia Hospital,10,4,0,0,4,23,13.44,205.25,18,9,6
2024-04-12,Hamidia Hospital,11,4,0,0,4,29,17.41,614.06,16,25,11
2024-04-12,Hamidia Hospital,12,4,0,0,4,20,12.16,189.87,18,6,6
2024-04-12,Hamidia Hospital,13,4,0,0,4,6,18.61,100.29,3,15,8
2024-04-12,Hamidia Hospital,14,4,0,0,4,15,19.31,269.59,14,5,10
2024-04-12,Hamidia Hospital,15,4,0,0,4,24,7.29,148.19,24,5,16
2024-04-12,Hamidia Hospital,16,4,0,0,4,28,20.81,538.94,17,28,19
2024-04-12,Hamidia Hospital,17,4,0,0,4,16,20.74,378.73,1,18,18
2024-04-12,Bansal Hospital,9,4,0,0,4,11,18.1,226.59,2,12,12
2024-04-12,Bansal Hospital,10,4,0,0,4,20,14.82,389.93,3,6,18
2024-04-12,Bansal Hospital,11,4,0,0,4,31,15.38,637.05,15,14,9
2024-04-12,Bansal Hospital,12,4,0,0,4,13,14.61,157.89,8,9,16
2024-04-12,Bansal Hospital,13,4,0,0,4,17,19.27,240.79,6,10,15
2024-04-12,Bansal Hospital,14,4,0,0,4,16,20.03,305.42,16,17,0
2024-04-12,Bansal Hospital,15,4,0,0,4,9,9.97,94.21,2,23,4
2024-04-12,Bansal Hospital,16,4,0,0,4,23,15.18,411.94,4,8,2
2024-04-12,Bansal Hospital,17,4,0,0,4,25,17.39,337.83,6,27,5
2024-04-12,Chirayu Medical College,9,4,0,0,4,20,5.0,105.67,2,22,13
2024-04-12,Chirayu Medical College,10,4,0,0,4,26,14.32,380.2,18,16,11
2024-04-12,Chirayu Medical College,11,4,0,0,4,18,12.35,212.85,12,17,2
2024-04-12,Chirayu Medical College,12,4,0,0,4,21,12.62,348.57,17,7,3
2024-04-12,Chirayu Medical College,13,4,0,0,4,5,16.23,71.94,4,3,18
2024-04-12,Chirayu Medical College,14,4,0,0,4,5,8.1,45.34,4,19,1
2024-04-12,Chirayu Medical College,15,4,0,0,4,24,10.48,189.67,14,25,13
2024-04-12,Chirayu Medical College,16,4,0,0,4,19,17.41,397.58,2,21,16
2024-04-12,Chirayu Medical College,17,4,0,0,4,15,14.54,252.49,3,24,13
2024-04-12,People's Hospital,9,4,0,0,4,23,14.14,245.33,14,24,5
2024-04-12,People's Hospital,10,4,0,0,4,27,10.5,374.06,26,12,8
2024-04-12,People's Hospital,11,4,0,0,4,23,11.59,301.81,14,18,12
2024-04-12,People's Hospital,12,4,0,0,4,19,14.23,249.36,17,8,16
2024-04-12,People's Hospital,13,4,0,0,4,7,9.98,75.97,4,18,18
2024-04-12,People's Hospital,14,4,0,0,4,13,23.98,314.75,1,9,9
2024-04-12,People's Hospital,15,4,0,0,4,18,15.62,187.27,2,8,13
2024-04-12,People's Hospital,16,4,0,0,4,16,5.11,112.28,8,4,6
2024-04-12,People's Hospital,17,4,0,0,4,12,17.23,172.88,5,14,5
2024-04-12,Bhopal Memorial Hospital,9,4,0,0,4,19,17.71,322.49,1,22,1
2024-04-12,Bhopal Memorial Hospital,10,4,0,0,4,28,15.16,267.33,25,27,1
2024-04-12,Bhopal Memorial Hospital,11,4,0,0,4,26,15.24,429.72,17,13,4
2024-04-12,Bhopal Memorial Hospital,12,4,0,0,4,12,14.45,208.1,8,14,3
2024-04-12,Bhopal Memorial Hospital,13,4,0,0,4,8,12.19,118.35,8,27,18
2024-04-12,Bhopal Memorial Hospital,14,4,0,0,4,5,21.63,122.8,2,15,13
2024-04-12,Bhopal Memorial Hospital,15,4,0,0,4,14,16.6,283.28,4,9,8
2024-04-12,Bhopal Memorial Hospital,16,4,0,0,4,15,20.67,430.0,12,15,5
2024-04-12,Bhopal Memorial Hospital,17,4,0,0,4,24,15.26,406.23,8,18,5
2024-04-13,AIIMS Bhopal,9,5,1,0,4,7,12.26,105.14,1,4,7
2024-04-13,AIIMS Bhopal,10,5,1,0,4,11,13.48,94.14,1,3,17
2024-04-13,AIIMS Bhopal,11,5,1,0,4,13,16.71,240.3,1,9,14
2024-04-13,AIIMS Bhopal,12,5,1,0,4,4,14.72,66.51,2,24,3
2024-04-13,AIIMS Bhopal,13,5,1,0,4,10,18.65,157.33,9,11,11
2024-04-13,AIIMS Bhopal,14,5,1,0,4,8,8.03,38.99,3,14,15
2024-04-13,AIIMS Bhopal,15,5,1,0,4,15,14.55,213.32,8,10,14
2024-04-13,AIIMS Bhopal,16,5,1,0,4,7,8.99,50.53,6,23,11
2024-04-13,AIIMS Bhopal,17,5,1,0,4,6,10.86,67.08,6,15,17
2024-04-13,Hamidia Hospital,9,5,1,0,4,4,19.57,64.16,4,12,11
2024-04-13,Hamidia Hospital,10,5,1,0,4,14,12.73,232.09,12,7,3
2024-04-13,Hamidia Hospital,11,5,1,0,4,14,8.83,126.21,13,10,14
2024-04-13,Hamidia Hospital,12,5,1,0,4,7,14.09,100.58,2,25,4
2024-04-13,Hamidia Hospital,13,5,1,0,4,9,18.38,248.35,7,19,16
2024-04-13,Hamidia Hospital,14,5,1,0,4,7,12.68,79.46,2,19,17
2024-04-13,Hamidia Hospital,15,5,1,0,4,8,11.57,74.39,4,22,14
2024-04-13,Hamidia Hospital,16,5,1,0,4,16,20.15,272.39,7,24,6
2024-04-13,Hamidia Hospital,17,5,1,0,4,6,14.7,84.65,2,6,19
2024-04-13,Bansal Hospital,9,5,1,0,4,14,11.29,187.67,11,16,11
2024-04-13,Bansal Hospital,10,5,1,0,4,14,16.11,158.51,12,3,4
2024-04-13,Bansal Hospital,11,5,1,0,4,13,19.27,254.43,12,23,16
2024-04-13,Bansal Hospital,12,5,1,0,4,12,10.58,93.88,7,23,14
2024-04-13,Bansal Hospital,13,5,1,0,4,6,19.66,116.32,4,5,9
2024-04-13,Bansal Hospital,14,5,1,0,4,10,13.0,136.28,10,14,19
2024-04-13,Bansal Hospital,15,5,1,0,4,6,15.14,90.31,5,13,5
2024-04-13,Bansal Hospital,16,5,1,0,4,13,17.72,271.76,3,7,3
2024-04-13,Bansal Hospital,17,5,1,0,4,10,10.95,139.03,4,24,14
2024-04-13,Chirayu Medical College,9,5,1,0,4,10,16.64,214.56,7,10,19
2024-04-13,Chirayu Medical College,10,5,1,0,4,11,8.31,64.42,5,3,6
2024-04-13,Chirayu Medical College,11,5,1,0,4,19,11.76,208.24,10,16,11
2024-04-13,Chirayu Medical College,12,5,1,0,4,12,16.04,137.41,4,5,15
2024-04-13,Chirayu Medical College,13,5,1,0,4,3,12.21,36.2,1,7,2
2024-04-13,Chirayu Medical College,14,5,1,0,4,2,11.58,16.71,2,9,12
2024-04-13,Chirayu Medical College,15,5,1,0,4,12,16.18,257.08,3,14,12
2024-04-13,Chirayu Medical College,16,5,1,0,4,16,16.75,348.28,6,8,6
2024-04-13,Chirayu Medical College,17,5,1,0,4,10,18.82,167.88,10,9,19
2024-04-13,People's Hospital,9,5,1,0,4,6,11.44,74.74,1,21,3
2024-04-13,People's Hospital,10,5,1,0,4,6,12.29,66.21,5,16,12
2024-04-13,People's Hospital,11,5,1,0,4,5,14.96,64.6,2,16,9
2024-04-13,People's Hospital,12,5,1,0,4,10,18.87,169.79,9,21,6
2024-04-13,People's Hospital,13,5,1,0,4,9,9.5,83.43,5,5,15
2024-04-13,People's Hospital,14,5,1,0,4,8,16.96,89.86,1,22,6
2024-04-13,People's Hospital,15,5,1,0,4,13,18.4,267.47,13,25,11
2024-04-13,People's Hospital,16,5,1,0,4,19,17.56,367.86,16,29,7
2024-04-13,People's Hospital,17,5,1,0,4,9,6.11,68.7,5,11,15
2024-04-13,Bhopal Memorial Hospital,9,5,1,0,4,8,11.05,45.29,8,27,17
2024-04-13,Bhopal Memorial Hospital,10,5,1,0,4,6,14.74,57.4,6,13,4
2024-04-13,Bhopal Memorial Hospital,11,5,1,0,4,18,15.93,281.73,11,15,13
2024-04-13,Bhopal Memorial Hospital,12,5,1,0,4,11,16.49,173.81,4,17,17
2024-04-13,Bhopal Memorial Hospital,13,5,1,0,4,7,14.73,80.87,5,19,17
2024-04-13,Bhopal Memorial Hospital,14,5,1,0,4,9,15.37,168.25,4,29,8
2024-04-13,Bhopal Memorial Hospital,15,5,1,0,4,11,22.13,267.65,9,13,19
2024-04-13,Bhopal Memorial Hospital,16,5,1,0,4,10,10.99,109.44,6,4,4
2024-04-13,Bhopal Memorial Hospital,17,5,1,0,4,9,22.62,226.21,7,11,12
2024-04-14,AIIMS Bhopal,9,6,1,0,4,7,14.73,117.66,7,30,7
2024-04-14,AIIMS Bhopal,10,6,1,0,4,14,14.97,252.36,6,8,3
2024-04-14,AIIMS Bhopal,11,6,1,0,4,9,17.6,114.81,7,4,7
2024-04-14,AIIMS Bhopal,12,6,1,0,4,14,14.61,205.82,9,4,6
2024-04-14,AIIMS Bhopal,13,6,1,0,4,7,17.81,105.49,3,15,13
2024-04-14,AIIMS Bhopal,14,6,1,0,4,2,19.4,32.97,1,9,15
2024-04-14,AIIMS Bhopal,15,6,1,0,4,12,14.81,206.21,7,26,18
2024-04-14,AIIMS Bhopal,16,6,1,0,4,7,10.45,47.93,4,5,5
2024-04-14,AIIMS Bhopal,17,6,1,0,4,7,17.71,138.97,7,10,18
2024-04-14,Hamidia Hospital,9,6,1,0,4,12,11.48,65.1,9,28,13
2024-04-14,Hamidia Hospital,10,6,1,0,4,18,13.49,169.51,2,4,9
2024-04-14,Hamidia Hospital,11,6,1,0,4,7,12.88,112.69,2,9,11
2024-04-14,Hamidia Hospital,12,6,1,0,4,7,17.33,100.53,6,24,12
2024-04-14,Hamidia Hospital,13,6,1,0,4,2,17.3,37.5,2,13,0
2024-04-14,Hamidia Hospital,14,6,1,0,4,2,16.81,38.92,2,9,16
2024-04-14,Hamidia Hospital,15,6,1,0,4,4,21.43,107.34,1,5,5
2024-04-14,Hamidia Hospital,16,6,1,0,4,13,17.93,147.87,2,20,2
2024-04-14,Hamidia Hospital,17,6,1,0,4,11,11.32,115.68,11,28,2
2024-04-14,Bansal Hospital,9,6,1,0,4,10,9.64,75.73,2,9,12
2024-04-14,Bansal Hospital,10,6,1,0,4,14,18.66,272.26,2,21,3
2024-04-14,Bansal Hospital,11,6,1,0,4,11,17.62,149.82,9,17,2
2024-04-14,Bansal Hospital,12,6,1,0,4,14,9.63,151.05,2,18,0
2024-04-14,Bansal Hospital,13,6,1,0,4,10,18.44,186.74,3,22,6
2024-04-14,Bansal Hospital,14,6,1,0,4,4,15.07,31.0,3,3,15
2024-04-14,Bansal Hospital,15,6,1,0,4,6,13.65,77.85,5,10,6
2024-04-14,Bansal Hospital,16,6,1,0,4,9,17.35,165.4,6,8,4
2024-04-14,Bansal Hospital,17,6,1,0,4,5,6.18,25.26,3,4,1
2024-04-14,Chirayu Medical College,9,6,1,0,4,8,9.05,75.4,8,18,11
2024-04-14,Chirayu Medical College,10,6,1,0,4,18,11.29,189.52,15,11,17
2024-04-14,Chirayu Medical College,11,6,1,0,4,5,13.55,71.88,2,16,4
2024-04-14,Chirayu Medical College,12,6,1,0,4,5,9.74,31.16,4,21,11
2024-04-14,Chirayu Medical College,13,6,1,0,4,4,10.81,47.54,1,8,3
2024-04-14,Chirayu Medical College,14,6,1,0,4,4,13.82,54.11,1,20,2
2024-04-14,Chirayu Medical College,15,6,1,0,4,6,13.94,75.94,6,25,7
2024-04-14,Chirayu Medical College,16,6,1,0,4,11,15.85,195.17,6,21,16
2024-04-14,Chirayu Medical College,17,6,1,0,4,13,7.23,73.72,1,16,4
2024-04-14,People's Hospital,9,6,1,0,4,9,17.45,174.1,6,22,13
2024-04-14,People's Hospital,10,6,1,0,4,19,12.41,188.95,4,30,0
2024-04-14,People's Hospital,11,6,1,0,4,15,11.52,139.38,7,30,17
2024-04-14,People's Hospital,12,6,1,0,4,5,18.69,89.82,3,8,2
2024-04-14,People's Hospital,13,6,1,0,4,4,15.8,66.31,2,28,13
2024-04-14,People's Hospital,14,6,1,0,4,2,10.95,21.38,2,27,3
2024-04-14,People's Hospital,15,6,1,0,4,15,15.36,195.41,12,28,13
2024-04-14,People's Hospital,16,6,1,0,4,6,19.44,91.21,6,22,15
2024-04-14,People's Hospital,17,6,1,0,4,6,14.7,120.02,5,29,7
2024-04-14,Bhopal Memorial Hospital,9,6,1,0,4,9,11.84,115.14,5,21,11
2024-04-14,Bhopal Memorial Hospital,10,6,1,0,4,5,15.26,74.2,3,29,16
2024-04-14,Bhopal Memorial Hospital,11,6,1,0,4,6,13.18,83.39,4,11,10
2024-04-14,Bhopal Memorial Hospital,12,6,1,0,4,12,10.35,137.29,11,22,17
2024-04-14,Bhopal Memorial Hospital,13,6,1,0,4,7,13.96,95.29,3,7,19
2024-04-14,Bhopal Memorial Hospital,14,6,1,0,4,6,16.96,107.09,5,24,0
2024-04-14,Bhopal Memorial Hospital,15,6,1,0,4,10,11.8,100.15,8,16,5
2024-04-14,Bhopal Memorial Hospital,16,6,1,0,4,13,18.46,181.28,11,20,9
2024-04-14,Bhopal Memorial Hospital,17,6,1,0,4,13,11.69,168.78,2,22,11
2024-04-15,AIIMS Bhopal,9,0,0,1,4,19,18.82,377.49,10,18,4
2024-04-15,AIIMS Bhopal,10,0,0,1,4,42,19.02,778.91,31,12,12
2024-04-15,AIIMS Bhopal,11,0,0,1,4,42,11.28,660.53,9,28,12
2024-04-15,AIIMS Bhopal,12,0,0,1,4,16,11.63,160.53,13,5,3
2024-04-15,AIIMS Bhopal,13,0,0,1,4,19,9.81,228.0,18,15,13
2024-04-15,AIIMS Bhopal,14,0,0,1,4,7,15.39,89.33,5,7,8
2024-04-15,AIIMS Bhopal,15,0,0,1,4,28,18.83,427.71,21,28,13
2024-04-15,AIIMS Bhopal,16,0,0,1,4,41,13.79,518.03,24,15,5
2024-04-15,AIIMS Bhopal,17,0,0,1,4,32,14.81,298.09,19,4,5
2024-04-15,Hamidia Hospital,9,0,0,1,4,14,20.92,227.23,8,7,6
2024-04-15,Hamidia Hospital,10,0,0,1,4,18,14.53,232.66,5,11,5
2024-04-15,Hamidia Hospital,11,0,0,1,4,24,13.04,361.14,24,15,1
2024-04-15,Hamidia Hospital,12,0,0,1,4,11,8.44,88.84,9,29,19
2024-04-15,Hamidia Hospital,13,0,0,1,4,16,8.36,101.42,15,8,3
2024-04-15,Hamidia Hospital,14,0,0,1,4,18,16.31,288.13,5,3,11
2024-04-15,Hamidia Hospital,15,0,0,1,4,21,11.69,318.9,7,26,3
2024-04-15,Hamidia Hospital,16,0,0,1,4,42,13.75,833.94,2,13,19
2024-04-15,Hamidia Hospital,17,0,0,1,4,21,14.46,337.21,5,7,3
2024-04-15,Bansal Hospital,9,0,0,1,4,11,8.44,69.31,10,11,8
2024-04-15,Bansal Hospital,10,0,0,1,4,27,13.91,243.92,9,25,2
2024-04-15,Bansal Hospital,11,0,0,1,4,28,19.7,399.06,18,28,15
2024-04-15,Bansal Hospital,12,0,0,1,4,33,16.06,690.87,13,24,14
2024-04-15,Bansal Hospital,13,0,0,1,4,22,10.8,205.09,10,4,4
2024-04-15,Bansal Hospital,14,0,0,1,4,10,18.8,170.62,9,7,7
2024-04-15,Bansal Hospital,15,0,0,1,4,14,16.15,287.87,10,30,16
2024-04-15,Bansal Hospital,16,0,0,1,4,18,9.18,164.55,2,28,18
2024-04-15,Bansal Hospital,17,0,0,1,4,28,17.02,543.19,14,14,14
2024-04-15,Chirayu Medical College,9,0,0,1,4,33,15.94,351.33,28,28,6
2024-04-15,Chirayu Medical College,10,0,0,1,4,32,12.08,453.33,19,27,11
2024-04-15,Chirayu Medical College,11,0,0,1,4,20,9.08,212.44,10,19,16
2024-04-15,Chirayu Medical College,12,0,0,1,4,35,19.12,843.87,32,29,4
2024-04-15,Chirayu Medical College,13,0,0,1,4,17,12.52,278.5,5,23,10
2024-04-15,Chirayu Medical College,14,0,0,1,4,13,14.3,198.28,8,19,17
2024-04-15,Chirayu Medical College,15,0,0,1,4,18,11.61,196.67,8,11,10
2024-04-15,Chirayu Medical College,16,0,0,1,4,33,15.8,690.45,12,19,15
2024-04-15,Chirayu Medical College,17,0,0,1,4,18,18.11,328.34,13,18,13
2024-04-15,People's Hospital,9,0,0,1,4,28,20.41,480.15,18,7,17
2024-04-15,People's Hospital,10,0,0,1,4,45,18.31,797.92,45,29,16
2024-04-15,People's Hospital,11,0,0,1,4,39,20.2,898.93,4,23,15
2024-04-15,People's Hospital,12,0,0,1,4,25,16.6,536.49,7,25,12
2024-04-15,People's Hospital,13,0,0,1,4,24,13.35,352.38,12,27,4
2024-04-15,People's Hospital,14,0,0,1,4,19,19.05,438.3,2,18,9
2024-04-15,People's Hospital,15,0,0,1,4,14,14.57,305.31,4,3,3
2024-04-15,People's Hospital,16,0,0,1,4,14,15.56,200.96,5,14,4
2024-04-15,People's Hospital,17,0,0,1,4,28,18.39,474.74,15,12,8
2024-04-15,Bhopal Memorial Hospital,9,0,0,1,4,19,16.22,388.95,16,6,3
2024-04-15,Bhopal Memorial Hospital,10,0,0,1,4,33,16.07,724.43,18,28,18
2024-04-15,Bhopal Memorial Hospital,11,0,0,1,4,39,17.17,792.31,30,3,2
2024-04-15,Bhopal Memorial Hospital,12,0,0,1,4,11,15.0,110.34,11,12,7
2024-04-15,Bhopal Memorial Hospital,13,0,0,1,4,16,13.28,266.96,12,26,17
2024-04-15,Bhopal Memorial Hospital,14,0,0,1,4,18,17.48,222.53,3,26,16
2024-04-15,Bhopal Memorial Hospital,15,0,0,1,4,33,7.38,239.58,31,19,12
2024-04-15,Bhopal Memorial Hospital,16,0,0,1,4,15,27.58,325.59,13,7,3
2024-04-15,Bhopal Memorial Hospital,17,0,0,1,4,26,12.93,319.01,20,11,6
2024-04-16,AIIMS Bhopal,9,1,0,0,4,22,6.74,173.76,17,7,15
2024-04-16,AIIMS Bhopal,10,1,0,0,4,22,13.95,297.55,7,9,3
2024-04-16,AIIMS Bhopal,11,1,0,0,4,16,16.43,295.84,11,11,17
2024-04-16,AIIMS Bhopal,12,1,0,0,4,9,18.88,154.27,5,17,6
2024-04-16,AIIMS Bhopal,13,1,0,0,4,7,21.44,144.16,6,19,6
2024-04-16,AIIMS Bhopal,14,1,0,0,4,14,11.76,155.0,8,26,15
2024-04-16,AIIMS Bhopal,15,1,0,0,4,16,15.76,252.57,13,15,13
2024-04-16,AIIMS Bhopal,16,1,0,0,4,24,14.72,356.74,15,15,4
2024-04-16,AIIMS Bhopal,17,1,0,0,4,13,18.09,188.2,3,6,5
2024-04-16,Hamidia Hospital,9,1,0,0,4,25,18.68,555.3,7,30,16
2024-04-16,Hamidia Hospital,10,1,0,0,4,27,18.29,401.94,16,20,8
2024-04-16,Hamidia Hospital,11,1,0,0,4,28,17.08,533.65,26,9,19
2024-04-16,Hamidia Hospital,12,1,0,0,4,14,15.19,218.72,5,26,11
2024-04-16,Hamidia Hospital,13,1,0,0,4,14,9.67,118.36,1,15,12
2024-04-16,Hamidia Hospital,14,1,0,0,4,14,18.13,262.02,6,10,3
2024-04-16,Hamidia Hospital,15,1,0,0,4,13,16.72,277.77,5,9,10
2024-04-16,Hamidia Hospital,16,1,0,0,4,31,16.21,427.54,29,20,2
2024-04-16,Hamidia Hospital,17,1,0,0,4,11,20.73,214.11,7,14,3
2024-04-16,Bansal Hospital,9,1,0,0,4,12,17.48,204.22,1,30,12
2024-04-16,Bansal Hospital,10,1,0,0,4,19,9.07,182.81,16,27,0
2024-04-16,Bansal Hospital,11,1,0,0,4,22,9.0,174.95,8,28,12
2024-04-16,Bansal Hospital,12,1,0,0,4,16,11.55,152.53,3,25,13
2024-04-16,Bansal Hospital,13,1,0,0,4,12,6.99,65.58,12,29,17
2024-04-16,Bansal Hospital,14,1,0,0,4,13,12.23,148.11,2,22,7
2024-04-16,Bansal Hospital,15,1,0,0,4,23,12.63,273.21,4,9,13
2024-04-16,Bansal Hospital,16,1,0,0,4,18,18.37,295.12,16,8,15
2024-04-16,Bansal Hospital,17,1,0,0,4,20,10.3,218.02,16,18,11
2024-04-16,Chirayu Medical College,9,1,0,0,4,14,11.72,196.21,2,9,9
2024-04-16,Chirayu Medical College,10,1,0,0,4,13,5.0,69.24,2,21,11
2024-04-16,Chirayu Medical College,11,1,0,0,4,19,17.03,111.61,1,20,17
2024-04-16,Chirayu Medical College,12,1,0,0,4,17,18.03,403.7,5,9,6
2024-04-16,Chirayu Medical College,13,1,0,0,4,5,13.01,51.42,4,6,11
2024-04-16,Chirayu Medical College,14,1,0,0,4,5,16.55,84.08,2,22,3
2024-04-16,Chirayu Medical College,15,1,0,0,4,18,11.28,302.14,10,12,5
2024-04-16,Chirayu Medical College,16,1,0,0,4,18,12.4,240.99,6,27,2
2024-04-16,Chirayu Medical College,17,1,0,0,4,16,20.44,322.98,3,3,16
2024-04-16,People's Hospital,9,1,0,0,4,20,22.63,573.7,9,29,14
2024-04-16,People's Hospital,10,1,0,0,4,10,12.87,162.18,10,21,2
2024-04-16,People's Hospital,11,1,0,0,4,23,19.55,437.55,17,24,0
2024-04-16,People's Hospital,12,1,0,0,4,20,5.94,134.72,13,17,7
2024-04-16,People's Hospital,13,1,0,0,4,14,5.0,81.46,10,24,12
2024-04-16,People's Hospital,14,1,0,0,4,7,17.43,126.31,2,17,5
2024-04-16,People's Hospital,15,1,0,0,4,21,12.95,348.54,2,14,16
2024-04-16,People's Hospital,16,1,0,0,4,26,11.08,262.61,6,11,11
2024-04-16,People's Hospital,17,1,0,0,4,23,21.14,599.75,21,14,11
2024-04-16,Bhopal Memorial Hospital,9,1,0,0,4,22,13.28,269.02,16,17,0
2024-04-16,Bhopal Memorial Hospital,10,1,0,0,4,14,17.7,277.64,11,22,3
2024-04-16,Bhopal Memorial Hospital,11,1,0,0,4,28,13.78,339.1,26,8,13
2024-04-16,Bhopal Memorial Hospital,12,1,0,0,4,8,17.18,104.1,6,16,16
2024-04-16,Bhopal Memorial Hospital,13,1,0,0,4,17,11.94,127.5,14,27,2
2024-04-16,Bhopal Memorial Hospital,14,1,0,0,4,6,19.38,103.89,6,22,15
2024-04-16,Bhopal Memorial Hospital,15,1,0,0,4,14,19.4,248.74,8,30,18
2024-04-16,Bhopal Memorial Hospital,16,1,0,0,4,22,19.66,247.2,7,30,13
2024-04-16,Bhopal Memorial Hospital,17,1,0,0,4,16,14.37,283.23,6,15,6
2024-04-17,AIIMS Bhopal,9,2,0,0,4,12,7.36,90.46,11,16,11
2024-04-17,AIIMS Bhopal,10,2,0,0,4,26,17.57,304.23,24,13,16
2024-04-17,AIIMS Bhopal,11,2,0,0,4,28,12.79,299.32,20,11,18
2024-04-17,AIIMS Bhopal,12,2,0,0,4,16,21.51,324.57,12,14,7
2024-04-17,AIIMS Bhopal,13,2,0,0,4,11,20.29,145.78,6,23,1
2024-04-17,AIIMS Bhopal,14,2,0,0,4,8,14.86,159.94,4,17,15
2024-04-17,AIIMS Bhopal,15,2,0,0,4,13,14.66,188.19,12,11,16
2024-04-17,AIIMS Bhopal,16,2,0,0,4,26,13.86,407.94,20,11,10
2024-04-17,AIIMS Bhopal,17,2,0,0,4,8,15.59,169.64,6,11,17
2024-04-17,Hamidia Hospital,9,2,0,0,4,9,15.66,108.92,1,14,7
2024-04-17,Hamidia Hospital,10,2,0,0,4,32,16.37,689.56,24,15,18
2024-04-17,Hamidia Hospital,11,2,0,0,4,18,17.12,385.87,8,16,19
2024-04-17,Hamidia Hospital,12,2,0,0,4,20,12.85,336.91,2,25,8
2024-04-17,Hamidia Hospital,13,2,0,0,4,5,10.62,54.99,1,28,8
2024-04-17,Hamidia Hospital,14,2,0,0,4,7,11.18,98.38,4,9,5
2024-04-17,Hamidia Hospital,15,2,0,0,4,16,16.83,229.57,2,28,4
2024-04-17,Hamidia Hospital,16,2,0,0,4,27,13.14,394.18,18,17,18
2024-04-17,Hamidia Hospital,17,2,0,0,4,21,17.3,510.4,13,17,8
2024-04-17,Bansal Hospital,9,2,0,0,4,21,13.82,455.44,13,30,13
2024-04-17,Bansal Hospital,10,2,0,0,4,11,15.12,231.13,3,18,6
2024-04-17,Bansal Hospital,11,2,0,0,4,29,14.67,502.13,5,28,1
2024-04-17,Bansal Hospital,12,2,0,0,4,17,15.63,247.35,3,3,5
2024-04-17,Bansal Hospital,13,2,0,0,4,16,10.77,187.76,4,24,19
2024-04-17,Bansal Hospital,14,2,0,0,4,12,17.53,233.8,9,11,18
2024-04-17,Bansal Hospital,15,2,0,0,4,22,9.4,215.58,7,19,6
2024-04-17,Bansal Hospital,16,2,0,0,4,19,15.55,286.0,3,11,8
2024-04-17,Bansal Hospital,17,2,0,0,4,14,18.35,221.04,11,14,8
2024-04-17,Chirayu Medical College,9,2,0,0,4,23,12.29,275.92,11,3,11
2024-04-17,Chirayu Medical College,10,2,0,0,4,16,12.84,219.5,15,3,12
2024-04-17,Chirayu Medical College,11,2,0,0,4,31,10.81,348.46,16,4,15
2024-04-17,Chirayu Medical College,12,2,0,0,4,10,9.2,61.15,9,24,3
2024-04-17,Chirayu Medical College,13,2,0,0,4,9,12.6,103.6,7,6,6
2024-04-17,Chirayu Medical College,14,2,0,0,4,7,18.24,149.02,3,14,19
2024-04-17,Chirayu Medical College,15,2,0,0,4,24,24.91,532.37,4,25,6
2024-04-17,Chirayu Medical College,16,2,0,0,4,19,5.64,107.79,15,3,10
2024-04-17,Chirayu Medical College,17,2,0,0,4,24,15.11,351.67,19,5,1
2024-04-17,People's Hospital,9,2,0,0,4,20,17.14,288.87,1,29,13
2024-04-17,People's Hospital,10,2,0,0,4,20,16.04,325.3,15,19,6
2024-04-17,People's Hospital,11,2,0,0,4,32,13.57,367.59,18,19,6
2024-04-17,People's Hospital,12,2,0,0,4,8,15.67,155.3,6,17,6
2024-04-17,People's Hospital,13,2,0,0,4,14,18.23,235.71,5,25,0
2024-04-17,People's Hospital,14,2,0,0,4,11,19.0,168.56,8,8,16
2024-04-17,People's Hospital,15,2,0,0,4,9,13.05,107.44,8,20,16
2024-04-17,People's Hospital,16,2,0,0,4,19,16.83,211.3,9,10,2
2024-04-17,People's Hospital,17,2,0,0,4,21,10.16,215.9,20,19,8
2024-04-17,Bhopal Memorial Hospital,9,2,0,0,4,16,23.38,367.97,11,26,18
2024-04-17,Bhopal Memorial Hospital,10,2,0,0,4,18,28.1,555.99,2,17,11
2024-04-17,Bhopal Memorial Hospital,11,2,0,0,4,27,21.32,581.42,11,7,13
2024-04-17,Bhopal Memorial Hospital,12,2,0,0,4,9,17.69,180.47,4,29,1
2024-04-17,Bhopal Memorial Hospital,13,2,0,0,4,8,10.78,71.7,7,15,6
2024-04-17,Bhopal Memorial Hospital,14,2,0,0,4,10,20.37,211.07,3,10,11
2024-04-17,Bhopal Memorial Hospital,15,2,0,0,4,20,8.66,246.23,8,3,14
2024-04-17,Bhopal Memorial Hospital,16,2,0,0,4,14,16.05,190.69,13,29,1
2024-04-17,Bhopal Memorial Hospital,17,2,0,0,4,13,13.88,157.9,3,3,3
2024-04-18,AIIMS Bhopal,9,3,0,0,4,12,18.76,177.96,6,9,2
2024-04-18,AIIMS Bhopal,10,3,0,0,4,32,18.52,576.96,2,12,4
2024-04-18,AIIMS Bhopal,11,3,0,0,4,18,23.55,521.25,5,25,1
2024-04-18,AIIMS Bhopal,12,3,0,0,4,20,16.9,323.68,2,12,16
2024-04-18,AIIMS Bhopal,13,3,0,0,4,7,15.2,101.06,2,4,11
2024-04-18,AIIMS Bhopal,14,3,0,0,4,11,8.83,91.31,4,19,11
2024-04-18,AIIMS Bhopal,15,3,0,0,4,22,15.19,257.16,15,9,18
2024-04-18,AIIMS Bhopal,16,3,0,0,4,31,17.13,509.1,27,25,10
2024-04-18,AIIMS Bhopal,17,3,0,0,4,18,15.63,386.83,12,30,2
2024-04-18,Hamidia Hospital,9,3,0,0,4,25,16.24,443.9,22,9,16
2024-04-18,Hamidia Hospital,10,3,0,0,4,15,12.05,191.93,3,21,11
2024-04-18,Hamidia Hospital,11,3,0,0,4,14,12.45,173.61,6,14,14
2024-04-18,Hamidia Hospital,12,3,0,0,4,21,16.05,220.49,3,13,10
2024-04-18,Hamidia Hospital,13,3,0,0,4,6,15.37,135.57,1,21,13
2024-04-18,Hamidia Hospital,14,3,0,0,4,12,16.75,175.1,9,17,12
2024-04-18,Hamidia Hospital,15,3,0,0,4,11,13.35,123.07,5,19,17
2024-04-18,Hamidia Hospital,16,3,0,0,4,22,13.3,277.8,11,26,0
2024-04-18,Hamidia Hospital,17,3,0,0,4,24,9.76,204.29,10,16,9
2024-04-18,Bansal Hospital,9,3,0,0,4,9,15.29,162.23,8,30,13
2024-04-18,Bansal Hospital,10,3,0,0,4,24,12.87,356.22,23,28,6
2024-04-18,Bansal Hospital,11,3,0,0,4,24,18.06,354.24,3,30,1
2024-04-18,Bansal Hospital,12,3,0,0,4,24,15.09,323.31,5,17,14
2024-04-18,Bansal Hospital,13,3,0,0,4,12,12.89,204.9,8,23,15
2024-04-18,Bansal Hospital,14,3,0,0,4,16,14.3,287.98,6,14,9
2024-04-18,Bansal Hospital,15,3,0,0,4,11,18.37,236.72,3,30,9
2024-04-18,Bansal Hospital,16,3,0,0,4,19,10.52,204.82,2,3,15
2024-04-18,Bansal Hospital,17,3,0,0,4,9,13.01,70.85,6,22,9
2024-04-18,Chirayu Medical College,9,3,0,0,4,25,17.56,339.92,24,16,14
2024-04-18,Chirayu Medical College,10,3,0,0,4,20,21.82,357.04,4,16,13
2024-04-18,Chirayu Medical College,11,3,0,0,4,15,16.67,310.97,13,16,15
2024-04-18,Chirayu Medical College,12,3,0,0,4,11,17.16,218.32,4,13,0
2024-04-18,Chirayu Medical College,13,3,0,0,4,9,15.7,111.74,5,22,0
2024-04-18,Chirayu Medical College,14,3,0,0,4,14,12.79,238.48,13,7,15
2024-04-18,Chirayu Medical College,15,3,0,0,4,12,13.28,130.34,4,28,2
2024-04-18,Chirayu Medical College,16,3,0,0,4,22,18.98,232.0,21,9,8
2024-04-18,Chirayu Medical College,17,3,0,0,4,11,5.8,64.51,1,4,10
2024-04-18,People's Hospital,9,3,0,0,4,17,18.51,300.64,8,28,9
2024-04-18,People's Hospital,10,3,0,0,4,24,8.66,292.08,12,16,5
2024-04-18,People's Hospital,11,3,0,0,4,14,10.46,163.64,11,9,6
2024-04-18,People's Hospital,12,3,0,0,4,19,17.52,186.14,16,25,13
2024-04-18,People's Hospital,13,3,0,0,4,14,9.88,136.31,13,22,11
2024-04-18,People's Hospital,14,3,0,0,4,5,12.7,85.25,5,5,0
2024-04-18,People's Hospital,15,3,0,0,4,24,9.48,263.35,10,9,2
2024-04-18,People's Hospital,16,3,0,0,4,29,22.46,802.91,22,18,17
2024-04-18,People's Hospital,17,3,0,0,4,18,15.18,249.11,15,21,7
2024-04-18,Bhopal Memorial Hospital,9,3,0,0,4,15,11.95,201.61,1,27,19
2024-04-18,Bhopal Memorial Hospital,10,3,0,0,4,19,19.08,284.12,14,4,16
2024-04-18,Bhopal Memorial Hospital,11,3,0,0,4,31,20.0,603.74,21,24,0
2024-04-18,Bhopal Memorial Hospital,12,3,0,0,4,10,18.77,195.27,9,9,19
2024-04-18,Bhopal Memorial Hospital,13,3,0,0,4,7,18.21,140.93,2,8,1
2024-04-18,Bhopal Memorial Hospital,14,3,0,0,4,9,13.95,129.99,4,24,7
2024-04-18,Bhopal Memorial Hospital,15,3,0,0,4,14,18.97,244.86,8,21,1
2024-04-18,Bhopal Memorial Hospital,16,3,0,0,4,16,19.99,268.96,8,20,17
2024-04-18,Bhopal Memorial Hospital,17,3,0,0,4,22,5.47,113.62,3,20,17
2024-04-19,AIIMS Bhopal,9,4,0,0,4,14,11.79,160.26,8,19,3
2024-04-19,AIIMS Bhopal,10,4,0,0,4,27,15.61,332.72,8,26,8
2024-04-19,AIIMS Bhopal,11,4,0,0,4,15,14.66,164.92,5,19,2
2024-04-19,AIIMS Bhopal,12,4,0,0,4,13,13.2,226.07,7,16,9
2024-04-19,AIIMS Bhopal,13,4,0,0,4,16,13.87,292.35,14,12,8
2024-04-19,AIIMS Bhopal,14,4,0,0,4,5,14.72,94.87,2,27,5
2024-04-19,AIIMS Bhopal,15,4,0,0,4,23,11.54,232.24,8,17,19
2024-04-19,AIIMS Bhopal,16,4,0,0,4,23,8.98,199.27,18,18,14
2024-04-19,AIIMS Bhopal,17,4,0,0,4,17,14.27,304.63,10,15,16
2024-04-19,Hamidia Hospital,9,4,0,0,4,22,13.24,248.56,9,15,19
2024-04-19,Hamidia Hospital,10,4,0,0,4,18,20.16,352.69,11,10,2
2024-04-19,Hamidia Hospital,11,4,0,0,4,23,12.93,353.14,10,23,4
2024-04-19,Hamidia Hospital,12,4,0,0,4,14,14.57,200.1,3,23,12
2024-04-19,Hamidia Hospital,13,4,0,0,4,5,20.41,62.47,4,11,18
2024-04-19,Hamidia Hospital,14,4,0,0,4,14,10.41,173.29,13,19,2
2024-04-19,Hamidia Hospital,15,4,0,0,4,11,12.37,107.39,3,21,4
2024-04-19,Hamidia Hospital,16,4,0,0,4,19,12.05,171.84,5,11,12
2024-04-19,Hamidia Hospital,17,4,0,0,4,25,12.44,313.35,2,10,14
2024-04-19,Bansal Hospital,9,4,0,0,4,14,15.77,289.44,13,11,1
2024-04-19,Bansal Hospital,10,4,0,0,4,26,14.34,348.62,17,16,15
2024-04-19,Bansal Hospital,11,4,0,0,4,22,11.77,108.54,11,18,16
2024-04-19,Bansal Hospital,12,4,0,0,4,15,17.98,283.15,6,13,18
2024-04-19,Bansal Hospital,13,4,0,0,4,14,11.56,95.89,6,24,14
2024-04-19,Bansal Hospital,14,4,0,0,4,14,11.57,122.86,13,14,14
2024-04-19,Bansal Hospital,15,4,0,0,4,24,10.48,301.39,2,14,10
2024-04-19,Bansal Hospital,16,4,0,0,4,13,16.25,193.02,7,23,15
2024-04-19,Bansal Hospital,17,4,0,0,4,21,14.79,358.07,20,11,6
2024-04-19,Chirayu Medical College,9,4,0,0,4,21,17.08,336.73,2,14,13
2024-04-19,Chirayu Medical College,10,4,0,0,4,14,14.86,252.37,4,11,8
2024-04-19,Chirayu Medical College,11,4,0,0,4,16,18.21,304.02,3,24,16
2024-04-19,Chirayu Medical College,12,4,0,0,4,21,10.87,245.81,4,30,11
2024-04-19,Chirayu Medical College,13,4,0,0,4,8,18.37,155.16,2,21,16
2024-04-19,Chirayu Medical College,14,4,0,0,4,13,12.2,117.83,13,13,13
2024-04-19,Chirayu Medical College,15,4,0,0,4,19,12.96,220.32,11,30,17
2024-04-19,Chirayu Medical College,16,4,0,0,4,23,16.63,392.55,9,9,5
2024-04-19,Chirayu Medical College,17,4,0,0,4,13,13.82,138.62,8,16,13
2024-04-19,People's Hospital,9,4,0,0,4,14,16.81,285.66,10,25,1
2024-04-19,People's Hospital,10,4,0,0,4,20,16.87,370.36,4,3,12
2024-04-19,People's Hospital,11,4,0,0,4,11,20.79,192.34,9,22,2
2024-04-19,People's Hospital,12,4,0,0,4,23,18.66,451.16,5,22,2
2024-04-19,People's Hospital,13,4,0,0,4,16,14.52,283.52,10,21,13
2024-04-19,People's Hospital,14,4,0,0,4,13,14.39,181.92,3,18,0
2024-04-19,People's Hospital,15,4,0,0,4,13,11.69,185.97,2,6,9
2024-04-19,People's Hospital,16,4,0,0,4,18,10.45,284.47,7,4,9
2024-04-19,People's Hospital,17,4,0,0,4,8,11.82,79.05,6,6,7
2024-04-19,Bhopal Memorial Hospital,9,4,0,0,4,9,14.47,131.9,3,7,3
2024-04-19,Bhopal Memorial Hospital,10,4,0,0,4,26,10.8,261.78,11,28,6
2024-04-19,Bhopal Memorial Hospital,11,4,0,0,4,28,26.02,1061.32,8,29,4
2024-04-19,Bhopal Memorial Hospital,12,4,0,0,4,9,14.65,142.6,3,17,9
2024-04-19,Bhopal Memorial Hospital,13,4,0,0,4,10,15.78,138.87,7,16,11
2024-04-19,Bhopal Memorial Hospital,14,4,0,0,4,14,16.53,208.85,4,15,2
2024-04-19,Bhopal Memorial Hospital,15,4,0,0,4,21,18.57,375.82,1,16,4
2024-04-19,Bhopal Memorial Hospital,16,4,0,0,4,20,11.56,243.1,5,16,14
2024-04-19,Bhopal Memorial Hospital,17,4,0,0,4,12,19.72,192.89,7,23,15
2024-04-20,AIIMS Bhopal,9,5,1,0,4,5,18.97,118.76,1,3,0
2024-04-20,AIIMS Bhopal,10,5,1,0,4,14,21.35,233.02,11,16,17
2024-04-20,AIIMS Bhopal,11,5,1,0,4,16,20.08,343.2,11,17,2
2024-04-20,AIIMS Bhopal,12,5,1,0,4,6,16.64,98.36,5,5,12
2024-04-20,AIIMS Bhopal,13,5,1,0,4,9,18.69,134.96,3,10,11
2024-04-20,AIIMS Bhopal,14,5,1,0,4,5,12.42,58.06,2,3,11
2024-04-20,AIIMS Bhopal,15,5,1,0,4,9,8.6,72.75,6,5,13
2024-04-20,AIIMS Bhopal,16,5,1,0,4,13,13.66,179.62,8,21,9
2024-04-20,AIIMS Bhopal,17,5,1,0,4,8,16.17,139.17,4,4,4
2024-04-20,Hamidia Hospital,9,5,1,0,4,9,17.7,202.56,7,26,16
2024-04-20,Hamidia Hospital,10,5,1,0,4,13,10.79,109.58,12,6,18
2024-04-20,Hamidia Hospital,11,5,1,0,4,5,15.66,81.55,1,30,2
2024-04-20,Hamidia Hospital,12,5,1,0,4,10,13.76,104.14,1,27,10
2024-04-20,Hamidia Hospital,13,5,1,0,4,4,17.69,73.85,3,15,11
2024-04-20,Hamidia Hospital,14,5,1,0,4,6,15.67,113.28,2,3,10
2024-04-20,Hamidia Hospital,15,5,1,0,4,13,14.02,148.45,5,9,14
2024-04-20,Hamidia Hospital,16,5,1,0,4,6,22.4,135.32,3,6,12
2024-04-20,Hamidia Hospital,17,5,1,0,4,9,15.96,209.42,1,23,4
2024-04-20,Bansal Hospital,9,5,1,0,4,6,15.13,88.2,6,11,14
2024-04-20,Bansal Hospital,10,5,1,0,4,6,16.95,110.06,6,25,19
2024-04-20,Bansal Hospital,11,5,1,0,4,9,9.28,75.45,4,30,6
2024-04-20,Bansal Hospital,12,5,1,0,4,13,19.79,297.78,9,14,12
2024-04-20,Bansal Hospital,13,5,1,0,4,9,18.03,182.22,8,14,1
2024-04-20,Bansal Hospital,14,5,1,0,4,7,11.3,67.86,6,10,18
2024-04-20,Bansal Hospital,15,5,1,0,4,9,21.11,201.21,1,24,11
2024-04-20,Bansal Hospital,16,5,1,0,4,14,19.17,223.53,13,15,19
2024-04-20,Bansal Hospital,17,5,1,0,4,15,17.37,337.45,2,18,18
2024-04-20,Chirayu Medical College,9,5,1,0,4,8,18.88,150.14,8,3,16
2024-04-20,Chirayu Medical College,10,5,1,0,4,11,14.8,153.24,6,25,9
2024-04-20,Chirayu Medical College,11,5,1,0,4,14,20.24,144.29,6,21,6
2024-04-20,Chirayu Medical College,12,5,1,0,4,11,9.22,107.56,7,30,11
2024-04-20,Chirayu Medical College,13,5,1,0,4,2,11.46,20.81,1,18,17
2024-04-20,Chirayu Medical College,14,5,1,0,4,7,9.81,77.71,6,8,14
2024-04-20,Chirayu Medical College,15,5,1,0,4,6,8.54,42.03,4,3,4
2024-04-20,Chirayu Medical College,16,5,1,0,4,15,16.73,160.75,2,6,17
2024-04-20,Chirayu Medical College,17,5,1,0,4,12,7.02,81.57,12,6,0
2024-04-20,People's Hospital,9,5,1,0,4,9,14.7,133.17,2,21,8
2024-04-20,People's Hospital,10,5,1,0,4,5,15.59,72.6,4,4,1
2024-04-20,People's Hospital,11,5,1,0,4,10,19.7,195.49,7,24,5
2024-04-20,People's Hospital,12,5,1,0,4,14,24.1,360.78,13,24,16
2024-04-20,People's Hospital,13,5,1,0,4,9,10.46,98.96,8,28,1
2024-04-20,People's Hospital,14,5,1,0,4,4,14.08,71.12,2,25,12
2024-04-20,People's Hospital,15,5,1,0,4,14,21.94,419.96,2,21,10
2024-04-20,People's Hospital,16,5,1,0,4,15,10.86,118.09,10,15,9
2024-04-20,People's Hospital,17,5,1,0,4,12,19.58,244.51,4,23,10
2024-04-20,Bhopal Memorial Hospital,9,5,1,0,4,11,9.48,127.95,11,6,18
2024-04-20,Bhopal Memorial Hospital,10,5,1,0,4,9,17.21,178.26,2,9,11
2024-04-20,Bhopal Memorial Hospital,11,5,1,0,4,15,15.57,340.26,14,21,14
2024-04-20,Bhopal Memorial Hospital,12,5,1,0,4,10,14.15,92.44,10,8,11
2024-04-20,Bhopal Memorial Hospital,13,5,1,0,4,3,18.58,58.91,2,17,8
2024-04-20,Bhopal Memorial Hospital,14,5,1,0,4,9,11.09,111.16,6,20,3
2024-04-20,Bhopal Memorial Hospital,15,5,1,0,4,15,16.33,262.59,12,18,8
2024-04-20,Bhopal Memorial Hospital,16,5,1,0,4,18,5.0,105.82,16,17,19
2024-04-20,Bhopal Memorial Hospital,17,5,1,0,4,9,6.87,87.34,6,23,17
2024-04-21,AIIMS Bhopal,9,6,1,0,4,10,15.62,178.54,7,22,18
2024-04-21,AIIMS Bhopal,10,6,1,0,4,16,15.03,210.38,5,27,1
2024-04-21,AIIMS Bhopal,11,6,1,0,4,7,13.91,92.89,4,11,13
2024-04-21,AIIMS Bhopal,12,6,1,0,4,6,19.33,149.98,1,21,2
2024-04-21,AIIMS Bhopal,13,6,1,0,4,8,20.09,150.79,4,14,7
2024-04-21,AIIMS Bhopal,14,6,1,0,4,3,15.37,49.68,3,18,17
2024-04-21,AIIMS Bhopal,15,6,1,0,4,8,20.55,176.02,3,19,15
2024-04-21,AIIMS Bhopal,16,6,1,0,4,14,15.4,253.91,6,8,13
2024-04-21,AIIMS Bhopal,17,6,1,0,4,7,20.1,153.2,3,27,17
2024-04-21,Hamidia Hospital,9,6,1,0,4,13,14.89,239.47,2,8,17
2024-04-21,Hamidia Hospital,10,6,1,0,4,9,8.55,94.25,4,12,11
2024-04-21,Hamidia Hospital,11,6,1,0,4,7,10.03,75.65,2,28,4
2024-04-21,Hamidia Hospital,12,6,1,0,4,7,13.54,91.02,6,17,16
2024-04-21,Hamidia Hospital,13,6,1,0,4,8,10.24,114.57,4,21,8
2024-04-21,Hamidia Hospital,14,6,1,0,4,9,10.28,114.76,1,13,10
2024-04-21,Hamidia Hospital,15,6,1,0,4,13,13.35,135.61,8,27,18
2024-04-21,Hamidia Hospital,16,6,1,0,4,7,12.39,89.73,2,24,9
2024-04-21,Hamidia Hospital,17,6,1,0,4,8,13.88,129.48,6,10,16
2024-04-21,Bansal Hospital,9,6,1,0,4,6,18.25,117.73,3,4,18
2024-04-21,Bansal Hospital,10,6,1,0,4,9,18.59,145.47,1,22,8
2024-04-21,Bansal Hospital,11,6,1,0,4,18,21.87,423.59,13,21,11
2024-04-21,Bansal Hospital,12,6,1,0,4,13,7.32,48.83,3,22,8
2024-04-21,Bansal Hospital,13,6,1,0,4,5,15.57,84.68,5,15,14
2024-04-21,Bansal Hospital,14,6,1,0,4,2,16.73,25.67,2,3,12
2024-04-21,Bansal Hospital,15,6,1,0,4,9,16.26,211.89,5,11,3
2024-04-21,Bansal Hospital,16,6,1,0,4,6,15.33,85.3,3,7,15
2024-04-21,Bansal Hospital,17,6,1,0,4,13,14.83,217.96,5,29,18
2024-04-21,Chirayu Medical College,9,6,1,0,4,7,22.56,210.34,1,30,16
2024-04-21,Chirayu Medical College,10,6,1,0,4,7,6.81,47.07,5,16,19
2024-04-21,Chirayu Medical College,11,6,1,0,4,7,15.52,120.96,7,30,18
2024-04-21,Chirayu Medical College,12,6,1,0,4,9,7.72,96.54,6,9,16
2024-04-21,Chirayu Medical College,13,6,1,0,4,7,17.41,73.08,1,6,2
2024-04-21,Chirayu Medical College,14,6,1,0,4,7,14.77,97.79,2,12,14
2024-04-21,Chirayu Medical College,15,6,1,0,4,11,10.45,135.07,7,12,5
2024-04-21,Chirayu Medical College,16,6,1,0,4,15,17.9,362.15,6,13,9
2024-04-21,Chirayu Medical College,17,6,1,0,4,12,15.32,183.66,3,6,7
2024-04-21,People's Hospital,9,6,1,0,4,10,13.19,86.64,10,25,5
2024-04-21,People's Hospital,10,6,1,0,4,9,12.32,86.2,1,18,2
2024-04-21,People's Hospital,11,6,1,0,4,16,15.08,281.65,9,15,12
2024-04-21,People's Hospital,12,6,1,0,4,5,21.27,87.56,3,29,8
2024-04-21,People's Hospital,13,6,1,0,4,9,12.47,79.31,1,16,1
2024-04-21,People's Hospital,14,6,1,0,4,6,19.37,103.55,1,4,14
2024-04-21,People's Hospital,15,6,1,0,4,11,17.02,202.48,3,5,8
2024-04-21,People's Hospital,16,6,1,0,4,7,14.99,104.32,2,8,9
2024-04-21,People's Hospital,17,6,1,0,4,6,10.97,66.87,4,19,1
2024-04-21,Bhopal Memorial Hospital,9,6,1,0,4,10,9.56,106.62,2,19,10
2024-04-21,Bhopal Memorial Hospital,10,6,1,0,4,11,17.02,205.48,4,16,12
2024-04-21,Bhopal Memorial Hospital,11,6,1,0,4,14,14.92,202.4,9,13,19
2024-04-21,Bhopal Memorial Hospital,12,6,1,0,4,6,12.98,92.46,3,20,3
2024-04-21,Bhopal Memorial Hospital,13,6,1,0,4,9,13.9,115.98,6,26,15
2024-04-21,Bhopal Memorial Hospital,14,6,1,0,4,10,15.67,166.36,6,8,9
2024-04-21,Bhopal Memorial Hospital,15,6,1,0,4,7,18.53,171.46,7,6,3
2024-04-21,Bhopal Memorial Hospital,16,6,1,0,4,13,17.83,283.61,10,11,16
2024-04-21,Bhopal Memorial Hospital,17,6,1,0,4,6,14.18,98.57,1,9,16
2024-04-22,AIIMS Bhopal,9,0,0,1,4,26,13.6,286.93,19,21,6
2024-04-22,AIIMS Bhopal,10,0,0,1,4,19,14.48,307.7,11,7,0
2024-04-22,AIIMS Bhopal,11,0,0,1,4,19,18.53,237.15,1,6,14
2024-04-22,AIIMS Bhopal,12,0,0,1,4,23,16.77,357.49,20,19,9
2024-04-22,AIIMS Bhopal,13,0,0,1,4,16,5.0,97.52,13,15,11
2024-04-22,AIIMS Bhopal,14,0,0,1,4,16,9.1,133.48,5,17,5
2024-04-22,AIIMS Bhopal,15,0,0,1,4,15,15.07,270.61,15,24,10
2024-04-22,AIIMS Bhopal,16,0,0,1,4,19,17.96,310.56,9,25,18
2024-04-22,AIIMS Bhopal,17,0,0,1,4,15,25.43,376.62,4,28,4
2024-04-22,Hamidia Hospital,9,0,0,1,4,15,14.16,208.79,2,6,6
2024-04-22,Hamidia Hospital,10,0,0,1,4,15,6.77,96.95,4,6,11
2024-04-22,Hamidia Hospital,11,0,0,1,4,36,17.35,488.79,11,10,9
2024-04-22,Hamidia Hospital,12,0,0,1,4,18,6.01,94.7,1,26,4
2024-04-22,Hamidia Hospital,13,0,0,1,4,11,21.02,167.02,5,15,5
2024-04-22,Hamidia Hospital,14,0,0,1,4,19,13.37,257.04,8,27,5
2024-04-22,Hamidia Hospital,15,0,0,1,4,11,18.47,202.01,5,8,7
2024-04-22,Hamidia Hospital,16,0,0,1,4,45,8.63,452.43,29,18,12
2024-04-22,Hamidia Hospital,17,0,0,1,4,11,14.2,171.74,4,23,18
2024-04-22,Bansal Hospital,9,0,0,1,4,35,8.75,310.01,28,25,12
2024-04-22,Bansal Hospital,10,0,0,1,4,41,11.55,712.68,32,18,4
2024-04-22,Bansal Hospital,11,0,0,1,4,18,20.62,397.71,6,28,9
2024-04-22,Bansal Hospital,12,0,0,1,4,12,22.5,283.09,12,4,11
2024-04-22,Bansal Hospital,13,0,0,1,4,9,20.94,195.07,8,7,9
2024-04-22,Bansal Hospital,14,0,0,1,4,21,15.73,296.43,9,8,13
2024-04-22,Bansal Hospital,15,0,0,1,4,26,14.64,407.7,24,28,17
2024-04-22,Bansal Hospital,16,0,0,1,4,24,11.16,233.66,14,27,7
2024-04-22,Bansal Hospital,17,0,0,1,4,35,13.92,543.93,7,28,17
2024-04-22,Chirayu Medical College,9,0,0,1,4,18,16.34,226.48,7,15,6
2024-04-22,Chirayu Medical College,10,0,0,1,4,23,15.75,283.07,21,16,16
2024-04-22,Chirayu Medical College,11,0,0,1,4,14,5.0,75.51,1,11,5
2024-04-22,Chirayu Medical College,12,0,0,1,4,21,9.69,275.63,21,10,2
2024-04-22,Chirayu Medical College,13,0,0,1,4,23,12.12,243.62,8,5,2
2024-04-22,Chirayu Medical College,14,0,0,1,4,20,12.77,193.07,3,23,6
2024-04-22,Chirayu Medical College,15,0,0,1,4,25,15.02,493.25,24,4,11
2024-04-22,Chirayu Medical College,16,0,0,1,4,14,19.55,129.93,11,3,15
2024-04-22,Chirayu Medical College,17,0,0,1,4,32,10.47,410.92,20,21,9
2024-04-22,People's Hospital,9,0,0,1,4,28,16.19,532.43,13,19,13
2024-04-22,People's Hospital,10,0,0,1,4,37,16.08,627.28,35,3,10
2024-04-22,People's Hospital,11,0,0,1,4,33,21.25,809.55,17,20,8
2024-04-22,People's Hospital,12,0,0,1,4,26,14.57,424.62,12,21,10
2024-04-22,People's Hospital,13,0,0,1,4,17,20.94,433.73,7,25,1
2024-04-22,People's Hospital,14,0,0,1,4,17,12.17,181.92,4,21,13
2024-04-22,People's Hospital,15,0,0,1,4,19,12.98,207.81,4,3,19
2024-04-22,People's Hospital,16,0,0,1,4,37,11.34,420.47,15,30,13
2024-04-22,People's Hospital,17,0,0,1,4,21,11.94,277.93,20,3,10
2024-04-22,Bhopal Memorial Hospital,9,0,0,1,4,11,14.95,202.65,8,7,4
2024-04-22,Bhopal Memorial Hospital,10,0,0,1,4,27,14.72,480.08,23,18,16
2024-04-22,Bhopal Memorial Hospital,11,0,0,1,4,39,21.81,535.7,13,29,5
2024-04-22,Bhopal Memorial Hospital,12,0,0,1,4,19,11.64,179.92,5,19,2
2024-04-22,Bhopal Memorial Hospital,13,0,0,1,4,21,21.54,514.38,17,29,19
2024-04-22,Bhopal Memorial Hospital,14,0,0,1,4,14,10.2,187.96,11,17,10
2024-04-22,Bhopal Memorial Hospital,15,0,0,1,4,16,16.94,263.26,6,17,10
2024-04-22,Bhopal Memorial Hospital,16,0,0,1,4,37,15.29,788.52,14,5,2
2024-04-22,Bhopal Memorial Hospital,17,0,0,1,4,23,7.21,114.83,8,6,0
2024-04-23,AIIMS Bhopal,9,1,0,0,4,25,12.62,314.66,8,4,13
2024-04-23,AIIMS Bhopal,10,1,0,0,4,23,16.04,273.38,9,24,0
2024-04-23,AIIMS Bhopal,11,1,0,0,4,10,15.87,231.14,2,19,0
2024-04-23,AIIMS Bhopal,12,1,0,0,4,15,14.06,176.85,6,25,2
2024-04-23,AIIMS Bhopal,13,1,0,0,4,6,16.83,95.72,5,7,9
2024-04-23,AIIMS Bhopal,14,1,0,0,4,7,14.76,98.98,1,17,1
2024-04-23,AIIMS Bhopal,15,1,0,0,4,12,5.0,56.41,2,16,17
2024-04-23,AIIMS Bhopal,16,1,0,0,4,29,9.39,256.35,21,9,5
2024-04-23,AIIMS Bhopal,17,1,0,0,4,10,13.92,176.53,8,30,0
2024-04-23,Hamidia Hospital,9,1,0,0,4,14,9.76,76.42,5,9,9
2024-04-23,Hamidia Hospital,10,1,0,0,4,29,14.77,565.57,10,12,4
2024-04-23,Hamidia Hospital,11,1,0,0,4,14,18.65,274.37,14,4,0
2024-04-23,Hamidia Hospital,12,1,0,0,4,17,15.14,254.68,1,23,9
2024-04-23,Hamidia Hospital,13,1,0,0,4,7,15.92,126.88,3,13,14
2024-04-23,Hamidia Hospital,14,1,0,0,4,11,19.28,262.38,3,24,4
2024-04-23,Hamidia Hospital,15,1,0,0,4,15,11.91,159.49,13,30,14
2024-04-23,Hamidia Hospital,16,1,0,0,4,15,12.44,150.55,13,27,2
2024-04-23,Hamidia Hospital,17,1,0,0,4,24,16.7,297.71,18,21,17
2024-04-23,Bansal Hospital,9,1,0,0,4,23,13.12,173.54,15,18,13
2024-04-23,Bansal Hospital,10,1,0,0,4,29,14.19,228.26,28,5,6
2024-04-23,Bansal Hospital,11,1,0,0,4,31,9.2,295.4,5,28,6
2024-04-23,Bansal Hospital,12,1,0,0,4,25,24.19,766.95,8,22,14
2024-04-23,Bansal Hospital,13,1,0,0,4,9,19.59,187.2,4,4,8
2024-04-23,Bansal Hospital,14,1,0,0,4,13,17.27,247.45,6,26,16
2024-04-23,Bansal Hospital,15,1,0,0,4,21,21.57,382.24,3,23,14
2024-04-23,Bansal Hospital,16,1,0,0,4,19,14.05,332.15,1,18,18
2024-04-23,Bansal Hospital,17,1,0,0,4,20,16.16,220.67,2,10,3
2024-04-23,Chirayu Medical College,9,1,0,0,4,19,20.16,285.92,17,13,19
2024-04-23,Chirayu Medical College,10,1,0,0,4,18,16.58,282.89,18,23,10
2024-04-23,Chirayu Medical College,11,1,0,0,4,19,11.64,161.09,2,14,8
2024-04-23,Chirayu Medical College,12,1,0,0,4,17,9.5,128.8,6,17,2
2024-04-23,Chirayu Medical College,13,1,0,0,4,12,14.9,264.43,4,19,10
2024-04-23,Chirayu Medical College,14,1,0,0,4,14,15.41,212.39,1,26,14
2024-04-23,Chirayu Medical College,15,1,0,0,4,10,15.29,132.8,9,24,8
2024-04-23,Chirayu Medical College,16,1,0,0,4,16,22.99,420.99,12,24,11
2024-04-23,Chirayu Medical College,17,1,0,0,4,18,15.22,191.96,9,12,1
2024-04-23,People's Hospital,9,1,0,0,4,22,15.5,188.53,19,24,13
2024-04-23,People's Hospital,10,1,0,0,4,28,5.0,154.66,28,19,17
2024-04-23,People's Hospital,11,1,0,0,4,16,9.74,103.44,5,28,3
2024-04-23,People's Hospital,12,1,0,0,4,9,14.73,103.39,3,24,0
2024-04-23,People's Hospital,13,1,0,0,4,11,21.66,249.09,5,18,2
2024-04-23,People's Hospital,14,1,0,0,4,7,15.67,91.74,1,25,14
2024-04-23,People's Hospital,15,1,0,0,4,19,12.57,187.11,1,11,3
2024-04-23,People's Hospital,16,1,0,0,4,10,26.13,216.64,9,16,13
2024-04-23,People's Hospital,17,1,0,0,4,23,18.63,472.28,9,7,13
2024-04-23,Bhopal Memorial Hospital,9,1,0,0,4,12,15.42,153.93,8,4,8
2024-04-23,Bhopal Memorial Hospital,10,1,0,0,4,32,13.58,452.9,2,6,16
2024-04-23,Bhopal Memorial Hospital,11,1,0,0,4,28,14.35,404.58,8,8,10
2024-04-23,Bhopal Memorial Hospital,12,1,0,0,4,22,16.02,245.64,22,12,7
2024-04-23,Bhopal Memorial Hospital,13,1,0,0,4,5,12.91,66.1,4,24,13
2024-04-23,Bhopal Memorial Hospital,14,1,0,0,4,16,9.96,141.52,16,24,8
2024-04-23,Bhopal Memorial Hospital,15,1,0,0,4,9,15.17,97.57,1,11,7
2024-04-23,Bhopal Memorial Hospital,16,1,0,0,4,31,22.16,660.11,15,22,19
2024-04-23,Bhopal Memorial Hospital,17,1,0,0,4,24,19.77,424.26,9,15,18
2024-04-24,AIIMS Bhopal,9,2,0,0,4,13,14.82,200.69,9,6,3
2024-04-24,AIIMS Bhopal,10,2,0,0,4,18,19.46,380.79,10,10,4
2024-04-24,AIIMS Bhopal,11,2,0,0,4,19,17.71,362.97,12,25,12
2024-04-24,AIIMS Bhopal,12,2,0,0,4,19,20.77,474.07,6,17,11
2024-04-24,AIIMS Bhopal,13,2,0,0,4,7,18.63,112.65,1,10,8
2024-04-24,AIIMS Bhopal,14,2,0,0,4,10,18.65,162.91,4,26,4
2024-04-24,AIIMS Bhopal,15,2,0,0,4,19,20.53,298.88,16,12,0
2024-04-24,AIIMS Bhopal,16,2,0,0,4,23,15.54,395.23,3,23,4
2024-04-24,AIIMS Bhopal,17,2,0,0,4,14,20.3,358.14,5,6,2
2024-04-24,Hamidia Hospital,9,2,0,0,4,11,7.46,61.95,1,23,4
2024-04-24,Hamidia Hospital,10,2,0,0,4,10,11.64,134.94,4,26,12
2024-04-24,Hamidia Hospital,11,2,0,0,4,18,15.98,292.5,5,8,2
2024-04-24,Hamidia Hospital,12,2,0,0,4,17,14.46,316.55,14,28,14
2024-04-24,Hamidia Hospital,13,2,0,0,4,10,14.96,121.05,4,20,8
2024-04-24,Hamidia Hospital,14,2,0,0,4,8,13.31,126.94,2,29,13
2024-04-24,Hamidia Hospital,15,2,0,0,4,11,18.37,194.1,10,21,19
2024-04-24,Hamidia Hospital,16,2,0,0,4,22,14.72,359.38,3,20,8
2024-04-24,Hamidia Hospital,17,2,0,0,4,18,13.3,286.74,11,20,4
2024-04-24,Bansal Hospital,9,2,0,0,4,20,8.73,164.21,20,14,1
2024-04-24,Bansal Hospital,10,2,0,0,4,32,21.13,839.9,20,4,5
2024-04-24,Bansal Hospital,11,2,0,0,4,18,17.47,357.66,12,21,7
2024-04-24,Bansal Hospital,12,2,0,0,4,19,8.86,164.75,11,23,5
2024-04-24,Bansal Hospital,13,2,0,0,4,16,11.4,178.74,16,13,1
2024-04-24,Bansal Hospital,14,2,0,0,4,16,13.99,171.71,15,28,6
2024-04-24,Bansal Hospital,15,2,0,0,4,19,14.59,374.98,10,7,11
2024-04-24,Bansal Hospital,16,2,0,0,4,16,13.82,288.52,16,18,15
2024-04-24,Bansal Hospital,17,2,0,0,4,16,13.07,298.64,13,11,18
2024-04-24,Chirayu Medical College,9,2,0,0,4,15,19.13,299.71,13,4,1
2024-04-24,Chirayu Medical College,10,2,0,0,4,27,20.18,552.5,17,7,12
2024-04-24,Chirayu Medical College,11,2,0,0,4,22,13.01,277.74,22,17,11
2024-04-24,Chirayu Medical College,12,2,0,0,4,19,16.51,244.15,19,10,17
2024-04-24,Chirayu Medical College,13,2,0,0,4,13,21.57,216.29,11,28,12
2024-04-24,Chirayu Medical College,14,2,0,0,4,5,13.1,61.91,1,30,8
2024-04-24,Chirayu Medical College,15,2,0,0,4,8,7.23,62.48,5,28,11
2024-04-24,Chirayu Medical College,16,2,0,0,4,18,14.05,243.77,14,4,18
2024-04-24,Chirayu Medical College,17,2,0,0,4,15,18.57,339.68,5,17,0
2024-04-24,People's Hospital,9,2,0,0,4,22,11.29,228.99,5,14,3
2024-04-24,People's Hospital,10,2,0,0,4,29,14.4,458.95,13,27,1
2024-04-24,People's Hospital,11,2,0,0,4,18,15.94,301.65,8,26,18
2024-04-24,People's Hospital,12,2,0,0,4,17,15.12,330.06,17,19,8
2024-04-24,People's Hospital,13,2,0,0,4,11,19.11,192.4,10,14,4
2024-04-24,People's Hospital,14,2,0,0,4,10,8.69,100.37,8,21,8
2024-04-24,People's Hospital,15,2,0,0,4,21,14.45,249.21,10,22,11
2024-04-24,People's Hospital,16,2,0,0,4,24,18.58,324.83,4,8,14
2024-04-24,People's Hospital,17,2,0,0,4,14,14.29,153.96,14,12,4
2024-04-24,Bhopal Memorial Hospital,9,2,0,0,4,22,14.36,239.11,5,30,4
2024-04-24,Bhopal Memorial Hospital,10,2,0,0,4,20,16.94,315.62,20,9,12
2024-04-24,Bhopal Memorial Hospital,11,2,0,0,4,15,13.16,200.22,7,29,8
2024-04-24,Bhopal Memorial Hospital,12,2,0,0,4,8,15.33,103.01,1,11,12
2024-04-24,Bhopal Memorial Hospital,13,2,0,0,4,12,14.06,155.46,3,20,12
2024-04-24,Bhopal Memorial Hospital,14,2,0,0,4,10,5.0,49.27,1,14,0
2024-04-24,Bhopal Memorial Hospital,15,2,0,0,4,12,13.09,102.3,9,25,19
2024-04-24,Bhopal Memorial Hospital,16,2,0,0,4,16,21.71,375.7,10,24,10
2024-04-24,Bhopal Memorial Hospital,17,2,0,0,4,19,19.68,532.14,17,25,4
2024-04-25,AIIMS Bhopal,9,3,0,0,4,22,16.6,211.23,16,18,8
2024-04-25,AIIMS Bhopal,10,3,0,0,4,16,15.75,285.24,9,9,7
2024-04-25,AIIMS Bhopal,11,3,0,0,4,28,17.45,649.74,23,17,16
2024-04-25,AIIMS Bhopal,12,3,0,0,4,14,9.66,106.18,10,8,2
2024-04-25,AIIMS Bhopal,13,3,0,0,4,13,15.45,205.13,7,3,15
2024-04-25,AIIMS Bhopal,14,3,0,0,4,15,15.06,209.02,4,23,8
2024-04-25,AIIMS Bhopal,15,3,0,0,4,24,8.84,269.56,22,28,12
2024-04-25,AIIMS Bhopal,16,3,0,0,4,23,15.98,451.71,12,14,15
2024-04-25,AIIMS Bhopal,17,3,0,0,4,15,15.71,242.62,3,3,17
2024-04-25,Hamidia Hospital,9,3,0,0,4,25,16.74,518.78,8,3,18
2024-04-25,Hamidia Hospital,10,3,0,0,4,24,20.29,530.45,8,17,14
2024-04-25,Hamidia Hospital,11,3,0,0,4,19,16.67,337.22,16,9,8
2024-04-25,Hamidia Hospital,12,3,0,0,4,10,14.76,112.02,1,27,5
2024-04-25,Hamidia Hospital,13,3,0,0,4,15,8.27,48.38,10,23,0
2024-04-25,Hamidia Hospital,14,3,0,0,4,16,17.96,345.52,1,3,19
2024-04-25,Hamidia Hospital,15,3,0,0,4,9,12.57,115.6,9,23,15
2024-04-25,Hamidia Hospital,16,3,0,0,4,13,21.63,183.66,2,19,18
2024-04-25,Hamidia Hospital,17,3,0,0,4,16,13.28,238.59,11,21,13
2024-04-25,Bansal Hospital,9,3,0,0,4,9,16.86,167.05,6,28,19
2024-04-25,Bansal Hospital,10,3,0,0,4,31,13.28,215.91,4,17,11
2024-04-25,Bansal Hospital,11,3,0,0,4,28,15.24,406.48,6,9,0
2024-04-25,Bansal Hospital,12,3,0,0,4,25,13.65,337.52,14,30,0
2024-04-25,Bansal Hospital,13,3,0,0,4,11,19.15,193.0,1,8,8
2024-04-25,Bansal Hospital,14,3,0,0,4,7,23.78,141.09,1,17,16
2024-04-25,Bansal Hospital,15,3,0,0,4,25,9.87,279.87,17,25,15
2024-04-25,Bansal Hospital,16,3,0,0,4,23,12.31,342.56,1,21,10
2024-04-25,Bansal Hospital,17,3,0,0,4,11,14.61,169.68,10,29,14
2024-04-25,Chirayu Medical College,9,3,0,0,4,13,18.24,209.67,10,12,12
2024-04-25,Chirayu Medical College,10,3,0,0,4,15,10.55,170.91,6,6,17
2024-04-25,Chirayu Medical College,11,3,0,0,4,14,13.55,246.13,1,12,7
2024-04-25,Chirayu Medical College,12,3,0,0,4,25,14.25,460.26,2,24,8
2024-04-25,Chirayu Medical College,13,3,0,0,4,14,17.8,295.04,7,11,6
2024-04-25,Chirayu Medical College,14,3,0,0,4,11,12.88,130.05,10,12,3
2024-04-25,Chirayu Medical College,15,3,0,0,4,21,16.92,198.68,13,17,8
2024-04-25,Chirayu Medical College,16,3,0,0,4,11,7.08,89.76,9,24,13
2024-04-25,Chirayu Medical College,17,3,0,0,4,24,14.29,206.2,23,29,11
2024-04-25,People's Hospital,9,3,0,0,4,25,13.74,393.76,3,27,2
2024-04-25,People's Hospital,10,3,0,0,4,11,9.22,124.09,7,17,4
2024-04-25,People's Hospital,11,3,0,0,4,27,14.57,426.73,15,22,7
2024-04-25,People's Hospital,12,3,0,0,4,22,6.79,134.39,7,17,15
2024-04-25,People's Hospital,13,3,0,0,4,6,17.12,108.07,5,9,3
2024-04-25,People's Hospital,14,3,0,0,4,14,14.78,168.1,11,22,16
2024-04-25,People's Hospital,15,3,0,0,4,12,17.77,198.49,4,17,17
2024-04-25,People's Hospital,16,3,0,0,4,10,14.96,151.82,1,18,18
2024-04-25,People's Hospital,17,3,0,0,4,14,13.85,203.23,9,29,14
2024-04-25,Bhopal Memorial Hospital,9,3,0,0,4,19,10.86,239.93,14,25,18
2024-04-25,Bhopal Memorial Hospital,10,3,0,0,4,15,15.33,142.88,13,27,7
2024-04-25,Bhopal Memorial Hospital,11,3,0,0,4,16,12.32,202.16,11,27,15
2024-04-25,Bhopal Memorial Hospital,12,3,0,0,4,11,17.51,222.29,8,8,2
2024-04-25,Bhopal Memorial Hospital,13,3,0,0,4,8,15.24,119.98,6,17,16
2024-04-25,Bhopal Memorial Hospital,14,3,0,0,4,13,15.46,181.7,4,7,9
2024-04-25,Bhopal Memorial Hospital,15,3,0,0,4,13,12.87,195.22,1,3,18
2024-04-25,Bhopal Memorial Hospital,16,3,0,0,4,32,16.69,329.35,22,18,17
2024-04-25,Bhopal Memorial Hospital,17,3,0,0,4,14,10.44,168.15,12,9,0
2024-04-26,AIIMS Bhopal,9,4,0,0,4,14,17.58,223.63,14,10,12
2024-04-26,AIIMS Bhopal,10,4,0,0,4,23,13.83,290.98,17,13,13
2024-04-26,AIIMS Bhopal,11,4,0,0,4,32,14.11,639.99,29,30,14
2024-04-26,AIIMS Bhopal,12,4,0,0,4,8,14.38,73.86,7,4,0
2024-04-26,AIIMS Bhopal,13,4,0,0,4,16,14.45,275.86,9,28,7
2024-04-26,AIIMS Bhopal,14,4,0,0,4,10,15.7,151.29,1,28,8
2024-04-26,AIIMS Bhopal,15,4,0,0,4,10,14.25,100.94,5,12,6
2024-04-26,AIIMS Bhopal,16,4,0,0,4,26,13.46,339.21,24,23,12
2024-04-26,AIIMS Bhopal,17,4,0,0,4,15,8.77,130.63,7,8,2
2024-04-26,Hamidia Hospital,9,4,0,0,4,19,19.89,303.44,10,29,0
2024-04-26,Hamidia Hospital,10,4,0,0,4,23,14.88,408.51,17,16,13
2024-04-26,Hamidia Hospital,11,4,0,0,4,14,11.72,160.11,9,26,15
2024-04-26,Hamidia Hospital,12,4,0,0,4,17,17.23,307.57,17,14,7
2024-04-26,Hamidia Hospital,13,4,0,0,4,7,14.97,138.52,5,19,16
2024-04-26,Hamidia Hospital,14,4,0,0,4,16,16.27,291.67,9,24,18
2024-04-26,Hamidia Hospital,15,4,0,0,4,13,17.06,234.77,4,25,7
2024-04-26,Hamidia Hospital,16,4,0,0,4,31,20.88,503.56,6,6,10
2024-04-26,Hamidia Hospital,17,4,0,0,4,8,21.17,174.07,2,9,4
2024-04-26,Bansal Hospital,9,4,0,0,4,8,14.22,131.34,5,27,11
2024-04-26,Bansal Hospital,10,4,0,0,4,27,8.18,243.61,3,14,8
2024-04-26,Bansal Hospital,11,4,0,0,4,14,14.55,158.42,12,15,12
2024-04-26,Bansal Hospital,12,4,0,0,4,8,13.8,132.35,4,21,2
2024-04-26,Bansal Hospital,13,4,0,0,4,7,8.97,76.2,3,14,14
2024-04-26,Bansal Hospital,14,4,0,0,4,14,7.98,113.75,11,17,12
2024-04-26,Bansal Hospital,15,4,0,0,4,19,17.59,236.71,13,15,8
2024-04-26,Bansal Hospital,16,4,0,0,4,29,16.22,465.43,12,7,0
2024-04-26,Bansal Hospital,17,4,0,0,4,24,10.64,152.14,21,7,18
2024-04-26,Chirayu Medical College,9,4,0,0,4,21,11.92,346.17,6,5,15
2024-04-26,Chirayu Medical College,10,4,0,0,4,24,19.83,523.07,18,19,15
2024-04-26,Chirayu Medical College,11,4,0,0,4,31,18.4,679.3,16,7,14
2024-04-26,Chirayu Medical College,12,4,0,0,4,19,14.02,307.26,6,3,13
2024-04-26,Chirayu Medical College,13,4,0,0,4,7,13.04,69.87,6,4,13
2024-04-26,Chirayu Medical College,14,4,0,0,4,9,10.9,84.42,4,23,16
2024-04-26,Chirayu Medical College,15,4,0,0,4,21,15.7,278.09,2,15,15
2024-04-26,Chirayu Medical College,16,4,0,0,4,15,12.3,253.31,7,9,18
2024-04-26,Chirayu Medical College,17,4,0,0,4,9,15.19,185.77,2,11,7
2024-04-26,People's Hospital,9,4,0,0,4,9,16.73,185.97,4,21,7
2024-04-26,People's Hospital,10,4,0,0,4,19,18.67,218.22,4,6,16
2024-04-26,People's Hospital,11,4,0,0,4,20,13.02,214.45,9,19,17
2024-04-26,People's Hospital,12,4,0,0,4,18,12.41,267.01,12,7,9
2024-04-26,People's Hospital,13,4,0,0,4,13,17.28,261.46,6,5,8
2024-04-26,People's Hospital,14,4,0,0,4,9,11.23,112.85,5,14,14
2024-04-26,People's Hospital,15,4,0,0,4,24,15.38,396.89,15,21,17
2024-04-26,People's Hospital,16,4,0,0,4,18,12.41,183.42,3,24,7
2024-04-26,People's Hospital,17,4,0,0,4,18,12.65,264.98,14,22,13
2024-04-26,Bhopal Memorial Hospital,9,4,0,0,4,15,13.51,179.89,14,20,18
2024-04-26,Bhopal Memorial Hospital,10,4,0,0,4,24,13.38,218.26,14,24,8
2024-04-26,Bhopal Memorial Hospital,11,4,0,0,4,13,10.18,139.73,3,13,12
2024-04-26,Bhopal Memorial Hospital,12,4,0,0,4,9,13.09,87.95,2,27,13
2024-04-26,Bhopal Memorial Hospital,13,4,0,0,4,8,14.64,141.63,5,23,15
2024-04-26,Bhopal Memorial Hospital,14,4,0,0,4,14,14.3,176.97,4,15,17
2024-04-26,Bhopal Memorial Hospital,15,4,0,0,4,17,18.17,366.26,12,29,3
2024-04-26,Bhopal Memorial Hospital,16,4,0,0,4,29,19.32,534.2,14,18,18
2024-04-26,Bhopal Memorial Hospital,17,4,0,0,4,9,21.91,240.72,3,23,15
2024-04-27,AIIMS Bhopal,9,5,1,0,4,6,13.92,79.9,5,13,4
2024-04-27,AIIMS Bhopal,10,5,1,0,4,5,18.79,137.26,4,8,3
2024-04-27,AIIMS Bhopal,11,5,1,0,4,9,20.64,237.65,6,23,2
2024-04-27,AIIMS Bhopal,12,5,1,0,4,5,9.29,31.62,4,8,9
2024-04-27,AIIMS Bhopal,13,5,1,0,4,6,12.8,81.63,1,6,12
2024-04-27,AIIMS Bhopal,14,5,1,0,4,7,12.51,93.1,7,10,19
2024-04-27,AIIMS Bhopal,15,5,1,0,4,8,18.72,147.17,3,12,6
2024-04-27,AIIMS Bhopal,16,5,1,0,4,9,12.38,124.55,9,5,8
2024-04-27,AIIMS Bhopal,17,5,1,0,4,4,15.54,79.93,3,13,19
2024-04-27,Hamidia Hospital,9,5,1,0,4,14,15.77,207.02,5,8,1
2024-04-27,Hamidia Hospital,10,5,1,0,4,9,18.67,140.55,4,27,11
2024-04-27,Hamidia Hospital,11,5,1,0,4,6,11.17,68.01,6,22,6
2024-04-27,Hamidia Hospital,12,5,1,0,4,9,19.5,160.32,8,3,4
2024-04-27,Hamidia Hospital,13,5,1,0,4,6,14.58,102.2,2,5,0
2024-04-27,Hamidia Hospital,14,5,1,0,4,2,13.24,26.95,1,10,10
2024-04-27,Hamidia Hospital,15,5,1,0,4,9,16.95,146.52,8,18,7
2024-04-27,Hamidia Hospital,16,5,1,0,4,16,11.62,199.29,15,15,2
2024-04-27,Hamidia Hospital,17,5,1,0,4,13,17.62,259.93,4,13,10
2024-04-27,Bansal Hospital,9,5,1,0,4,10,13.22,127.78,8,6,5
2024-04-27,Bansal Hospital,10,5,1,0,4,15,13.43,211.99,15,24,7
2024-04-27,Bansal Hospital,11,5,1,0,4,10,16.58,124.3,3,22,8
2024-04-27,Bansal Hospital,12,5,1,0,4,7,13.74,97.63,2,5,11
2024-04-27,Bansal Hospital,13,5,1,0,4,3,16.66,48.15,2,29,7
2024-04-27,Bansal Hospital,14,5,1,0,4,6,11.12,60.66,4,22,17
2024-04-27,Bansal Hospital,15,5,1,0,4,10,6.57,64.96,8,18,6
2024-04-27,Bansal Hospital,16,5,1,0,4,10,12.88,82.1,2,29,4
2024-04-27,Bansal Hospital,17,5,1,0,4,5,16.62,119.76,5,6,4
2024-04-27,Chirayu Medical College,9,5,1,0,4,13,13.3,194.05,12,28,11
2024-04-27,Chirayu Medical College,10,5,1,0,4,13,6.26,90.09,5,28,5
2024-04-27,Chirayu Medical College,11,5,1,0,4,7,15.43,98.93,6,8,5
2024-04-27,Chirayu Medical College,12,5,1,0,4,5,18.13,66.06,3,22,2
2024-04-27,Chirayu Medical College,13,5,1,0,4,3,18.21,54.86,2,9,12
2024-04-27,Chirayu Medical College,14,5,1,0,4,6,17.85,92.13,3,11,6
2024-04-27,Chirayu Medical College,15,5,1,0,4,7,14.96,77.75,7,16,18
2024-04-27,Chirayu Medical College,16,5,1,0,4,7,14.96,116.91,7,25,0
2024-04-27,Chirayu Medical College,17,5,1,0,4,5,12.78,65.55,4,15,16
2024-04-27,People's Hospital,9,5,1,0,4,9,13.13,141.99,1,30,16
2024-04-27,People's Hospital,10,5,1,0,4,16,18.09,265.52,16,6,1
2024-04-27,People's Hospital,11,5,1,0,4,10,17.52,229.24,4,4,0
2024-04-27,People's Hospital,12,5,1,0,4,5,7.7,29.84,4,9,4
2024-04-27,People's Hospital,13,5,1,0,4,7,7.09,47.87,6,18,14
2024-04-27,People's Hospital,14,5,1,0,4,7,14.19,118.01,4,6,15
2024-04-27,People's Hospital,15,5,1,0,4,7,11.75,77.63,4,23,0
2024-04-27,People's Hospital,16,5,1,0,4,11,13.24,196.54,11,9,7
2024-04-27,People's Hospital,17,5,1,0,4,7,13.24,59.32,3,23,13
2024-04-27,Bhopal Memorial Hospital,9,5,1,0,4,14,13.38,255.2,2,13,9
2024-04-27,Bhopal Memorial Hospital,10,5,1,0,4,15,14.66,180.48,8,13,15
2024-04-27,Bhopal Memorial Hospital,11,5,1,0,4,10,10.37,160.55,2,29,16
2024-04-27,Bhopal Memorial Hospital,12,5,1,0,4,11,20.03,265.07,8,15,18
2024-04-27,Bhopal Memorial Hospital,13,5,1,0,4,8,10.34,106.31,6,21,13
2024-04-27,Bhopal Memorial Hospital,14,5,1,0,4,7,15.15,102.81,7,23,7
2024-04-27,Bhopal Memorial Hospital,15,5,1,0,4,9,11.71,111.29,3,21,12
2024-04-27,Bhopal Memorial Hospital,16,5,1,0,4,11,9.33,99.73,2,3,18
2024-04-27,Bhopal Memorial Hospital,17,5,1,0,4,7,18.37,177.75,3,5,8
2024-04-28,AIIMS Bhopal,9,6,1,0,4,10,9.6,130.26,6,29,6
2024-04-28,AIIMS Bhopal,10,6,1,0,4,16,13.17,187.16,13,16,1
2024-04-28,AIIMS Bhopal,11,6,1,0,4,11,17.02,196.09,7,12,6
2024-04-28,AIIMS Bhopal,12,6,1,0,4,5,18.08,122.5,1,20,2
2024-04-28,AIIMS Bhopal,13,6,1,0,4,6,15.58,82.96,5,20,4
2024-04-28,AIIMS Bhopal,14,6,1,0,4,4,21.92,90.75,3,23,4
2024-04-28,AIIMS Bhopal,15,6,1,0,4,10,19.66,159.9,10,7,5
2024-04-28,AIIMS Bhopal,16,6,1,0,4,14,21.21,316.37,11,24,9
2024-04-28,AIIMS Bhopal,17,6,1,0,4,12,19.09,194.03,1,17,13
2024-04-28,Hamidia Hospital,9,6,1,0,4,10,15.43,164.07,9,17,17
2024-04-28,Hamidia Hospital,10,6,1,0,4,10,11.84,89.3,8,15,14
2024-04-28,Hamidia Hospital,11,6,1,0,4,5,25.44,148.93,5,7,9
2024-04-28,Hamidia Hospital,12,6,1,0,4,10,5.95,79.24,7,22,9
2024-04-28,Hamidia Hospital,13,6,1,0,4,10,16.61,241.42,1,24,18
2024-04-28,Hamidia Hospital,14,6,1,0,4,7,16.01,134.33,2,24,11
2024-04-28,Hamidia Hospital,15,6,1,0,4,4,11.45,44.26,2,13,13
2024-04-28,Hamidia Hospital,16,6,1,0,4,9,8.6,65.53,7,15,18
2024-04-28,Hamidia Hospital,17,6,1,0,4,7,17.16,171.62,2,13,14
2024-04-28,Bansal Hospital,9,6,1,0,4,7,9.36,66.94,3,25,13
2024-04-28,Bansal Hospital,10,6,1,0,4,19,17.32,247.91,6,18,1
2024-04-28,Bansal Hospital,11,6,1,0,4,11,12.44,140.45,11,24,7
2024-04-28,Bansal Hospital,12,6,1,0,4,9,9.72,60.26,7,16,12
2024-04-28,Bansal Hospital,13,6,1,0,4,4,16.76,68.8,3,22,12
2024-04-28,Bansal Hospital,14,6,1,0,4,4,5.0,16.75,4,8,16
2024-04-28,Bansal Hospital,15,6,1,0,4,15,10.05,183.22,9,25,16
2024-04-28,Bansal Hospital,16,6,1,0,4,16,20.18,291.36,6,11,8
2024-04-28,Bansal Hospital,17,6,1,0,4,9,20.15,142.47,6,5,16
2024-04-28,Chirayu Medical College,9,6,1,0,4,12,12.44,131.04,2,10,9
2024-04-28,Chirayu Medical College,10,6,1,0,4,11,19.91,235.43,9,10,7
2024-04-28,Chirayu Medical College,11,6,1,0,4,7,10.18,66.32,1,15,18
2024-04-28,Chirayu Medical College,12,6,1,0,4,8,14.53,140.4,2,28,4
2024-04-28,Chirayu Medical College,13,6,1,0,4,5,10.34,52.14,2,23,19
2024-04-28,Chirayu Medical College,14,6,1,0,4,10,15.61,143.35,3,8,0
2024-04-28,Chirayu Medical College,15,6,1,0,4,6,13.65,86.74,3,8,0
2024-04-28,Chirayu Medical College,16,6,1,0,4,5,12.93,57.78,1,14,4
2024-04-28,Chirayu Medical College,17,6,1,0,4,8,17.36,147.0,7,23,6
2024-04-28,People's Hospital,9,6,1,0,4,6,14.9,91.1,5,8,2
2024-04-28,People's Hospital,10,6,1,0,4,9,12.46,113.51,2,20,19
2024-04-28,People's Hospital,11,6,1,0,4,15,13.94,210.2,2,8,19
2024-04-28,People's Hospital,12,6,1,0,4,11,8.23,66.98,4,6,14
2024-04-28,People's Hospital,13,6,1,0,4,9,12.34,94.22,1,3,0
2024-04-28,People's Hospital,14,6,1,0,4,4,11.83,36.08,1,17,12
2024-04-28,People's Hospital,15,6,1,0,4,10,19.57,127.98,3,12,9
2024-04-28,People's Hospital,16,6,1,0,4,18,15.89,461.58,17,27,15
2024-04-28,People's Hospital,17,6,1,0,4,6,13.92,88.15,3,26,15
2024-04-28,Bhopal Memorial Hospital,9,6,1,0,4,10,13.18,136.97,8,23,1
2024-04-28,Bhopal Memorial Hospital,10,6,1,0,4,19,12.96,253.95,5,20,5
2024-04-28,Bhopal Memorial Hospital,11,6,1,0,4,6,15.74,89.22,5,10,16
2024-04-28,Bhopal Memorial Hospital,12,6,1,0,4,4,18.23,58.88,2,12,18
2024-04-28,Bhopal Memorial Hospital,13,6,1,0,4,4,16.17,72.59,1,15,0
2024-04-28,Bhopal Memorial Hospital,14,6,1,0,4,2,11.18,26.65,1,8,8
2024-04-28,Bhopal Memorial Hospital,15,6,1,0,4,6,12.91,75.0,6,27,11
2024-04-28,Bhopal Memorial Hospital,16,6,1,0,4,9,14.05,102.3,6,7,1
2024-04-28,Bhopal Memorial Hospital,17,6,1,0,4,7,16.66,122.56,4,17,18
2024-04-29,AIIMS Bhopal,9,0,0,1,4,26,14.63,335.17,24,9,5
2024-04-29,AIIMS Bhopal,10,0,0,1,4,36,14.07,507.47,6,15,14
2024-04-29,AIIMS Bhopal,11,0,0,1,4,42,20.53,1061.88,30,28,17
2024-04-29,AIIMS Bhopal,12,0,0,1,4,29,14.18,208.53,1,8,10
2024-04-29,AIIMS Bhopal,13,0,0,1,4,10,12.63,152.31,5,27,5
2024-04-29,AIIMS Bhopal,14,0,0,1,4,20,8.49,190.76,6,8,1
2024-04-29,AIIMS Bhopal,15,0,0,1,4,23,20.26,537.26,11,9,0
2024-04-29,AIIMS Bhopal,16,0,0,1,4,29,15.58,447.22,26,9,2
2024-04-29,AIIMS Bhopal,17,0,0,1,4,33,14.7,522.34,22,3,14
2024-04-29,Hamidia Hospital,9,0,0,1,4,25,15.08,371.79,9,19,10
2024-04-29,Hamidia Hospital,10,0,0,1,4,23,11.06,238.79,16,17,1
2024-04-29,Hamidia Hospital,11,0,0,1,4,27,15.94,330.36,14,17,19
2024-04-29,Hamidia Hospital,12,0,0,1,4,32,15.45,497.95,15,3,14
2024-04-29,Hamidia Hospital,13,0,0,1,4,19,14.53,321.63,2,13,16
2024-04-29,Hamidia Hospital,14,0,0,1,4,14,12.22,220.06,1,5,15
2024-04-29,Hamidia Hospital,15,0,0,1,4,18,10.89,211.37,15,10,4
2024-04-29,Hamidia Hospital,16,0,0,1,4,45,15.35,719.95,45,20,7
2024-04-29,Hamidia Hospital,17,0,0,1,4,16,16.91,272.28,6,5,6
2024-04-29,Bansal Hospital,9,0,0,1,4,22,23.37,551.99,13,20,0
2024-04-29,Bansal Hospital,10,0,0,1,4,18,19.06,282.29,12,3,5
2024-04-29,Bansal Hospital,11,0,0,1,4,29,18.36,556.31,3,24,15
2024-04-29,Bansal Hospital,12,0,0,1,4,22,17.8,321.7,3,26,2
2024-04-29,Bansal Hospital,13,0,0,1,4,21,18.81,418.89,18,14,14
2024-04-29,Bansal Hospital,14,0,0,1,4,20,19.34,335.29,7,23,2
2024-04-29,Bansal Hospital,15,0,0,1,4,18,20.52,289.49,9,29,1
2024-04-29,Bansal Hospital,16,0,0,1,4,39,14.6,414.76,20,23,9
2024-04-29,Bansal Hospital,17,0,0,1,4,35,11.22,221.77,35,24,16
2024-04-29,Chirayu Medical College,9,0,0,1,4,15,7.17,85.27,2,27,8
2024-04-29,Chirayu Medical College,10,0,0,1,4,32,13.51,335.74,26,17,14
2024-04-29,Chirayu Medical College,11,0,0,1,4,37,19.33,605.83,22,7,8
2024-04-29,Chirayu Medical College,12,0,0,1,4,28,14.86,378.76,2,21,4
2024-04-29,Chirayu Medical College,13,0,0,1,4,10,11.75,123.7,2,18,14
2024-04-29,Chirayu Medical College,14,0,0,1,4,8,16.59,143.76,4,20,0
2024-04-29,Chirayu Medical College,15,0,0,1,4,22,13.94,252.13,8,12,14
2024-04-29,Chirayu Medical College,16,0,0,1,4,42,18.03,641.05,9,13,6
2024-04-29,Chirayu Medical College,17,0,0,1,4,16,23.32,433.8,6,20,8
2024-04-29,People's Hospital,9,0,0,1,4,33,10.83,325.53,16,14,16
2024-04-29,People's Hospital,10,0,0,1,4,41,17.02,835.43,11,22,19
2024-04-29,People's Hospital,11,0,0,1,4,24,16.4,517.1,23,18,0
2024-04-29,People's Hospital,12,0,0,1,4,18,14.05,216.03,8,21,16
2024-04-29,People's Hospital,13,0,0,1,4,19,13.67,230.15,17,12,12
2024-04-29,People's Hospital,14,0,0,1,4,16,11.92,184.42,15,10,18
2024-04-29,People's Hospital,15,0,0,1,4,35,15.7,724.61,26,28,11
2024-04-29,People's Hospital,16,0,0,1,4,20,13.65,201.15,18,26,17
2024-04-29,People's Hospital,17,0,0,1,4,29,12.85,308.06,26,7,15
2024-04-29,Bhopal Memorial Hospital,9,0,0,1,4,21,9.37,292.54,8,29,7
2024-04-29,Bhopal Memorial Hospital,10,0,0,1,4,29,22.48,462.71,21,8,1
2024-04-29,Bhopal Memorial Hospital,11,0,0,1,4,19,12.77,259.56,9,27,1
2024-04-29,Bhopal Memorial Hospital,12,0,0,1,4,15,14.39,304.13,2,14,12
2024-04-29,Bhopal Memorial Hospital,13,0,0,1,4,13,14.79,251.04,6,8,13
2024-04-29,Bhopal Memorial Hospital,14,0,0,1,4,13,9.17,144.03,9,20,13
2024-04-29,Bhopal Memorial Hospital,15,0,0,1,4,18,17.0,279.65,15,4,9
2024-04-29,Bhopal Memorial Hospital,16,0,0,1,4,28,14.61,486.4,23,6,9
2024-04-29,Bhopal Memorial Hospital,17,0,0,1,4,19,14.57,322.22,5,5,2
2024-04-30,AIIMS Bhopal,9,1,0,0,4,11,11.93,135.41,10,11,9
2024-04-30,AIIMS Bhopal,10,1,0,0,4,23,11.73,275.89,3,23,17
2024-04-30,AIIMS Bhopal,11,1,0,0,4,32,14.51,406.92,20,15,7
2024-04-30,AIIMS Bhopal,12,1,0,0,4,24,17.95,483.28,6,22,3
2024-04-30,AIIMS Bhopal,13,1,0,0,4,7,19.06,129.76,7,18,19
2024-04-30,AIIMS Bhopal,14,1,0,0,4,9,19.8,147.97,5,8,18
2024-04-30,AIIMS Bhopal,15,1,0,0,4,24,17.47,416.15,15,26,6
2024-04-30,AIIMS Bhopal,16,1,0,0,4,23,16.94,555.23,20,19,15
2024-04-30,AIIMS Bhopal,17,1,0,0,4,19,15.48,218.01,4,14,7
2024-04-30,Hamidia Hospital,9,1,0,0,4,8,18.23,155.39,2,11,11
2024-04-30,Hamidia Hospital,10,1,0,0,4,13,15.82,177.9,5,18,18
2024-04-30,Hamidia Hospital,11,1,0,0,4,16,22.42,282.69,2,13,14
2024-04-30,Hamidia Hospital,12,1,0,0,4,25,16.68,481.95,7,5,0
2024-04-30,Hamidia Hospital,13,1,0,0,4,16,17.55,304.07,10,10,15
2024-04-30,Hamidia Hospital,14,1,0,0,4,17,10.23,123.82,13,8,9
2024-04-30,Hamidia Hospital,15,1,0,0,4,14,14.61,83.18,11,5,8
2024-04-30,Hamidia Hospital,16,1,0,0,4,27,19.17,526.46,24,21,12
2024-04-30,Hamidia Hospital,17,1,0,0,4,11,14.4,127.92,10,23,13
2024-04-30,Bansal Hospital,9,1,0,0,4,15,15.0,125.5,10,6,4
2024-04-30,Bansal Hospital,10,1,0,0,4,13,10.38,131.27,12,23,1
2024-04-30,Bansal Hospital,11,1,0,0,4,26,12.79,391.93,25,11,14
2024-04-30,Bansal Hospital,12,1,0,0,4,10,14.68,150.03,2,8,10
2024-04-30,Bansal Hospital,13,1,0,0,4,5,22.89,168.22,1,16,1
2024-04-30,Bansal Hospital,14,1,0,0,4,5,20.71,84.73,2,18,5
2024-04-30,Bansal Hospital,15,1,0,0,4,25,20.02,439.76,14,28,16
2024-04-30,Bansal Hospital,16,1,0,0,4,19,13.74,241.52,6,4,17
2024-04-30,Bansal Hospital,17,1,0,0,4,20,17.4,312.8,20,20,9
2024-04-30,Chirayu Medical College,9,1,0,0,4,12,9.59,147.47,10,15,12
2024-04-30,Chirayu Medical College,10,1,0,0,4,28,11.89,331.18,2,4,2
2024-04-30,Chirayu Medical College,11,1,0,0,4,22,21.58,566.68,5,11,12
2024-04-30,Chirayu Medical College,12,1,0,0,4,8,13.21,94.03,8,8,7
2024-04-30,Chirayu Medical College,13,1,0,0,4,17,16.3,266.81,12,21,11
2024-04-30,Chirayu Medical College,14,1,0,0,4,9,5.92,50.42,6,26,19
2024-04-30,Chirayu Medical College,15,1,0,0,4,16,11.59,194.22,16,25,13
2024-04-30,Chirayu Medical College,16,1,0,0,4,18,21.76,289.51,17,8,18
2024-04-30,Chirayu Medical College,17,1,0,0,4,15,18.42,284.9,8,21,15
2024-04-30,People's Hospital,9,1,0,0,4,25,16.59,368.52,15,16,0
2024-04-30,People's Hospital,10,1,0,0,4,29,12.87,470.22,2,14,18
2024-04-30,People's Hospital,11,1,0,0,4,18,9.89,142.7,18,6,10
2024-04-30,People's Hospital,12,1,0,0,4,8,16.01,81.3,4,21,1
2024-04-30,People's Hospital,13,1,0,0,4,10,11.06,144.48,1,30,4
2024-04-30,People's Hospital,14,1,0,0,4,16,11.88,228.04,14,22,12
2024-04-30,People's Hospital,15,1,0,0,4,21,13.37,172.87,14,9,11
2024-04-30,People's Hospital,16,1,0,0,4,22,11.11,149.05,13,3,15
2024-04-30,People's Hospital,17,1,0,0,4,18,19.03,241.38,3,4,2
2024-04-30,Bhopal Memorial Hospital,9,1,0,0,4,24,13.99,400.23,22,7,12
2024-04-30,Bhopal Memorial Hospital,10,1,0,0,4,22,16.73,316.79,4,19,0
2024-04-30,Bhopal Memorial Hospital,11,1,0,0,4,15,17.25,221.03,5,4,16
2024-04-30,Bhopal Memorial Hospital,12,1,0,0,4,19,20.43,376.66,8,13,12
2024-04-30,Bhopal Memorial Hospital,13,1,0,0,4,13,15.14,219.84,5,23,7
2024-04-30,Bhopal Memorial Hospital,14,1,0,0,4,16,15.97,169.64,11,4,14
2024-04-30,Bhopal Memorial Hospital,15,1,0,0,4,21,23.04,378.74,11,17,7
2024-04-30,Bhopal Memorial Hospital,16,1,0,0,4,29,17.16,444.22,26,26,11
2024-04-30,Bhopal Memorial Hospital,17,1,0,0,4,12,13.82,183.57,6,29,17
2024-05-01,AIIMS Bhopal,9,2,0,0,5,17,8.79,175.24,2,5,15
2024-05-01,AIIMS Bhopal,10,2,0,0,5,23,16.12,227.27,16,21,5
2024-05-01,AIIMS Bhopal,11,2,0,0,5,20,8.75,152.33,14,13,5
2024-05-01,AIIMS Bhopal,12,2,0,0,5,14,15.92,179.15,5,24,18
2024-05-01,AIIMS Bhopal,13,2,0,0,5,6,19.64,151.86,6,19,10
2024-05-01,AIIMS Bhopal,14,2,0,0,5,11,15.17,167.17,9,11,2
2024-05-01,AIIMS Bhopal,15,2,0,0,5,18,13.5,234.44,5,12,4
2024-05-01,AIIMS Bhopal,16,2,0,0,5,27,11.77,295.87,11,10,17
2024-05-01,AIIMS Bhopal,17,2,0,0,5,18,26.46,603.02,16,15,7
2024-05-01,Hamidia Hospital,9,2,0,0,5,18,16.74,343.01,3,12,4
2024-05-01,Hamidia Hospital,10,2,0,0,5,27,14.99,387.71,2,19,11
2024-05-01,Hamidia Hospital,11,2,0,0,5,15,22.0,346.44,4,11,13
2024-05-01,Hamidia Hospital,12,2,0,0,5,10,19.91,221.66,9,18,6
2024-05-01,Hamidia Hospital,13,2,0,0,5,15,16.56,272.9,7,14,19
2024-05-01,Hamidia Hospital,14,2,0,0,5,9,11.68,78.01,1,12,3
2024-05-01,Hamidia Hospital,15,2,0,0,5,10,7.83,81.63,7,4,7
2024-05-01,Hamidia Hospital,16,2,0,0,5,18,21.52,375.74,8,4,16
2024-05-01,Hamidia Hospital,17,2,0,0,5,19,14.56,299.34,10,10,13
2024-05-01,Bansal Hospital,9,2,0,0,5,21,17.38,380.39,1,23,19
2024-05-01,Bansal Hospital,10,2,0,0,5,18,18.86,379.29,18,20,1
2024-05-01,Bansal Hospital,11,2,0,0,5,16,14.4,214.74,8,16,15
2024-05-01,Bansal Hospital,12,2,0,0,5,21,10.58,222.49,15,17,7
2024-05-01,Bansal Hospital,13,2,0,0,5,14,9.57,189.69,7,12,11
2024-05-01,Bansal Hospital,14,2,0,0,5,13,13.33,219.04,1,9,8
2024-05-01,Bansal Hospital,15,2,0,0,5,24,17.75,475.0,23,11,6
2024-05-01,Bansal Hospital,16,2,0,0,5,24,15.86,260.0,4,4,4
2024-05-01,Bansal Hospital,17,2,0,0,5,20,11.29,184.22,12,9,7
2024-05-01,Chirayu Medical College,9,2,0,0,5,9,8.69,72.31,3,9,7
2024-05-01,Chirayu Medical College,10,2,0,0,5,18,10.29,122.85,7,14,2
2024-05-01,Chirayu Medical College,11,2,0,0,5,22,19.78,417.9,11,26,0
2024-05-01,Chirayu Medical College,12,2,0,0,5,22,18.85,426.19,1,16,4
2024-05-01,Chirayu Medical College,13,2,0,0,5,14,19.29,275.25,12,6,10
2024-05-01,Chirayu Medical College,14,2,0,0,5,7,14.92,86.93,7,19,15
2024-05-01,Chirayu Medical College,15,2,0,0,5,21,20.12,586.18,14,12,17
2024-05-01,Chirayu Medical College,16,2,0,0,5,19,14.71,236.74,5,17,18
2024-05-01,Chirayu Medical College,17,2,0,0,5,22,15.01,371.13,10,4,13
2024-05-01,People's Hospital,9,2,0,0,5,18,19.07,206.36,12,8,1
2024-05-01,People's Hospital,10,2,0,0,5,16,15.95,345.54,12,19,19
2024-05-01,People's Hospital,11,2,0,0,5,18,8.44,166.8,6,14,17
2024-05-01,People's Hospital,12,2,0,0,5,13,10.21,125.23,13,20,19
2024-05-01,People's Hospital,13,2,0,0,5,7,7.95,42.89,6,21,9
2024-05-01,People's Hospital,14,2,0,0,5,13,18.76,229.51,12,13,19
2024-05-01,People's Hospital,15,2,0,0,5,10,14.97,103.19,5,13,12
2024-05-01,People's Hospital,16,2,0,0,5,22,19.26,422.79,11,7,7
2024-05-01,People's Hospital,17,2,0,0,5,8,16.52,134.13,6,8,9
2024-05-01,Bhopal Memorial Hospital,9,2,0,0,5,12,23.14,262.19,12,19,12
2024-05-01,Bhopal Memorial Hospital,10,2,0,0,5,29,11.52,319.86,16,3,2
2024-05-01,Bhopal Memorial Hospital,11,2,0,0,5,31,9.23,235.24,20,24,11
2024-05-01,Bhopal Memorial Hospital,12,2,0,0,5,9,19.3,211.02,7,17,1
2024-05-01,Bhopal Memorial Hospital,13,2,0,0,5,10,13.03,136.97,6,4,4
2024-05-01,Bhopal Memorial Hospital,14,2,0,0,5,16,14.56,217.76,10,24,2
2024-05-01,Bhopal Memorial Hospital,15,2,0,0,5,22,8.73,198.31,21,18,7
2024-05-01,Bhopal Memorial Hospital,16,2,0,0,5,20,13.73,219.67,8,6,13
2024-05-01,Bhopal Memorial Hospital,17,2,0,0,5,11,15.6,199.99,8,21,19
2024-05-02,AIIMS Bhopal,9,3,0,0,5,12,17.12,141.03,7,11,11
2024-05-02,AIIMS Bhopal,10,3,0,0,5,29,13.88,447.69,12,12,5
2024-05-02,AIIMS Bhopal,11,3,0,0,5,31,13.58,299.89,7,30,4
2024-05-02,AIIMS Bhopal,12,3,0,0,5,25,15.13,290.5,17,13,2
2024-05-02,AIIMS Bhopal,13,3,0,0,5,13,13.22,139.2,7,19,16
2024-05-02,AIIMS Bhopal,14,3,0,0,5,7,11.21,99.62,1,25,10
2024-05-02,AIIMS Bhopal,15,3,0,0,5,19,18.09,255.0,3,30,13
2024-05-02,AIIMS Bhopal,16,3,0,0,5,27,10.08,245.87,10,4,18
2024-05-02,AIIMS Bhopal,17,3,0,0,5,15,9.18,159.58,7,11,13
2024-05-02,Hamidia Hospital,9,3,0,0,5,8,10.49,113.08,6,6,13
2024-05-02,Hamidia Hospital,10,3,0,0,5,14,16.01,211.07,4,21,10
2024-05-02,Hamidia Hospital,11,3,0,0,5,27,17.56,468.15,9,14,2
2024-05-02,Hamidia Hospital,12,3,0,0,5,24,17.39,484.49,13,5,18
2024-05-02,Hamidia Hospital,13,3,0,0,5,8,16.95,143.08,7,21,14
2024-05-02,Hamidia Hospital,14,3,0,0,5,11,8.69,84.06,7,21,15
2024-05-02,Hamidia Hospital,15,3,0,0,5,25,13.47,409.51,25,29,16
2024-05-02,Hamidia Hospital,16,3,0,0,5,27,14.89,368.13,14,10,1
2024-05-02,Hamidia Hospital,17,3,0,0,5,19,17.95,422.56,9,25,6
2024-05-02,Bansal Hospital,9,3,0,0,5,20,8.19,137.29,6,8,11
2024-05-02,Bansal Hospital,10,3,0,0,5,13,13.11,179.06,1,6,4
2024-05-02,Bansal Hospital,11,3,0,0,5,29,13.95,510.05,23,27,0
2024-05-02,Bansal Hospital,12,3,0,0,5,11,12.31,136.77,2,27,19
2024-05-02,Bansal Hospital,13,3,0,0,5,7,10.73,67.5,4,10,14
2024-05-02,Bansal Hospital,14,3,0,0,5,5,16.97,71.08,3,10,12
2024-05-02,Bansal Hospital,15,3,0,0,5,8,13.0,109.72,4,3,13
2024-05-02,Bansal Hospital,16,3,0,0,5,18,12.39,263.98,12,18,14
2024-05-02,Bansal Hospital,17,3,0,0,5,19,9.96,227.92,6,27,19
2024-05-02,Chirayu Medical College,9,3,0,0,5,24,14.47,370.86,10,3,1
2024-05-02,Chirayu Medical College,10,3,0,0,5,18,16.45,268.49,7,3,6
2024-05-02,Chirayu Medical College,11,3,0,0,5,15,13.25,243.89,12,17,9
2024-05-02,Chirayu Medical College,12,3,0,0,5,20,16.9,453.68,5,24,7
2024-05-02,Chirayu Medical College,13,3,0,0,5,12,15.87,177.21,9,19,4
2024-05-02,Chirayu Medical College,14,3,0,0,5,5,22.41,102.87,5,3,13
2024-05-02,Chirayu Medical College,15,3,0,0,5,18,5.0,88.17,5,24,2
2024-05-02,Chirayu Medical College,16,3,0,0,5,32,10.45,463.31,5,25,3
2024-05-02,Chirayu Medical College,17,3,0,0,5,11,13.67,135.42,2,17,15
2024-05-02,People's Hospital,9,3,0,0,5,8,16.0,111.69,7,16,12
2024-05-02,People's Hospital,10,3,0,0,5,26,15.78,528.26,20,12,15
2024-05-02,People's Hospital,11,3,0,0,5,16,9.21,145.44,6,16,10
2024-05-02,People's Hospital,12,3,0,0,5,24,14.89,367.48,7,24,15
2024-05-02,People's Hospital,13,3,0,0,5,6,13.78,58.66,5,11,0
2024-05-02,People's Hospital,14,3,0,0,5,10,12.19,122.96,4,24,3
2024-05-02,People's Hospital,15,3,0,0,5,14,16.7,263.31,6,7,14
2024-05-02,People's Hospital,16,3,0,0,5,23,8.52,233.84,19,23,10
2024-05-02,People's Hospital,17,3,0,0,5,9,17.91,105.38,4,4,11
2024-05-02,Bhopal Memorial Hospital,9,3,0,0,5,20,9.91,197.72,15,28,2
2024-05-02,Bhopal Memorial Hospital,10,3,0,0,5,15,12.91,130.13,6,7,9
2024-05-02,Bhopal Memorial Hospital,11,3,0,0,5,22,16.53,268.79,17,14,5
2024-05-02,Bhopal Memorial Hospital,12,3,0,0,5,24,15.36,455.47,6,3,2
2024-05-02,Bhopal Memorial Hospital,13,3,0,0,5,12,18.86,267.75,8,18,13
2024-05-02,Bhopal Memorial Hospital,14,3,0,0,5,11,12.32,126.3,2,16,11
2024-05-02,Bhopal Memorial Hospital,15,3,0,0,5,22,11.84,285.15,17,8,4
2024-05-02,Bhopal Memorial Hospital,16,3,0,0,5,26,19.02,575.25,11,24,8
2024-05-02,Bhopal Memorial Hospital,17,3,0,0,5,8,22.71,123.28,5,20,8
2024-05-03,AIIMS Bhopal,9,4,0,0,5,17,17.89,414.78,9,26,10
2024-05-03,AIIMS Bhopal,10,4,0,0,5,28,7.78,227.64,14,30,12
2024-05-03,AIIMS Bhopal,11,4,0,0,5,13,14.48,160.95,9,20,13
2024-05-03,AIIMS Bhopal,12,4,0,0,5,18,14.49,254.01,2,25,18
2024-05-03,AIIMS Bhopal,13,4,0,0,5,7,13.26,69.22,6,15,14
2024-05-03,AIIMS Bhopal,14,4,0,0,5,16,18.7,432.79,12,27,18
2024-05-03,AIIMS Bhopal,15,4,0,0,5,14,14.48,207.44,2,21,9
2024-05-03,AIIMS Bhopal,16,4,0,0,5,13,17.51,269.31,7,15,3
2024-05-03,AIIMS Bhopal,17,4,0,0,5,25,15.93,280.95,14,4,16
2024-05-03,Hamidia Hospital,9,4,0,0,5,23,5.0,98.63,15,7,0
2024-05-03,Hamidia Hospital,10,4,0,0,5,15,22.77,366.07,4,23,6
2024-05-03,Hamidia Hospital,11,4,0,0,5,32,16.71,516.52,5,8,0
2024-05-03,Hamidia Hospital,12,4,0,0,5,21,11.39,272.17,8,17,5
2024-05-03,Hamidia Hospital,13,4,0,0,5,5,16.36,98.61,3,27,8
2024-05-03,Hamidia Hospital,14,4,0,0,5,16,16.39,372.38,12,16,15
2024-05-03,Hamidia Hospital,15,4,0,0,5,8,13.22,108.15,1,14,12
2024-05-03,Hamidia Hospital,16,4,0,0,5,23,11.72,272.14,7,21,13
2024-05-03,Hamidia Hospital,17,4,0,0,5,23,11.54,271.61,13,29,14
2024-05-03,Bansal Hospital,9,4,0,0,5,14,13.72,183.03,5,26,19
2024-05-03,Bansal Hospital,10,4,0,0,5,10,9.44,77.7,6,11,13
2024-05-03,Bansal Hospital,11,4,0,0,5,32,12.34,318.96,16,25,1
2024-05-03,Bansal Hospital,12,4,0,0,5,19,10.3,190.65,18,6,1
2024-05-03,Bansal Hospital,13,4,0,0,5,9,9.54,128.18,3,21,5
2024-05-03,Bansal Hospital,14,4,0,0,5,14,17.22,198.42,6,11,15
2024-05-03,Bansal Hospital,15,4,0,0,5,24,19.8,386.26,19,13,16
2024-05-03,Bansal Hospital,16,4,0,0,5,11,12.32,185.11,5,15,3
2024-05-03,Bansal Hospital,17,4,0,0,5,18,11.51,177.99,1,4,0
2024-05-03,Chirayu Medical College,9,4,0,0,5,10,20.16,171.45,1,17,6
2024-05-03,Chirayu Medical College,10,4,0,0,5,31,11.49,353.6,13,17,7
2024-05-03,Chirayu Medical College,11,4,0,0,5,22,14.56,268.53,13,27,18
2024-05-03,Chirayu Medical College,12,4,0,0,5,15,17.43,194.23,1,20,19
2024-05-03,Chirayu Medical College,13,4,0,0,5,11,16.51,192.17,9,13,18
2024-05-03,Chirayu Medical College,14,4,0,0,5,14,10.13,142.28,3,6,6
2024-05-03,Chirayu Medical College,15,4,0,0,5,8,13.78,119.48,5,23,5
2024-05-03,Chirayu Medical College,16,4,0,0,5,24,13.72,306.84,19,23,1
2024-05-03,Chirayu Medical College,17,4,0,0,5,14,15.19,155.07,14,26,0
2024-05-03,People's Hospital,9,4,0,0,5,17,17.64,367.95,3,29,5
2024-05-03,People's Hospital,10,4,0,0,5,23,9.88,202.17,19,4,7
2024-05-03,People's Hospital,11,4,0,0,5,15,15.1,283.07,8,24,13
2024-05-03,People's Hospital,12,4,0,0,5,22,11.74,293.54,21,15,5
2024-05-03,People's Hospital,13,4,0,0,5,16,11.89,174.67,3,9,9
2024-05-03,People's Hospital,14,4,0,0,5,5,11.91,47.26,4,20,6
2024-05-03,People's Hospital,15,4,0,0,5,25,11.79,306.46,23,23,6
2024-05-03,People's Hospital,16,4,0,0,5,10,10.29,98.61,7,10,5
2024-05-03,People's Hospital,17,4,0,0,5,14,9.58,93.57,14,17,0
2024-05-03,Bhopal Memorial Hospital,9,4,0,0,5,13,12.06,177.14,9,8,0
2024-05-03,Bhopal Memorial Hospital,10,4,0,0,5,29,21.69,832.68,18,5,17
2024-05-03,Bhopal Memorial Hospital,11,4,0,0,5,23,17.11,431.02,4,5,15
2024-05-03,Bhopal Memorial Hospital,12,4,0,0,5,24,11.86,311.0,15,15,14
2024-05-03,Bhopal Memorial Hospital,13,4,0,0,5,16,16.95,284.01,5,27,1
2024-05-03,Bhopal Memorial Hospital,14,4,0,0,5,10,17.17,178.97,8,13,14
2024-05-03,Bhopal Memorial Hospital,15,4,0,0,5,16,19.63,329.59,6,10,0
2024-05-03,Bhopal Memorial Hospital,16,4,0,0,5,18,11.61,229.17,16,19,15
2024-05-03,Bhopal Memorial Hospital,17,4,0,0,5,11,10.24,94.53,5,27,19
2024-05-04,AIIMS Bhopal,9,5,1,0,5,13,13.7,159.3,6,13,14
2024-05-04,AIIMS Bhopal,10,5,1,0,5,7,16.52,137.48,5,29,13
2024-05-04,AIIMS Bhopal,11,5,1,0,5,16,20.86,300.66,4,25,9
2024-05-04,AIIMS Bhopal,12,5,1,0,5,10,15.5,183.81,3,14,14
2024-05-04,AIIMS Bhopal,13,5,1,0,5,7,18.31,124.47,7,29,16
2024-05-04,AIIMS Bhopal,14,5,1,0,5,10,19.78,259.7,3,26,13
2024-05-04,AIIMS Bhopal,15,5,1,0,5,5,13.04,42.07,3,6,3
2024-05-04,AIIMS Bhopal,16,5,1,0,5,7,13.32,111.45,2,28,7
2024-05-04,AIIMS Bhopal,17,5,1,0,5,15,16.04,226.34,8,16,9
2024-05-04,Hamidia Hospital,9,5,1,0,5,12,13.9,167.13,6,4,13
2024-05-04,Hamidia Hospital,10,5,1,0,5,19,20.47,395.09,7,19,6
2024-05-04,Hamidia Hospital,11,5,1,0,5,7,16.81,104.72,4,13,1
2024-05-04,Hamidia Hospital,12,5,1,0,5,7,15.21,87.78,4,4,7
2024-05-04,Hamidia Hospital,13,5,1,0,5,7,14.81,59.21,4,9,7
2024-05-04,Hamidia Hospital,14,5,1,0,5,5,15.9,58.92,2,12,19
2024-05-04,Hamidia Hospital,15,5,1,0,5,11,19.42,269.52,8,4,10
2024-05-04,Hamidia Hospital,16,5,1,0,5,7,11.64,112.16,3,26,15
2024-05-04,Hamidia Hospital,17,5,1,0,5,14,20.28,253.48,7,9,17
2024-05-04,Bansal Hospital,9,5,1,0,5,15,20.71,314.86,13,8,8
2024-05-04,Bansal Hospital,10,5,1,0,5,9,11.2,105.25,9,26,12
2024-05-04,Bansal Hospital,11,5,1,0,5,9,13.68,86.41,7,21,14
2024-05-04,Bansal Hospital,12,5,1,0,5,9,8.63,80.59,3,9,15
2024-05-04,Bansal Hospital,13,5,1,0,5,2,16.3,40.63,2,18,17
2024-05-04,Bansal Hospital,14,5,1,0,5,9,15.08,93.9,7,19,3
2024-05-04,Bansal Hospital,15,5,1,0,5,8,21.21,139.85,3,8,18
2024-05-04,Bansal Hospital,16,5,1,0,5,11,21.0,275.12,3,25,7
2024-05-04,Bansal Hospital,17,5,1,0,5,7,8.83,60.56,7,27,12
2024-05-04,Chirayu Medical College,9,5,1,0,5,7,11.47,100.19,3,30,3
2024-05-04,Chirayu Medical College,10,5,1,0,5,18,12.66,259.88,9,5,17
2024-05-04,Chirayu Medical College,11,5,1,0,5,9,11.45,143.02,4,5,8
2024-05-04,Chirayu Medical College,12,5,1,0,5,4,17.76,74.3,4,10,0
2024-05-04,Chirayu Medical College,13,5,1,0,5,5,16.94,79.08,2,16,15
2024-05-04,Chirayu Medical College,14,5,1,0,5,5,13.43,77.28,5,3,9
2024-05-04,Chirayu Medical College,15,5,1,0,5,13,9.11,99.41,7,14,14
2024-05-04,Chirayu Medical College,16,5,1,0,5,7,8.64,70.03,5,25,13
2024-05-04,Chirayu Medical College,17,5,1,0,5,7,16.89,125.57,6,28,11
2024-05-04,People's Hospital,9,5,1,0,5,5,12.57,61.65,5,16,17
2024-05-04,People's Hospital,10,5,1,0,5,13,7.34,127.2,4,12,14
2024-05-04,People's Hospital,11,5,1,0,5,15,20.74,340.38,14,30,17
2024-05-04,People's Hospital,12,5,1,0,5,7,16.28,142.91,7,14,17
2024-05-04,People's Hospital,13,5,1,0,5,9,17.39,194.39,5,15,14
2024-05-04,People's Hospital,14,5,1,0,5,5,13.74,72.15,2,10,0
2024-05-04,People's Hospital,15,5,1,0,5,15,14.68,232.67,8,8,12
2024-05-04,People's Hospital,16,5,1,0,5,9,14.32,128.53,4,25,12
2024-05-04,People's Hospital,17,5,1,0,5,10,11.26,95.52,5,28,15
2024-05-04,Bhopal Memorial Hospital,9,5,1,0,5,10,9.9,86.92,7,28,7
2024-05-04,Bhopal Memorial Hospital,10,5,1,0,5,11,18.79,155.03,11,4,7
2024-05-04,Bhopal Memorial Hospital,11,5,1,0,5,7,24.1,199.71,1,15,13
2024-05-04,Bhopal Memorial Hospital,12,5,1,0,5,9,15.5,110.02,3,19,8
2024-05-04,Bhopal Memorial Hospital,13,5,1,0,5,7,16.78,100.3,3,27,0
2024-05-04,Bhopal Memorial Hospital,14,5,1,0,5,10,12.1,101.01,7,7,5
2024-05-04,Bhopal Memorial Hospital,15,5,1,0,5,11,21.77,281.46,11,3,16
2024-05-04,Bhopal Memorial Hospital,16,5,1,0,5,13,13.39,171.7,7,26,13
2024-05-04,Bhopal Memorial Hospital,17,5,1,0,5,5,14.55,47.07,2,30,12
2024-05-05,AIIMS Bhopal,9,6,1,0,5,4,13.47,67.68,1,17,8
2024-05-05,AIIMS Bhopal,10,6,1,0,5,13,17.36,306.24,10,6,12
2024-05-05,AIIMS Bhopal,11,6,1,0,5,9,17.63,143.81,1,16,12
2024-05-05,AIIMS Bhopal,12,6,1,0,5,13,11.84,146.72,8,30,7
2024-05-05,AIIMS Bhopal,13,6,1,0,5,4,18.57,65.77,1,30,5
2024-05-05,AIIMS Bhopal,14,6,1,0,5,6,16.58,110.72,5,21,6
2024-05-05,AIIMS Bhopal,15,6,1,0,5,11,14.69,186.23,1,17,2
2024-05-05,AIIMS Bhopal,16,6,1,0,5,7,14.56,99.13,4,27,5
2024-05-05,AIIMS Bhopal,17,6,1,0,5,14,13.28,201.94,11,24,0
2024-05-05,Hamidia Hospital,9,6,1,0,5,11,10.72,87.9,7,16,14
2024-05-05,Hamidia Hospital,10,6,1,0,5,7,14.94,123.65,2,24,6
2024-05-05,Hamidia Hospital,11,6,1,0,5,7,13.36,93.54,4,21,10
2024-05-05,Hamidia Hospital,12,6,1,0,5,11,14.75,221.38,3,21,17
2024-05-05,Hamidia Hospital,13,6,1,0,5,4,13.21,70.03,2,8,0
2024-05-05,Hamidia Hospital,14,6,1,0,5,4,9.04,35.64,1,14,5
2024-05-05,Hamidia Hospital,15,6,1,0,5,5,7.09,34.64,3,7,3
2024-05-05,Hamidia Hospital,16,6,1,0,5,16,18.52,242.81,4,29,5
2024-05-05,Hamidia Hospital,17,6,1,0,5,12,13.12,145.54,1,30,10
2024-05-05,Bansal Hospital,9,6,1,0,5,5,12.15,62.01,2,11,19
2024-05-05,Bansal Hospital,10,6,1,0,5,7,15.62,138.8,2,4,7
2024-05-05,Bansal Hospital,11,6,1,0,5,9,10.63,119.3,3,18,8
2024-05-05,Bansal Hospital,12,6,1,0,5,12,17.76,144.03,4,20,7
2024-05-05,Bansal Hospital,13,6,1,0,5,9,18.25,157.42,4,18,12
2024-05-05,Bansal Hospital,14,6,1,0,5,7,14.77,131.18,5,11,4
2024-05-05,Bansal Hospital,15,6,1,0,5,15,15.31,154.61,1,9,7
2024-05-05,Bansal Hospital,16,6,1,0,5,5,9.34,44.78,1,12,17
2024-05-05,Bansal Hospital,17,6,1,0,5,12,10.79,89.09,10,23,1
2024-05-05,Chirayu Medical College,9,6,1,0,5,14,14.66,212.75,1,27,8
2024-05-05,Chirayu Medical College,10,6,1,0,5,18,18.6,257.02,11,21,0
2024-05-05,Chirayu Medical College,11,6,1,0,5,13,16.53,229.85,4,17,15
2024-05-05,Chirayu Medical College,12,6,1,0,5,7,19.37,158.47,4,11,9
2024-05-05,Chirayu Medical College,13,6,1,0,5,6,8.98,56.89,5,6,2
2024-05-05,Chirayu Medical College,14,6,1,0,5,9,21.71,260.79,1,3,6
2024-05-05,Chirayu Medical College,15,6,1,0,5,9,11.96,128.31,9,25,8
2024-05-05,Chirayu Medical College,16,6,1,0,5,18,10.24,217.86,16,27,6
2024-05-05,Chirayu Medical College,17,6,1,0,5,13,14.12,212.13,7,15,12
2024-05-05,People's Hospital,9,6,1,0,5,4,12.37,51.93,4,26,1
2024-05-05,People's Hospital,10,6,1,0,5,13,19.23,178.37,5,6,4
2024-05-05,People's Hospital,11,6,1,0,5,5,10.33,46.99,2,16,16
2024-05-05,People's Hospital,12,6,1,0,5,8,12.69,101.42,3,28,17
2024-05-05,People's Hospital,13,6,1,0,5,7,17.79,125.04,2,27,11
2024-05-05,People's Hospital,14,6,1,0,5,4,13.23,56.22,3,18,14
2024-05-05,People's Hospital,15,6,1,0,5,11,21.03,307.76,7,20,9
2024-05-05,People's Hospital,16,6,1,0,5,19,17.57,315.37,4,16,6
2024-05-05,People's Hospital,17,6,1,0,5,12,13.51,164.42,6,7,8
2024-05-05,Bhopal Memorial Hospital,9,6,1,0,5,15,18.32,295.18,8,15,8
2024-05-05,Bhopal Memorial Hospital,10,6,1,0,5,9,8.66,57.52,9,10,19
2024-05-05,Bhopal Memorial Hospital,11,6,1,0,5,11,24.98,284.68,6,10,19
2024-05-05,Bhopal Memorial Hospital,12,6,1,0,5,11,19.08,258.73,7,4,16
2024-05-05,Bhopal Memorial Hospital,13,6,1,0,5,10,17.57,173.05,10,28,17
2024-05-05,Bhopal Memorial Hospital,14,6,1,0,5,9,17.41,138.88,1,5,2
2024-05-05,Bhopal Memorial Hospital,15,6,1,0,5,9,11.03,80.85,5,17,10
2024-05-05,Bhopal Memorial Hospital,16,6,1,0,5,11,14.62,139.46,11,17,14
2024-05-05,Bhopal Memorial Hospital,17,6,1,0,5,5,14.15,89.37,5,4,18
2024-05-06,AIIMS Bhopal,9,0,0,1,5,29,13.55,400.5,10,14,12
2024-05-06,AIIMS Bhopal,10,0,0,1,5,32,6.39,159.75,15,22,12
2024-05-06,AIIMS Bhopal,11,0,0,1,5,19,15.19,274.26,7,27,8
2024-05-06,AIIMS Bhopal,12,0,0,1,5,11,13.5,165.31,7,20,18
2024-05-06,AIIMS Bhopal,13,0,0,1,5,10,19.28,170.95,1,12,3
2024-05-06,AIIMS Bhopal,14,0,0,1,5,22,18.39,389.94,20,23,8
2024-05-06,AIIMS Bhopal,15,0,0,1,5,19,22.71,465.12,6,28,3
2024-05-06,AIIMS Bhopal,16,0,0,1,5,42,12.46,418.22,30,28,2
2024-05-06,AIIMS Bhopal,17,0,0,1,5,29,20.01,536.02,4,15,10
2024-05-06,Hamidia Hospital,9,0,0,1,5,33,12.18,415.4,16,12,2
2024-05-06,Hamidia Hospital,10,0,0,1,5,19,19.87,396.31,11,17,17
2024-05-06,Hamidia Hospital,11,0,0,1,5,37,6.61,278.35,10,15,10
2024-05-06,Hamidia Hospital,12,0,0,1,5,32,13.27,323.87,5,20,4
2024-05-06,Hamidia Hospital,13,0,0,1,5,10,17.33,208.15,9,22,17
2024-05-06,Hamidia Hospital,14,0,0,1,5,23,11.12,310.61,9,21,18
2024-05-06,Hamidia Hospital,15,0,0,1,5,14,12.11,145.23,11,19,9
2024-05-06,Hamidia Hospital,16,0,0,1,5,19,14.29,222.19,18,27,10
2024-05-06,Hamidia Hospital,17,0,0,1,5,26,17.21,579.86,2,25,8
2024-05-06,Bansal Hospital,9,0,0,1,5,19,11.01,221.08,4,19,10
2024-05-06,Bansal Hospital,10,0,0,1,5,33,5.25,136.31,2,18,3
2024-05-06,Bansal Hospital,11,0,0,1,5,37,15.07,345.94,17,20,3
2024-05-06,Bansal Hospital,12,0,0,1,5,22,15.0,325.54,2,26,8
2024-05-06,Bansal Hospital,13,0,0,1,5,8,15.82,102.83,1,7,7
2024-05-06,Bansal Hospital,14,0,0,1,5,10,18.98,202.33,1,17,19
2024-05-06,Bansal Hospital,15,0,0,1,5,32,17.23,646.74,11,8,17
2024-05-06,Bansal Hospital,16,0,0,1,5,42,13.11,466.95,20,7,14
2024-05-06,Bansal Hospital,17,0,0,1,5,19,14.86,238.65,19,25,15
2024-05-06,Chirayu Medical College,9,0,0,1,5,16,18.08,255.23,16,25,6
2024-05-06,Chirayu Medical College,10,0,0,1,5,37,8.76,390.17,21,11,14
2024-05-06,Chirayu Medical College,11,0,0,1,5,33,7.41,239.36,16,24,15
2024-05-06,Chirayu Medical College,12,0,0,1,5,14,21.47,239.09,6,9,18
2024-05-06,Chirayu Medical College,13,0,0,1,5,11,11.13,153.15,1,28,13
2024-05-06,Chirayu Medical College,14,0,0,1,5,22,10.05,235.32,7,25,12
2024-05-06,Chirayu Medical College,15,0,0,1,5,11,15.21,151.53,5,10,0
2024-05-06,Chirayu Medical College,16,0,0,1,5,28,23.43,768.17,12,15,1
2024-05-06,Chirayu Medical College,17,0,0,1,5,12,14.28,193.42,2,16,12
2024-05-06,People's Hospital,9,0,0,1,5,32,12.79,419.54,1,17,3
2024-05-06,People's Hospital,10,0,0,1,5,20,18.85,310.0,15,6,14
2024-05-06,People's Hospital,11,0,0,1,5,37,17.32,954.08,1,16,9
2024-05-06,People's Hospital,12,0,0,1,5,18,19.43,349.55,1,25,9
2024-05-06,People's Hospital,13,0,0,1,5,13,9.38,119.44,8,26,13
2024-05-06,People's Hospital,14,0,0,1,5,21,7.56,203.01,6,30,14
2024-05-06,People's Hospital,15,0,0,1,5,12,17.29,237.59,4,5,12
2024-05-06,People's Hospital,16,0,0,1,5,27,11.87,295.24,10,16,8
2024-05-06,People's Hospital,17,0,0,1,5,32,17.92,658.65,19,15,14
2024-05-06,Bhopal Memorial Hospital,9,0,0,1,5,33,18.19,746.57,14,16,19
2024-05-06,Bhopal Memorial Hospital,10,0,0,1,5,14,8.24,147.29,6,25,11
2024-05-06,Bhopal Memorial Hospital,11,0,0,1,5,15,13.67,182.68,15,5,7
2024-05-06,Bhopal Memorial Hospital,12,0,0,1,5,22,20.5,474.2,16,10,2
2024-05-06,Bhopal Memorial Hospital,13,0,0,1,5,11,18.87,266.42,1,29,13
2024-05-06,Bhopal Memorial Hospital,14,0,0,1,5,19,11.21,229.3,11,12,0
2024-05-06,Bhopal Memorial Hospital,15,0,0,1,5,25,15.56,498.87,9,8,3
2024-05-06,Bhopal Memorial Hospital,16,0,0,1,5,37,18.19,658.11,22,10,5
2024-05-06,Bhopal Memorial Hospital,17,0,0,1,5,33,14.75,271.37,30,20,0
2024-05-07,AIIMS Bhopal,9,1,0,0,5,19,13.59,251.71,17,4,10
2024-05-07,AIIMS Bhopal,10,1,0,0,5,28,15.32,470.91,13,27,14
2024-05-07,AIIMS Bhopal,11,1,0,0,5,32,15.4,275.41,25,12,11
2024-05-07,AIIMS Bhopal,12,1,0,0,5,18,16.06,262.12,4,13,3
2024-05-07,AIIMS Bhopal,13,1,0,0,5,5,5.0,30.75,3,24,11
2024-05-07,AIIMS Bhopal,14,1,0,0,5,16,25.3,415.82,6,22,11
2024-05-07,AIIMS Bhopal,15,1,0,0,5,9,10.44,85.19,5,12,2
2024-05-07,AIIMS Bhopal,16,1,0,0,5,15,15.52,190.44,11,21,18
2024-05-07,AIIMS Bhopal,17,1,0,0,5,25,10.05,212.28,11,20,12
2024-05-07,Hamidia Hospital,9,1,0,0,5,12,17.12,183.46,7,3,1
2024-05-07,Hamidia Hospital,10,1,0,0,5,26,12.84,285.57,12,5,11
2024-05-07,Hamidia Hospital,11,1,0,0,5,13,8.27,111.48,10,30,14
2024-05-07,Hamidia Hospital,12,1,0,0,5,19,19.72,420.08,16,19,8
2024-05-07,Hamidia Hospital,13,1,0,0,5,12,16.52,272.03,3,17,6
2024-05-07,Hamidia Hospital,14,1,0,0,5,11,15.29,142.73,6,19,0
2024-05-07,Hamidia Hospital,15,1,0,0,5,10,11.69,97.75,3,6,6
2024-05-07,Hamidia Hospital,16,1,0,0,5,20,13.5,281.68,9,24,12
2024-05-07,Hamidia Hospital,17,1,0,0,5,10,10.99,156.84,7,27,10
2024-05-07,Bansal Hospital,9,1,0,0,5,15,16.28,266.17,14,24,8
2024-05-07,Bansal Hospital,10,1,0,0,5,28,20.83,625.86,4,3,3
2024-05-07,Bansal Hospital,11,1,0,0,5,20,13.12,257.92,19,26,14
2024-05-07,Bansal Hospital,12,1,0,0,5,10,11.29,94.4,1,27,17
2024-05-07,Bansal Hospital,13,1,0,0,5,11,15.16,223.77,5,20,3
2024-05-07,Bansal Hospital,14,1,0,0,5,8,18.79,128.01,8,27,19
2024-05-07,Bansal Hospital,15,1,0,0,5,15,15.68,235.55,14,3,10
2024-05-07,Bansal Hospital,16,1,0,0,5,31,9.82,283.28,28,3,10
2024-05-07,Bansal Hospital,17,1,0,0,5,24,16.96,417.75,1,9,6
2024-05-07,Chirayu Medical College,9,1,0,0,5,17,14.79,240.37,2,20,3
2024-05-07,Chirayu Medical College,10,1,0,0,5,11,9.02,146.57,4,13,16
2024-05-07,Chirayu Medical College,11,1,0,0,5,27,16.98,344.54,2,23,5
2024-05-07,Chirayu Medical College,12,1,0,0,5,11,17.78,41.93,2,16,13
2024-05-07,Chirayu Medical College,13,1,0,0,5,11,7.69,102.1,11,5,5
2024-05-07,Chirayu Medical College,14,1,0,0,5,11,23.51,184.55,7,27,8
2024-05-07,Chirayu Medical College,15,1,0,0,5,12,12.73,152.12,11,26,11
2024-05-07,Chirayu Medical College,16,1,0,0,5,31,17.64,463.87,6,4,14
2024-05-07,Chirayu Medical College,17,1,0,0,5,16,9.63,114.28,9,21,10
2024-05-07,People's Hospital,9,1,0,0,5,10,17.28,144.68,10,7,0
2024-05-07,People's Hospital,10,1,0,0,5,19,16.04,401.27,9,26,13
2024-05-07,People's Hospital,11,1,0,0,5,24,9.71,268.33,16,25,3
2024-05-07,People's Hospital,12,1,0,0,5,21,11.4,274.78,17,23,3
2024-05-07,People's Hospital,13,1,0,0,5,9,26.07,253.31,6,30,1
2024-05-07,People's Hospital,14,1,0,0,5,11,15.44,209.74,11,27,12
2024-05-07,People's Hospital,15,1,0,0,5,17,12.62,179.64,12,4,16
2024-05-07,People's Hospital,16,1,0,0,5,26,18.96,617.5,19,13,6
2024-05-07,People's Hospital,17,1,0,0,5,12,15.92,117.5,1,18,4
2024-05-07,Bhopal Memorial Hospital,9,1,0,0,5,16,23.71,248.42,16,15,8
2024-05-07,Bhopal Memorial Hospital,10,1,0,0,5,14,18.58,233.31,4,24,18
2024-05-07,Bhopal Memorial Hospital,11,1,0,0,5,24,18.67,257.07,12,18,8
2024-05-07,Bhopal Memorial Hospital,12,1,0,0,5,18,13.07,228.74,1,25,10
2024-05-07,Bhopal Memorial Hospital,13,1,0,0,5,16,15.93,291.2,2,19,7
2024-05-07,Bhopal Memorial Hospital,14,1,0,0,5,13,14.02,248.67,5,29,4
2024-05-07,Bhopal Memorial Hospital,15,1,0,0,5,23,11.28,255.0,18,19,3
2024-05-07,Bhopal Memorial Hospital,16,1,0,0,5,16,20.48,336.24,12,15,19
2024-05-07,Bhopal Memorial Hospital,17,1,0,0,5,14,17.59,311.68,10,16,4
2024-05-08,AIIMS Bhopal,9,2,0,0,5,22,12.8,294.95,8,16,17
2024-05-08,AIIMS Bhopal,10,2,0,0,5,19,17.15,345.81,11,10,8
2024-05-08,AIIMS Bhopal,11,2,0,0,5,14,9.6,126.93,10,25,11
2024-05-08,AIIMS Bhopal,12,2,0,0,5,18,12.01,179.71,18,29,1
2024-05-08,AIIMS Bhopal,13,2,0,0,5,9,20.79,150.34,3,19,0
2024-05-08,AIIMS Bhopal,14,2,0,0,5,7,18.01,103.4,6,3,13
2024-05-08,AIIMS Bhopal,15,2,0,0,5,12,11.51,127.8,1,7,12
2024-05-08,AIIMS Bhopal,16,2,0,0,5,22,14.69,368.81,12,24,6
2024-05-08,AIIMS Bhopal,17,2,0,0,5,16,21.8,429.97,10,25,7
2024-05-08,Hamidia Hospital,9,2,0,0,5,10,17.75,182.21,4,26,3
2024-05-08,Hamidia Hospital,10,2,0,0,5,31,9.64,335.9,14,17,18
2024-05-08,Hamidia Hospital,11,2,0,0,5,11,18.2,173.17,8,26,8
2024-05-08,Hamidia Hospital,12,2,0,0,5,23,9.36,222.12,2,25,3
2024-05-08,Hamidia Hospital,13,2,0,0,5,7,14.25,93.71,1,20,7
2024-05-08,Hamidia Hospital,14,2,0,0,5,16,14.99,318.69,6,15,0
2024-05-08,Hamidia Hospital,15,2,0,0,5,10,12.28,101.91,8,28,19
2024-05-08,Hamidia Hospital,16,2,0,0,5,24,13.41,289.03,24,12,4
2024-05-08,Hamidia Hospital,17,2,0,0,5,12,12.59,187.09,10,7,4
2024-05-08,Bansal Hospital,9,2,0,0,5,16,20.77,431.91,16,18,14
2024-05-08,Bansal Hospital,10,2,0,0,5,16,12.07,201.09,15,24,10
2024-05-08,Bansal Hospital,11,2,0,0,5,11,15.97,190.01,9,19,11
2024-05-08,Bansal Hospital,12,2,0,0,5,13,22.81,373.31,5,19,9
2024-05-08,Bansal Hospital,13,2,0,0,5,14,17.87,249.13,7,9,16
2024-05-08,Bansal Hospital,14,2,0,0,5,10,11.51,103.64,9,18,17
2024-05-08,Bansal Hospital,15,2,0,0,5,24,16.74,366.0,1,27,9
2024-05-08,Bansal Hospital,16,2,0,0,5,28,12.02,426.12,23,21,17
2024-05-08,Bansal Hospital,17,2,0,0,5,15,11.79,207.69,10,12,14
2024-05-08,Chirayu Medical College,9,2,0,0,5,23,18.69,459.05,23,26,7
2024-05-08,Chirayu Medical College,10,2,0,0,5,16,12.07,188.37,2,7,10
2024-05-08,Chirayu Medical College,11,2,0,0,5,22,8.47,226.37,22,25,15
2024-05-08,Chirayu Medical College,12,2,0,0,5,17,5.0,111.48,15,19,2
2024-05-08,Chirayu Medical College,13,2,0,0,5,16,20.19,319.69,14,9,13
2024-05-08,Chirayu Medical College,14,2,0,0,5,7,20.64,102.75,3,22,9
2024-05-08,Chirayu Medical College,15,2,0,0,5,18,20.26,351.43,3,6,17
2024-05-08,Chirayu Medical College,16,2,0,0,5,23,14.97,301.96,21,13,1
2024-05-08,Chirayu Medical College,17,2,0,0,5,10,11.74,99.66,8,18,18
2024-05-08,People's Hospital,9,2,0,0,5,21,18.89,487.15,17,28,18
2024-05-08,People's Hospital,10,2,0,0,5,26,17.77,404.42,25,21,19
2024-05-08,People's Hospital,11,2,0,0,5,29,12.76,283.2,23,18,17
2024-05-08,People's Hospital,12,2,0,0,5,12,17.62,141.55,1,4,17
2024-05-08,People's Hospital,13,2,0,0,5,7,15.98,112.66,6,11,5
2024-05-08,People's Hospital,14,2,0,0,5,16,17.43,203.26,2,15,5
2024-05-08,People's Hospital,15,2,0,0,5,18,18.97,382.14,11,6,8
2024-05-08,People's Hospital,16,2,0,0,5,11,11.3,114.4,2,23,0
2024-05-08,People's Hospital,17,2,0,0,5,24,21.31,519.58,21,14,16
2024-05-08,Bhopal Memorial Hospital,9,2,0,0,5,23,17.59,366.59,22,8,15
2024-05-08,Bhopal Memorial Hospital,10,2,0,0,5,22,19.56,334.12,19,15,13
2024-05-08,Bhopal Memorial Hospital,11,2,0,0,5,24,14.4,310.85,10,29,16
2024-05-08,Bhopal Memorial Hospital,12,2,0,0,5,14,20.92,178.84,6,6,14
2024-05-08,Bhopal Memorial Hospital,13,2,0,0,5,7,13.01,85.61,3,5,5
2024-05-08,Bhopal Memorial Hospital,14,2,0,0,5,9,17.03,135.55,4,13,7
2024-05-08,Bhopal Memorial Hospital,15,2,0,0,5,21,9.16,205.5,16,18,14
2024-05-08,Bhopal Memorial Hospital,16,2,0,0,5,18,14.97,355.77,5,15,10
2024-05-08,Bhopal Memorial Hospital,17,2,0,0,5,25,17.15,368.71,7,24,2
2024-05-09,AIIMS Bhopal,9,3,0,0,5,8,13.23,134.94,8,22,2
2024-05-09,AIIMS Bhopal,10,3,0,0,5,20,23.83,477.9,3,23,5
2024-05-09,AIIMS Bhopal,11,3,0,0,5,31,21.93,724.41,3,24,18
2024-05-09,AIIMS Bhopal,12,3,0,0,5,9,11.89,108.95,7,15,13
2024-05-09,AIIMS Bhopal,13,3,0,0,5,16,16.58,228.52,5,28,2
2024-05-09,AIIMS Bhopal,14,3,0,0,5,15,21.84,432.55,5,27,7
2024-05-09,AIIMS Bhopal,15,3,0,0,5,19,11.37,248.42,8,28,1
2024-05-09,AIIMS Bhopal,16,3,0,0,5,18,18.83,432.72,13,30,18
2024-05-09,AIIMS Bhopal,17,3,0,0,5,19,13.2,149.23,11,20,14
2024-05-09,Hamidia Hospital,9,3,0,0,5,20,11.49,232.5,1,18,17
2024-05-09,Hamidia Hospital,10,3,0,0,5,13,14.86,136.32,3,19,7
2024-05-09,Hamidia Hospital,11,3,0,0,5,22,17.9,253.94,9,26,13
2024-05-09,Hamidia Hospital,12,3,0,0,5,10,16.59,195.44,5,22,19
2024-05-09,Hamidia Hospital,13,3,0,0,5,9,11.69,79.15,4,6,18
2024-05-09,Hamidia Hospital,14,3,0,0,5,14,19.58,399.6,8,13,12
2024-05-09,Hamidia Hospital,15,3,0,0,5,17,14.81,318.11,2,21,10
2024-05-09,Hamidia Hospital,16,3,0,0,5,13,9.77,91.84,7,15,6
2024-05-09,Hamidia Hospital,17,3,0,0,5,8,18.71,160.96,7,7,3
2024-05-09,Bansal Hospital,9,3,0,0,5,9,13.99,133.72,5,4,14
2024-05-09,Bansal Hospital,10,3,0,0,5,31,8.61,287.45,31,28,1
2024-05-09,Bansal Hospital,11,3,0,0,5,22,17.51,308.26,3,9,11
2024-05-09,Bansal Hospital,12,3,0,0,5,14,19.28,211.17,8,26,7
2024-05-09,Bansal Hospital,13,3,0,0,5,14,13.44,204.82,11,8,19
2024-05-09,Bansal Hospital,14,3,0,0,5,12,10.62,111.9,8,17,15
2024-05-09,Bansal Hospital,15,3,0,0,5,9,13.29,136.99,1,18,2
2024-05-09,Bansal Hospital,16,3,0,0,5,16,11.87,109.91,13,22,19
2024-05-09,Bansal Hospital,17,3,0,0,5,11,12.14,170.64,3,29,15
2024-05-09,Chirayu Medical College,9,3,0,0,5,8,16.99,140.24,4,9,3
2024-05-09,Chirayu Medical College,10,3,0,0,5,18,18.95,332.93,7,18,8
2024-05-09,Chirayu Medical College,11,3,0,0,5,27,16.45,448.09,14,27,17
2024-05-09,Chirayu Medical College,12,3,0,0,5,25,14.13,418.06,16,5,4
2024-05-09,Chirayu Medical College,13,3,0,0,5,7,12.57,86.21,6,23,11
2024-05-09,Chirayu Medical College,14,3,0,0,5,7,14.36,82.01,4,27,2
2024-05-09,Chirayu Medical College,15,3,0,0,5,23,5.0,141.8,12,13,17
2024-05-09,Chirayu Medical College,16,3,0,0,5,16,18.45,370.25,12,7,17
2024-05-09,Chirayu Medical College,17,3,0,0,5,18,9.43,152.21,14,9,0
2024-05-09,People's Hospital,9,3,0,0,5,12,15.56,140.03,12,8,19
2024-05-09,People's Hospital,10,3,0,0,5,19,16.1,250.98,5,20,14
2024-05-09,People's Hospital,11,3,0,0,5,31,13.58,395.24,24,9,11
2024-05-09,People's Hospital,12,3,0,0,5,21,12.02,367.38,14,19,9
2024-05-09,People's Hospital,13,3,0,0,5,16,14.68,272.43,12,13,1
2024-05-09,People's Hospital,14,3,0,0,5,15,11.59,105.9,4,6,0
2024-05-09,People's Hospital,15,3,0,0,5,11,24.76,271.33,11,4,16
2024-05-09,People's Hospital,16,3,0,0,5,32,19.75,679.78,21,15,9
2024-05-09,People's Hospital,17,3,0,0,5,19,15.01,190.56,11,20,3
2024-05-09,Bhopal Memorial Hospital,9,3,0,0,5,8,14.75,121.12,1,20,17
2024-05-09,Bhopal Memorial Hospital,10,3,0,0,5,27,10.36,285.31,9,11,15
2024-05-09,Bhopal Memorial Hospital,11,3,0,0,5,27,17.43,501.58,18,28,17
2024-05-09,Bhopal Memorial Hospital,12,3,0,0,5,21,9.61,254.91,21,12,12
2024-05-09,Bhopal Memorial Hospital,13,3,0,0,5,12,15.14,207.18,5,29,14
2024-05-09,Bhopal Memorial Hospital,14,3,0,0,5,15,14.13,266.64,4,9,15
2024-05-09,Bhopal Memorial Hospital,15,3,0,0,5,12,19.45,311.13,12,16,5
2024-05-09,Bhopal Memorial Hospital,16,3,0,0,5,31,21.85,880.3,12,3,5
2024-05-09,Bhopal Memorial Hospital,17,3,0,0,5,14,12.29,174.27,11,18,7
2024-05-10,AIIMS Bhopal,9,4,0,0,5,17,16.28,275.31,6,6,19
2024-05-10,AIIMS Bhopal,10,4,0,0,5,22,23.73,534.5,1,11,15
2024-05-10,AIIMS Bhopal,11,4,0,0,5,15,15.01,214.72,8,30,18
2024-05-10,AIIMS Bhopal,12,4,0,0,5,21,15.82,354.86,12,21,15
2024-05-10,AIIMS Bhopal,13,4,0,0,5,15,15.92,364.85,7,3,18
2024-05-10,AIIMS Bhopal,14,4,0,0,5,17,15.06,136.06,4,22,17
2024-05-10,AIIMS Bhopal,15,4,0,0,5,10,11.88,126.25,4,15,13
2024-05-10,AIIMS Bhopal,16,4,0,0,5,24,16.2,469.49,17,19,11
2024-05-10,AIIMS Bhopal,17,4,0,0,5,24,11.79,297.55,24,22,11
2024-05-10,Hamidia Hospital,9,4,0,0,5,19,12.13,240.68,18,11,8
2024-05-10,Hamidia Hospital,10,4,0,0,5,20,21.19,388.4,13,5,13
2024-05-10,Hamidia Hospital,11,4,0,0,5,19,16.96,275.29,11,18,8
2024-05-10,Hamidia Hospital,12,4,0,0,5,23,11.81,277.97,15,23,5
2024-05-10,Hamidia Hospital,13,4,0,0,5,7,18.0,149.29,5,17,14
2024-05-10,Hamidia Hospital,14,4,0,0,5,13,9.54,154.4,13,30,19
2024-05-10,Hamidia Hospital,15,4,0,0,5,10,21.04,179.4,9,18,10
2024-05-10,Hamidia Hospital,16,4,0,0,5,24,6.92,169.15,18,30,7
2024-05-10,Hamidia Hospital,17,4,0,0,5,12,14.1,107.62,1,23,0
2024-05-10,Bansal Hospital,9,4,0,0,5,9,14.72,136.2,5,14,3
2024-05-10,Bansal Hospital,10,4,0,0,5,28,15.44,507.95,12,12,1
2024-05-10,Bansal Hospital,11,4,0,0,5,23,14.81,315.38,8,11,9
2024-05-10,Bansal Hospital,12,4,0,0,5,13,14.48,207.11,11,26,15
2024-05-10,Bansal Hospital,13,4,0,0,5,7,17.57,121.04,2,10,1
2024-05-10,Bansal Hospital,14,4,0,0,5,14,13.61,212.54,13,9,11
2024-05-10,Bansal Hospital,15,4,0,0,5,23,11.6,373.88,19,24,17
2024-05-10,Bansal Hospital,16,4,0,0,5,10,5.0,35.18,3,19,5
2024-05-10,Bansal Hospital,17,4,0,0,5,11,7.61,62.9,9,18,17
2024-05-10,Chirayu Medical College,9,4,0,0,5,23,15.31,289.9,16,19,17
2024-05-10,Chirayu Medical College,10,4,0,0,5,15,16.24,159.32,4,17,13
2024-05-10,Chirayu Medical College,11,4,0,0,5,19,23.87,515.15,15,10,18
2024-05-10,Chirayu Medical College,12,4,0,0,5,24,13.73,198.62,13,16,0
2024-05-10,Chirayu Medical College,13,4,0,0,5,16,7.73,55.36,11,13,0
2024-05-10,Chirayu Medical College,14,4,0,0,5,6,13.7,69.62,3,24,1
2024-05-10,Chirayu Medical College,15,4,0,0,5,22,13.46,219.23,6,22,0
2024-05-10,Chirayu Medical College,16,4,0,0,5,13,19.29,256.64,4,25,5
2024-05-10,Chirayu Medical College,17,4,0,0,5,12,13.13,167.61,9,8,11
2024-05-10,People's Hospital,9,4,0,0,5,17,14.46,251.64,10,24,2
2024-05-10,People's Hospital,10,4,0,0,5,24,13.19,331.03,15,17,10
2024-05-10,People's Hospital,11,4,0,0,5,18,8.38,121.78,15,8,8
2024-05-10,People's Hospital,12,4,0,0,5,18,9.0,145.06,18,17,1
2024-05-10,People's Hospital,13,4,0,0,5,16,13.38,182.02,16,13,10
2024-05-10,People's Hospital,14,4,0,0,5,9,12.36,73.69,6,9,12
2024-05-10,People's Hospital,15,4,0,0,5,18,11.65,177.33,14,19,6
2024-05-10,People's Hospital,16,4,0,0,5,24,19.3,484.34,23,3,11
2024-05-10,People's Hospital,17,4,0,0,5,10,17.3,108.35,7,22,13
2024-05-10,Bhopal Memorial Hospital,9,4,0,0,5,22,17.9,518.18,18,6,10
2024-05-10,Bhopal Memorial Hospital,10,4,0,0,5,26,10.15,244.2,26,3,5
2024-05-10,Bhopal Memorial Hospital,11,4,0,0,5,29,18.21,432.02,11,10,14
2024-05-10,Bhopal Memorial Hospital,12,4,0,0,5,25,15.25,344.58,24,21,5
2024-05-10,Bhopal Memorial Hospital,13,4,0,0,5,11,18.91,231.79,8,10,0
2024-05-10,Bhopal Memorial Hospital,14,4,0,0,5,14,13.05,138.96,14,19,11
2024-05-10,Bhopal Memorial Hospital,15,4,0,0,5,24,15.87,457.21,9,24,16
2024-05-10,Bhopal Memorial Hospital,16,4,0,0,5,18,19.17,334.91,17,6,13
2024-05-10,Bhopal Memorial Hospital,17,4,0,0,5,22,17.61,468.94,14,13,13
2024-05-11,AIIMS Bhopal,9,5,1,0,5,5,19.16,87.07,3,14,18
2024-05-11,AIIMS Bhopal,10,5,1,0,5,14,12.16,178.33,13,28,10
2024-05-11,AIIMS Bhopal,11,5,1,0,5,13,15.25,200.07,12,27,14
2024-05-11,AIIMS Bhopal,12,5,1,0,5,13,16.72,203.8,1,12,1
2024-05-11,AIIMS Bhopal,13,5,1,0,5,4,11.48,61.02,1,3,17
2024-05-11,AIIMS Bhopal,14,5,1,0,5,7,16.69,89.92,2,9,10
2024-05-11,AIIMS Bhopal,15,5,1,0,5,13,8.28,106.8,13,18,4
2024-05-11,AIIMS Bhopal,16,5,1,0,5,6,12.73,74.91,1,3,9
2024-05-11,AIIMS Bhopal,17,5,1,0,5,6,10.17,76.76,6,27,9
2024-05-11,Hamidia Hospital,9,5,1,0,5,9,17.9,182.15,9,24,3
2024-05-11,Hamidia Hospital,10,5,1,0,5,15,15.77,149.11,2,13,11
2024-05-11,Hamidia Hospital,11,5,1,0,5,15,16.7,246.31,11,12,0
2024-05-11,Hamidia Hospital,12,5,1,0,5,9,9.57,95.33,1,4,1
2024-05-11,Hamidia Hospital,13,5,1,0,5,7,13.26,106.34,6,20,18
2024-05-11,Hamidia Hospital,14,5,1,0,5,4,18.12,84.52,4,30,18
2024-05-11,Hamidia Hospital,15,5,1,0,5,5,18.53,84.56,5,28,9
2024-05-11,Hamidia Hospital,16,5,1,0,5,11,12.15,167.26,11,29,16
2024-05-11,Hamidia Hospital,17,5,1,0,5,5,17.51,81.53,4,9,17
2024-05-11,Bansal Hospital,9,5,1,0,5,8,11.2,101.42,3,12,11
2024-05-11,Bansal Hospital,10,5,1,0,5,13,16.18,117.5,2,18,1
2024-05-11,Bansal Hospital,11,5,1,0,5,18,14.62,224.95,3,28,9
2024-05-11,Bansal Hospital,12,5,1,0,5,7,14.61,131.76,7,28,19
2024-05-11,Bansal Hospital,13,5,1,0,5,8,12.54,109.14,1,27,1
2024-05-11,Bansal Hospital,14,5,1,0,5,3,14.83,50.61,3,20,0
2024-05-11,Bansal Hospital,15,5,1,0,5,9,12.56,69.23,9,30,17
2024-05-11,Bansal Hospital,16,5,1,0,5,15,12.59,189.49,6,6,9
2024-05-11,Bansal Hospital,17,5,1,0,5,4,13.51,44.34,4,4,18
2024-05-11,Chirayu Medical College,9,5,1,0,5,14,17.59,234.83,8,29,0
2024-05-11,Chirayu Medical College,10,5,1,0,5,18,23.2,383.38,14,20,17
2024-05-11,Chirayu Medical College,11,5,1,0,5,7,15.13,109.86,7,23,17
2024-05-11,Chirayu Medical College,12,5,1,0,5,10,13.6,144.99,3,20,3
2024-05-11,Chirayu Medical College,13,5,1,0,5,7,18.69,139.45,3,11,13
2024-05-11,Chirayu Medical College,14,5,1,0,5,8,18.84,149.88,4,6,4
2024-05-11,Chirayu Medical College,15,5,1,0,5,11,15.37,184.93,8,15,18
2024-05-11,Chirayu Medical College,16,5,1,0,5,18,12.65,235.94,6,28,18
2024-05-11,Chirayu Medical College,17,5,1,0,5,11,21.37,198.62,11,21,9
2024-05-11,People's Hospital,9,5,1,0,5,13,14.79,202.7,1,23,18
2024-05-11,People's Hospital,10,5,1,0,5,18,11.75,180.39,15,10,7
2024-05-11,People's Hospital,11,5,1,0,5,7,15.37,70.51,1,16,1
2024-05-11,People's Hospital,12,5,1,0,5,9,19.41,247.49,2,11,8
2024-05-11,People's Hospital,13,5,1,0,5,9,18.54,185.04,1,30,8
2024-05-11,People's Hospital,14,5,1,0,5,6,15.39,74.67,4,11,9
2024-05-11,People's Hospital,15,5,1,0,5,11,13.05,112.78,11,7,19
2024-05-11,People's Hospital,16,5,1,0,5,15,14.76,185.21,6,11,2
2024-05-11,People's Hospital,17,5,1,0,5,6,19.73,71.17,4,20,1
2024-05-11,Bhopal Memorial Hospital,9,5,1,0,5,9,11.19,87.65,7,7,0
2024-05-11,Bhopal Memorial Hospital,10,5,1,0,5,10,17.7,117.29,8,10,19
2024-05-11,Bhopal Memorial Hospital,11,5,1,0,5,15,20.92,270.75,5,8,15
2024-05-11,Bhopal Memorial Hospital,12,5,1,0,5,12,22.19,267.79,5,24,3
2024-05-11,Bhopal Memorial Hospital,13,5,1,0,5,7,7.88,63.45,3,3,5
2024-05-11,Bhopal Memorial Hospital,14,5,1,0,5,8,14.1,99.05,4,12,4
2024-05-11,Bhopal Memorial Hospital,15,5,1,0,5,10,12.62,146.0,9,9,4
2024-05-11,Bhopal Memorial Hospital,16,5,1,0,5,15,13.58,128.24,4,20,8
2024-05-11,Bhopal Memorial Hospital,17,5,1,0,5,6,17.47,89.78,1,29,0
2024-05-12,AIIMS Bhopal,9,6,1,0,5,11,14.69,178.65,11,14,4
2024-05-12,AIIMS Bhopal,10,6,1,0,5,16,12.96,241.03,2,19,8
2024-05-12,AIIMS Bhopal,11,6,1,0,5,18,20.47,315.21,15,8,15
2024-05-12,AIIMS Bhopal,12,6,1,0,5,6,16.5,109.41,3,4,5
2024-05-12,AIIMS Bhopal,13,6,1,0,5,5,5.64,29.12,2,7,13
2024-05-12,AIIMS Bhopal,14,6,1,0,5,9,16.64,168.73,3,16,4
2024-05-12,AIIMS Bhopal,15,6,1,0,5,13,8.96,128.58,8,12,13
2024-05-12,AIIMS Bhopal,16,6,1,0,5,13,21.03,222.19,2,21,9
2024-05-12,AIIMS Bhopal,17,6,1,0,5,12,10.77,122.69,12,17,9
2024-05-12,Hamidia Hospital,9,6,1,0,5,7,18.27,124.66,5,22,6
2024-05-12,Hamidia Hospital,10,6,1,0,5,7,16.4,140.15,6,18,5
2024-05-12,Hamidia Hospital,11,6,1,0,5,15,12.39,201.46,14,22,0
2024-05-12,Hamidia Hospital,12,6,1,0,5,10,15.73,202.46,8,23,16
2024-05-12,Hamidia Hospital,13,6,1,0,5,5,15.08,71.6,1,15,3
2024-05-12,Hamidia Hospital,14,6,1,0,5,5,18.24,76.3,5,3,10
2024-05-12,Hamidia Hospital,15,6,1,0,5,9,12.13,155.02,9,24,17
2024-05-12,Hamidia Hospital,16,6,1,0,5,11,15.69,187.43,6,28,3
2024-05-12,Hamidia Hospital,17,6,1,0,5,14,19.01,271.43,5,20,0
2024-05-12,Bansal Hospital,9,6,1,0,5,7,15.01,116.37,1,30,3
2024-05-12,Bansal Hospital,10,6,1,0,5,11,7.39,81.11,10,23,11
2024-05-12,Bansal Hospital,11,6,1,0,5,10,18.36,198.6,4,21,15
2024-05-12,Bansal Hospital,12,6,1,0,5,15,18.18,244.82,4,11,2
2024-05-12,Bansal Hospital,13,6,1,0,5,7,13.53,90.86,6,15,13
2024-05-12,Bansal Hospital,14,6,1,0,5,2,7.26,14.52,1,25,12
2024-05-12,Bansal Hospital,15,6,1,0,5,11,18.75,221.38,3,16,5
2024-05-12,Bansal Hospital,16,6,1,0,5,9,11.32,148.42,9,23,19
2024-05-12,Bansal Hospital,17,6,1,0,5,7,20.58,195.58,3,6,17
2024-05-12,Chirayu Medical College,9,6,1,0,5,7,20.75,100.11,6,6,7
2024-05-12,Chirayu Medical College,10,6,1,0,5,13,19.0,260.65,2,4,16
2024-05-12,Chirayu Medical College,11,6,1,0,5,13,18.46,248.71,8,30,19
2024-05-12,Chirayu Medical College,12,6,1,0,5,13,15.67,200.13,3,25,19
2024-05-12,Chirayu Medical College,13,6,1,0,5,9,19.74,195.68,8,23,11
2024-05-12,Chirayu Medical College,14,6,1,0,5,4,17.82,60.2,4,16,11
2024-05-12,Chirayu Medical College,15,6,1,0,5,5,17.76,87.29,5,5,12
2024-05-12,Chirayu Medical College,16,6,1,0,5,19,20.42,338.46,6,6,9
2024-05-12,Chirayu Medical College,17,6,1,0,5,5,12.32,64.72,2,4,16
2024-05-12,People's Hospital,9,6,1,0,5,13,17.82,250.3,4,21,0
2024-05-12,People's Hospital,10,6,1,0,5,10,11.02,89.8,3,3,1
2024-05-12,People's Hospital,11,6,1,0,5,13,18.7,177.37,7,8,12
2024-05-12,People's Hospital,12,6,1,0,5,5,9.37,48.34,3,18,9
2024-05-12,People's Hospital,13,6,1,0,5,9,18.85,105.84,8,22,16
2024-05-12,People's Hospital,14,6,1,0,5,10,18.06,138.91,2,10,5
2024-05-12,People's Hospital,15,6,1,0,5,13,15.27,218.15,6,8,4
2024-05-12,People's Hospital,16,6,1,0,5,10,17.44,214.73,3,27,10
2024-05-12,People's Hospital,17,6,1,0,5,9,18.27,170.77,4,20,9
2024-05-12,Bhopal Memorial Hospital,9,6,1,0,5,13,15.5,163.24,4,23,2
2024-05-12,Bhopal Memorial Hospital,10,6,1,0,5,18,8.15,134.81,12,22,8
2024-05-12,Bhopal Memorial Hospital,11,6,1,0,5,16,13.68,214.61,6,26,8
2024-05-12,Bhopal Memorial Hospital,12,6,1,0,5,12,15.86,228.57,10,29,16
2024-05-12,Bhopal Memorial Hospital,13,6,1,0,5,6,11.32,69.65,6,23,11
2024-05-12,Bhopal Memorial Hospital,14,6,1,0,5,2,13.32,38.33,1,20,15
2024-05-12,Bhopal Memorial Hospital,15,6,1,0,5,11,22.91,276.73,8,26,14
2024-05-12,Bhopal Memorial Hospital,16,6,1,0,5,6,14.01,80.29,2,6,14
2024-05-12,Bhopal Memorial Hospital,17,6,1,0,5,7,21.8,187.82,7,10,11
2024-05-13,AIIMS Bhopal,9,0,0,1,5,33,17.62,582.55,16,6,11
2024-05-13,AIIMS Bhopal,10,0,0,1,5,37,12.26,419.02,8,4,2
2024-05-13,AIIMS Bhopal,11,0,0,1,5,29,13.55,412.19,20,24,6
2024-05-13,AIIMS Bhopal,12,0,0,1,5,19,14.78,286.73,14,8,5
2024-05-13,AIIMS Bhopal,13,0,0,1,5,19,19.87,410.46,3,15,8
2024-05-13,AIIMS Bhopal,14,0,0,1,5,11,15.27,134.14,4,10,3
2024-05-13,AIIMS Bhopal,15,0,0,1,5,28,16.09,467.03,18,7,6
2024-05-13,AIIMS Bhopal,16,0,0,1,5,19,19.54,375.35,15,6,19
2024-05-13,AIIMS Bhopal,17,0,0,1,5,23,11.34,368.46,9,4,10
2024-05-13,Hamidia Hospital,9,0,0,1,5,15,10.47,129.98,6,3,17
2024-05-13,Hamidia Hospital,10,0,0,1,5,18,9.86,145.29,1,29,10
2024-05-13,Hamidia Hospital,11,0,0,1,5,37,15.96,381.13,15,23,11
2024-05-13,Hamidia Hospital,12,0,0,1,5,18,19.53,119.34,12,22,11
2024-05-13,Hamidia Hospital,13,0,0,1,5,9,10.81,100.94,6,8,8
2024-05-13,Hamidia Hospital,14,0,0,1,5,10,15.62,231.3,3,25,5
2024-05-13,Hamidia Hospital,15,0,0,1,5,33,15.81,422.53,7,4,12
2024-05-13,Hamidia Hospital,16,0,0,1,5,37,13.06,573.07,11,12,18
2024-05-13,Hamidia Hospital,17,0,0,1,5,18,18.74,323.97,15,17,14
2024-05-13,Bansal Hospital,9,0,0,1,5,23,17.95,447.07,2,14,15
2024-05-13,Bansal Hospital,10,0,0,1,5,18,12.39,223.33,5,25,15
2024-05-13,Bansal Hospital,11,0,0,1,5,41,12.93,380.29,23,8,12
2024-05-13,Bansal Hospital,12,0,0,1,5,15,13.2,238.54,15,19,19
2024-05-13,Bansal Hospital,13,0,0,1,5,23,9.76,184.6,13,29,17
2024-05-13,Bansal Hospital,14,0,0,1,5,14,23.66,433.47,6,30,3
2024-05-13,Bansal Hospital,15,0,0,1,5,14,17.18,252.12,5,6,5
2024-05-13,Bansal Hospital,16,0,0,1,5,29,13.59,305.48,12,12,13
2024-05-13,Bansal Hospital,17,0,0,1,5,30,16.84,724.81,30,9,14
2024-05-13,Chirayu Medical College,9,0,0,1,5,14,18.99,238.03,14,25,8
2024-05-13,Chirayu Medical College,10,0,0,1,5,18,6.91,99.34,14,15,19
2024-05-13,Chirayu Medical College,11,0,0,1,5,32,11.45,529.87,4,20,11
2024-05-13,Chirayu Medical College,12,0,0,1,5,32,14.98,469.73,17,3,3
2024-05-13,Chirayu Medical College,13,0,0,1,5,9,18.71,154.44,2,17,0
2024-05-13,Chirayu Medical College,14,0,0,1,5,19,19.6,438.12,2,6,3
2024-05-13,Chirayu Medical College,15,0,0,1,5,16,10.29,176.75,3,24,16
2024-05-13,Chirayu Medical College,16,0,0,1,5,18,14.06,256.5,8,13,15
2024-05-13,Chirayu Medical College,17,0,0,1,5,28,10.22,371.31,9,3,0
2024-05-13,People's Hospital,9,0,0,1,5,14,9.64,117.98,14,23,10
2024-05-13,People's Hospital,10,0,0,1,5,29,19.3,406.13,24,4,14
2024-05-13,People's Hospital,11,0,0,1,5,45,15.96,644.66,19,5,3
2024-05-13,People's Hospital,12,0,0,1,5,29,16.86,440.56,25,25,5
2024-05-13,People's Hospital,13,0,0,1,5,16,21.08,311.2,3,29,3
2024-05-13,People's Hospital,14,0,0,1,5,15,18.27,231.19,15,12,12
2024-05-13,People's Hospital,15,0,0,1,5,29,20.4,795.94,17,7,4
2024-05-13,People's Hospital,16,0,0,1,5,27,16.37,432.69,14,12,4
2024-05-13,People's Hospital,17,0,0,1,5,14,16.21,181.39,9,11,12
2024-05-13,Bhopal Memorial Hospital,9,0,0,1,5,12,16.17,263.41,10,28,11
2024-05-13,Bhopal Memorial Hospital,10,0,0,1,5,19,12.48,206.09,5,10,8
2024-05-13,Bhopal Memorial Hospital,11,0,0,1,5,37,13.25,525.42,32,12,13
2024-05-13,Bhopal Memorial Hospital,12,0,0,1,5,22,11.94,341.85,8,6,13
2024-05-13,Bhopal Memorial Hospital,13,0,0,1,5,15,11.96,164.28,7,4,10
2024-05-13,Bhopal Memorial Hospital,14,0,0,1,5,16,19.88,377.09,7,18,3
2024-05-13,Bhopal Memorial Hospital,15,0,0,1,5,21,12.92,236.29,14,26,7
2024-05-13,Bhopal Memorial Hospital,16,0,0,1,5,19,15.03,276.69,16,20,19
2024-05-13,Bhopal Memorial Hospital,17,0,0,1,5,12,11.82,114.89,10,29,10
2024-05-14,AIIMS Bhopal,9,1,0,0,5,22,14.98,307.72,18,28,16
2024-05-14,AIIMS Bhopal,10,1,0,0,5,19,18.19,339.97,11,23,8
2024-05-14,AIIMS Bhopal,11,1,0,0,5,22,7.39,167.09,8,10,8
2024-05-14,AIIMS Bhopal,12,1,0,0,5,15,10.98,199.45,11,30,19
2024-05-14,AIIMS Bhopal,13,1,0,0,5,16,15.06,322.24,16,4,3
2024-05-14,AIIMS Bhopal,14,1,0,0,5,14,11.22,156.71,14,14,7
2024-05-14,AIIMS Bhopal,15,1,0,0,5,10,11.12,74.35,8,28,10
2024-05-14,AIIMS Bhopal,16,1,0,0,5,11,14.99,167.88,10,9,15
2024-05-14,AIIMS Bhopal,17,1,0,0,5,8,20.76,193.46,6,22,12
2024-05-14,Hamidia Hospital,9,1,0,0,5,25,11.08,250.59,21,3,19
2024-05-14,Hamidia Hospital,10,1,0,0,5,24,15.4,383.07,24,28,11
2024-05-14,Hamidia Hospital,11,1,0,0,5,11,11.26,107.33,10,7,16
2024-05-14,Hamidia Hospital,12,1,0,0,5,10,10.73,102.8,3,15,12
2024-05-14,Hamidia Hospital,13,1,0,0,5,16,24.21,444.81,6,12,2
2024-05-14,Hamidia Hospital,14,1,0,0,5,14,16.66,225.56,10,14,8
2024-05-14,Hamidia Hospital,15,1,0,0,5,9,17.45,110.65,7,8,15
2024-05-14,Hamidia Hospital,16,1,0,0,5,31,9.87,203.28,1,19,17
2024-05-14,Hamidia Hospital,17,1,0,0,5,9,9.37,103.06,2,27,3
2024-05-14,Bansal Hospital,9,1,0,0,5,12,22.19,241.75,8,21,10
2024-05-14,Bansal Hospital,10,1,0,0,5,15,16.64,229.93,14,8,6
2024-05-14,Bansal Hospital,11,1,0,0,5,19,17.46,320.07,13,18,15
2024-05-14,Bansal Hospital,12,1,0,0,5,12,10.76,168.73,12,29,6
2024-05-14,Bansal Hospital,13,1,0,0,5,16,20.69,203.64,14,6,13
2024-05-14,Bansal Hospital,14,1,0,0,5,9,12.68,81.32,5,5,6
2024-05-14,Bansal Hospital,15,1,0,0,5,16,16.2,200.45,16,9,4
2024-05-14,Bansal Hospital,16,1,0,0,5,18,13.14,286.89,16,30,8
2024-05-14,Bansal Hospital,17,1,0,0,5,13,16.55,204.3,5,26,4
2024-05-14,Chirayu Medical College,9,1,0,0,5,8,13.02,95.71,8,22,7
2024-05-14,Chirayu Medical College,10,1,0,0,5,29,14.74,509.29,17,17,2
2024-05-14,Chirayu Medical College,11,1,0,0,5,22,15.8,365.1,22,13,18
2024-05-14,Chirayu Medical College,12,1,0,0,5,12,10.98,88.09,6,10,0
2024-05-14,Chirayu Medical College,13,1,0,0,5,13,10.09,170.64,11,20,15
2024-05-14,Chirayu Medical College,14,1,0,0,5,16,6.83,73.39,8,15,9
2024-05-14,Chirayu Medical College,15,1,0,0,5,13,10.57,139.59,6,17,4
2024-05-14,Chirayu Medical College,16,1,0,0,5,19,9.43,172.69,14,24,2
2024-05-14,Chirayu Medical College,17,1,0,0,5,12,13.54,155.62,6,6,3
2024-05-14,People's Hospital,9,1,0,0,5,10,15.18,172.48,2,3,15
2024-05-14,People's Hospital,10,1,0,0,5,23,18.68,621.3,22,4,5
2024-05-14,People's Hospital,11,1,0,0,5,20,10.66,244.66,17,29,9
2024-05-14,People's Hospital,12,1,0,0,5,11,16.05,193.53,3,8,7
2024-05-14,People's Hospital,13,1,0,0,5,9,19.25,148.68,4,19,10
2024-05-14,People's Hospital,14,1,0,0,5,16,21.37,384.45,10,9,18
2024-05-14,People's Hospital,15,1,0,0,5,11,15.01,170.18,9,14,17
2024-05-14,People's Hospital,16,1,0,0,5,28,17.62,476.24,20,8,3
2024-05-14,People's Hospital,17,1,0,0,5,15,16.85,245.13,14,26,17
2024-05-14,Bhopal Memorial Hospital,9,1,0,0,5,13,18.68,297.13,9,3,19
2024-05-14,Bhopal Memorial Hospital,10,1,0,0,5,18,11.36,217.46,8,5,14
2024-05-14,Bhopal Memorial Hospital,11,1,0,0,5,32,12.98,540.14,16,20,0
2024-05-14,Bhopal Memorial Hospital,12,1,0,0,5,14,11.97,176.8,11,17,7
2024-05-14,Bhopal Memorial Hospital,13,1,0,0,5,17,17.03,318.35,7,17,1
2024-05-14,Bhopal Memorial Hospital,14,1,0,0,5,11,11.42,114.21,5,29,11
2024-05-14,Bhopal Memorial Hospital,15,1,0,0,5,18,13.45,290.74,16,3,0
2024-05-14,Bhopal Memorial Hospital,16,1,0,0,5,23,22.67,401.06,11,23,16
2024-05-14,Bhopal Memorial Hospital,17,1,0,0,5,24,16.85,444.32,9,20,3
2024-05-15,AIIMS Bhopal,9,2,0,0,5,11,15.17,159.14,9,28,5
2024-05-15,AIIMS Bhopal,10,2,0,0,5,19,11.49,214.18,5,26,17
2024-05-15,AIIMS Bhopal,11,2,0,0,5,20,9.65,195.62,18,27,5
2024-05-15,AIIMS Bhopal,12,2,0,0,5,18,8.5,148.15,8,17,2
2024-05-15,AIIMS Bhopal,13,2,0,0,5,13,12.01,167.81,6,30,7
2024-05-15,AIIMS Bhopal,14,2,0,0,5,9,14.82,104.42,1,15,13
2024-05-15,AIIMS Bhopal,15,2,0,0,5,21,13.04,215.9,21,24,12
2024-05-15,AIIMS Bhopal,16,2,0,0,5,18,15.28,235.24,4,21,2
2024-05-15,AIIMS Bhopal,17,2,0,0,5,21,10.17,64.58,19,13,10
2024-05-15,Hamidia Hospital,9,2,0,0,5,15,17.96,275.85,4,26,3
2024-05-15,Hamidia Hospital,10,2,0,0,5,18,14.95,287.57,16,18,19
2024-05-15,Hamidia Hospital,11,2,0,0,5,13,15.51,200.76,4,18,18
2024-05-15,Hamidia Hospital,12,2,0,0,5,14,16.79,238.65,9,21,4
2024-05-15,Hamidia Hospital,13,2,0,0,5,6,17.61,95.13,3,19,4
2024-05-15,Hamidia Hospital,14,2,0,0,5,6,7.83,49.44,4,8,8
2024-05-15,Hamidia Hospital,15,2,0,0,5,22,18.32,391.97,10,16,17
2024-05-15,Hamidia Hospital,16,2,0,0,5,20,17.72,332.33,12,28,10
2024-05-15,Hamidia Hospital,17,2,0,0,5,9,16.07,75.41,3,21,19
2024-05-15,Bansal Hospital,9,2,0,0,5,8,10.7,116.59,7,28,14
2024-05-15,Bansal Hospital,10,2,0,0,5,14,20.05,355.48,3,26,1
2024-05-15,Bansal Hospital,11,2,0,0,5,24,7.76,196.12,20,3,7
2024-05-15,Bansal Hospital,12,2,0,0,5,18,12.9,164.24,1,20,3
2024-05-15,Bansal Hospital,13,2,0,0,5,14,8.04,102.56,12,11,8
2024-05-15,Bansal Hospital,14,2,0,0,5,12,5.96,85.39,8,26,17
2024-05-15,Bansal Hospital,15,2,0,0,5,10,16.96,136.64,5,8,1
2024-05-15,Bansal Hospital,16,2,0,0,5,23,14.41,482.55,21,14,2
2024-05-15,Bansal Hospital,17,2,0,0,5,19,20.25,331.86,14,18,8
2024-05-15,Chirayu Medical College,9,2,0,0,5,8,12.72,96.85,2,26,12
2024-05-15,Chirayu Medical College,10,2,0,0,5,29,16.64,357.8,20,24,7
2024-05-15,Chirayu Medical College,11,2,0,0,5,11,15.79,170.15,4,11,2
2024-05-15,Chirayu Medical College,12,2,0,0,5,17,17.59,259.38,2,15,15
2024-05-15,Chirayu Medical College,13,2,0,0,5,5,8.06,33.6,3,16,11
2024-05-15,Chirayu Medical College,14,2,0,0,5,11,14.58,159.98,1,3,1
2024-05-15,Chirayu Medical College,15,2,0,0,5,17,18.24,322.08,14,11,11
2024-05-15,Chirayu Medical College,16,2,0,0,5,20,12.18,210.01,7,12,17
2024-05-15,Chirayu Medical College,17,2,0,0,5,22,12.75,323.39,1,12,17
2024-05-15,People's Hospital,9,2,0,0,5,12,17.56,177.99,3,13,14
2024-05-15,People's Hospital,10,2,0,0,5,27,24.67,794.68,17,4,15
2024-05-15,People's Hospital,11,2,0,0,5,23,14.87,312.63,17,6,5
2024-05-15,People's Hospital,12,2,0,0,5,11,16.04,142.96,3,24,11
2024-05-15,People's Hospital,13,2,0,0,5,6,13.13,76.0,5,13,19
2024-05-15,People's Hospital,14,2,0,0,5,5,14.31,77.98,1,17,2
2024-05-15,People's Hospital,15,2,0,0,5,23,14.76,435.43,22,11,15
2024-05-15,People's Hospital,16,2,0,0,5,29,21.6,365.79,22,15,6
2024-05-15,People's Hospital,17,2,0,0,5,11,10.69,91.97,4,27,5
2024-05-15,Bhopal Memorial Hospital,9,2,0,0,5,15,18.2,314.83,8,4,5
2024-05-15,Bhopal Memorial Hospital,10,2,0,0,5,24,13.63,386.63,14,19,8
2024-05-15,Bhopal Memorial Hospital,11,2,0,0,5,22,14.06,391.02,10,14,16
2024-05-15,Bhopal Memorial Hospital,12,2,0,0,5,13,14.97,228.06,11,20,7
2024-05-15,Bhopal Memorial Hospital,13,2,0,0,5,9,8.13,71.78,2,30,7
2024-05-15,Bhopal Memorial Hospital,14,2,0,0,5,15,12.86,170.13,12,24,8
2024-05-15,Bhopal Memorial Hospital,15,2,0,0,5,23,19.92,408.16,23,8,18
2024-05-15,Bhopal Memorial Hospital,16,2,0,0,5,28,14.96,344.64,19,5,8
2024-05-15,Bhopal Memorial Hospital,17,2,0,0,5,17,23.63,370.19,10,3,0
2024-05-16,AIIMS Bhopal,9,3,0,0,5,17,9.16,196.13,9,15,7
2024-05-16,AIIMS Bhopal,10,3,0,0,5,15,12.96,169.15,12,29,16
2024-05-16,AIIMS Bhopal,11,3,0,0,5,29,9.66,250.34,16,27,7
2024-05-16,AIIMS Bhopal,12,3,0,0,5,23,10.44,281.35,16,16,8
2024-05-16,AIIMS Bhopal,13,3,0,0,5,16,18.92,272.57,2,13,7
2024-05-16,AIIMS Bhopal,14,3,0,0,5,11,17.31,162.6,10,6,17
2024-05-16,AIIMS Bhopal,15,3,0,0,5,22,16.49,389.21,18,21,14
2024-05-16,AIIMS Bhopal,16,3,0,0,5,22,8.23,204.67,14,16,12
2024-05-16,AIIMS Bhopal,17,3,0,0,5,9,14.41,119.71,2,22,6
2024-05-16,Hamidia Hospital,9,3,0,0,5,19,18.94,477.68,5,13,18
2024-05-16,Hamidia Hospital,10,3,0,0,5,18,18.24,374.12,16,30,0
2024-05-16,Hamidia Hospital,11,3,0,0,5,31,16.13,399.43,28,17,10
2024-05-16,Hamidia Hospital,12,3,0,0,5,11,18.82,213.64,11,16,6
2024-05-16,Hamidia Hospital,13,3,0,0,5,14,9.14,131.49,14,11,14
2024-05-16,Hamidia Hospital,14,3,0,0,5,16,23.71,343.54,4,11,1
2024-05-16,Hamidia Hospital,15,3,0,0,5,19,17.62,212.92,15,4,4
2024-05-16,Hamidia Hospital,16,3,0,0,5,24,21.66,515.45,23,5,11
2024-05-16,Hamidia Hospital,17,3,0,0,5,19,17.99,329.65,10,4,19
2024-05-16,Bansal Hospital,9,3,0,0,5,25,11.86,394.28,5,14,12
2024-05-16,Bansal Hospital,10,3,0,0,5,18,5.23,96.92,9,26,17
2024-05-16,Bansal Hospital,11,3,0,0,5,20,10.96,274.83,16,15,13
2024-05-16,Bansal Hospital,12,3,0,0,5,14,15.18,251.13,5,8,0
2024-05-16,Bansal Hospital,13,3,0,0,5,12,20.09,251.38,6,9,0
2024-05-16,Bansal Hospital,14,3,0,0,5,15,19.9,414.48,8,7,16
2024-05-16,Bansal Hospital,15,3,0,0,5,12,9.86,123.12,11,19,17
2024-05-16,Bansal Hospital,16,3,0,0,5,29,20.91,677.57,19,11,5
2024-05-16,Bansal Hospital,17,3,0,0,5,21,15.35,309.72,14,16,19
2024-05-16,Chirayu Medical College,9,3,0,0,5,25,20.58,542.93,25,17,13
2024-05-16,Chirayu Medical College,10,3,0,0,5,22,14.78,365.03,20,29,9
2024-05-16,Chirayu Medical College,11,3,0,0,5,18,14.56,247.04,16,22,12
2024-05-16,Chirayu Medical College,12,3,0,0,5,11,12.41,144.47,8,30,14
2024-05-16,Chirayu Medical College,13,3,0,0,5,16,14.88,276.45,4,16,9
2024-05-16,Chirayu Medical College,14,3,0,0,5,7,11.6,72.85,6,16,18
2024-05-16,Chirayu Medical College,15,3,0,0,5,18,22.54,426.71,16,28,5
2024-05-16,Chirayu Medical College,16,3,0,0,5,23,12.13,246.98,4,15,19
2024-05-16,Chirayu Medical College,17,3,0,0,5,10,11.8,144.43,9,4,15
2024-05-16,People's Hospital,9,3,0,0,5,24,15.83,399.59,22,4,0
2024-05-16,People's Hospital,10,3,0,0,5,31,17.57,574.12,28,26,9
2024-05-16,People's Hospital,11,3,0,0,5,10,21.11,290.54,8,12,7
2024-05-16,People's Hospital,12,3,0,0,5,13,17.08,180.79,12,8,8
2024-05-16,People's Hospital,13,3,0,0,5,11,15.28,169.82,7,24,18
2024-05-16,People's Hospital,14,3,0,0,5,13,19.61,216.4,2,23,5
2024-05-16,People's Hospital,15,3,0,0,5,17,12.26,223.96,8,5,3
2024-05-16,People's Hospital,16,3,0,0,5,32,17.49,663.01,7,11,13
2024-05-16,People's Hospital,17,3,0,0,5,19,13.48,243.86,3,23,4
2024-05-16,Bhopal Memorial Hospital,9,3,0,0,5,8,17.74,92.52,1,14,19
2024-05-16,Bhopal Memorial Hospital,10,3,0,0,5,26,21.01,529.5,21,21,8
2024-05-16,Bhopal Memorial Hospital,11,3,0,0,5,15,17.01,376.3,5,29,6
2024-05-16,Bhopal Memorial Hospital,12,3,0,0,5,25,12.12,216.58,12,30,9
2024-05-16,Bhopal Memorial Hospital,13,3,0,0,5,9,11.68,101.82,4,18,15
2024-05-16,Bhopal Memorial Hospital,14,3,0,0,5,10,13.24,163.82,6,4,7
2024-05-16,Bhopal Memorial Hospital,15,3,0,0,5,8,17.62,99.19,8,18,4
2024-05-16,Bhopal Memorial Hospital,16,3,0,0,5,13,20.23,261.07,2,15,5
2024-05-16,Bhopal Memorial Hospital,17,3,0,0,5,19,22.35,471.68,12,9,5
2024-05-17,AIIMS Bhopal,9,4,0,0,5,21,9.88,227.14,9,30,9
2024-05-17,AIIMS Bhopal,10,4,0,0,5,31,15.11,573.3,13,20,14
2024-05-17,AIIMS Bhopal,11,4,0,0,5,29,12.49,333.54,17,24,16
2024-05-17,AIIMS Bhopal,12,4,0,0,5,16,16.04,240.63,6,30,16
2024-05-17,AIIMS Bhopal,13,4,0,0,5,14,10.55,160.18,8,11,15
2024-05-17,AIIMS Bhopal,14,4,0,0,5,17,10.88,219.16,2,12,0
2024-05-17,AIIMS Bhopal,15,4,0,0,5,22,9.11,256.24,6,22,12
2024-05-17,AIIMS Bhopal,16,4,0,0,5,26,12.05,422.92,10,6,10
2024-05-17,AIIMS Bhopal,17,4,0,0,5,23,16.09,477.9,2,7,0
2024-05-17,Hamidia Hospital,9,4,0,0,5,17,16.59,284.96,1,17,3
2024-05-17,Hamidia Hospital,10,4,0,0,5,13,19.58,320.5,5,10,7
2024-05-17,Hamidia Hospital,11,4,0,0,5,28,23.56,763.88,14,14,14
2024-05-17,Hamidia Hospital,12,4,0,0,5,24,17.94,397.37,13,10,11
2024-05-17,Hamidia Hospital,13,4,0,0,5,12,20.19,254.3,6,9,2
2024-05-17,Hamidia Hospital,14,4,0,0,5,7,16.93,120.72,3,19,9
2024-05-17,Hamidia Hospital,15,4,0,0,5,19,8.89,208.67,3,29,7
2024-05-17,Hamidia Hospital,16,4,0,0,5,29,16.15,478.62,23,25,2
2024-05-17,Hamidia Hospital,17,4,0,0,5,22,14.59,362.18,15,14,13
2024-05-17,Bansal Hospital,9,4,0,0,5,8,19.74,47.29,1,8,3
2024-05-17,Bansal Hospital,10,4,0,0,5,28,15.64,496.81,27,22,15
2024-05-17,Bansal Hospital,11,4,0,0,5,11,22.21,295.26,1,6,9
2024-05-17,Bansal Hospital,12,4,0,0,5,13,13.63,184.5,13,20,19
2024-05-17,Bansal Hospital,13,4,0,0,5,9,17.06,144.76,5,3,0
2024-05-17,Bansal Hospital,14,4,0,0,5,14,19.31,301.13,6,11,18
2024-05-17,Bansal Hospital,15,4,0,0,5,21,16.18,329.83,21,13,2
2024-05-17,Bansal Hospital,16,4,0,0,5,20,15.01,375.39,2,29,8
2024-05-17,Bansal Hospital,17,4,0,0,5,23,21.52,588.24,23,30,0
2024-05-17,Chirayu Medical College,9,4,0,0,5,9,18.51,158.44,2,13,7
2024-05-17,Chirayu Medical College,10,4,0,0,5,13,13.63,132.65,6,22,13
2024-05-17,Chirayu Medical College,11,4,0,0,5,11,16.11,159.46,7,22,6
2024-05-17,Chirayu Medical College,12,4,0,0,5,16,18.26,134.5,16,18,19
2024-05-17,Chirayu Medical College,13,4,0,0,5,14,8.27,138.15,5,19,10
2024-05-17,Chirayu Medical College,14,4,0,0,5,14,17.67,292.49,1,29,8
2024-05-17,Chirayu Medical College,15,4,0,0,5,13,16.74,257.34,5,27,1
2024-05-17,Chirayu Medical College,16,4,0,0,5,26,12.37,294.39,24,25,16
2024-05-17,Chirayu Medical College,17,4,0,0,5,21,15.3,209.53,16,13,8
2024-05-17,People's Hospital,9,4,0,0,5,11,14.83,143.99,8,6,3
2024-05-17,People's Hospital,10,4,0,0,5,22,8.06,152.18,4,15,1
2024-05-17,People's Hospital,11,4,0,0,5,24,15.8,375.86,3,21,15
2024-05-17,People's Hospital,12,4,0,0,5,18,12.17,259.51,18,8,12
2024-05-17,People's Hospital,13,4,0,0,5,16,14.71,189.29,11,4,8
2024-05-17,People's Hospital,14,4,0,0,5,11,14.83,148.87,5,11,4
2024-05-17,People's Hospital,15,4,0,0,5,16,15.66,167.65,16,28,0
2024-05-17,People's Hospital,16,4,0,0,5,31,8.98,257.43,28,4,2
2024-05-17,People's Hospital,17,4,0,0,5,18,16.21,253.75,17,24,13
2024-05-17,Bhopal Memorial Hospital,9,4,0,0,5,13,12.42,174.54,10,17,1
2024-05-17,Bhopal Memorial Hospital,10,4,0,0,5,22,15.9,369.44,19,24,16
2024-05-17,Bhopal Memorial Hospital,11,4,0,0,5,14,12.74,248.07,1,17,12
2024-05-17,Bhopal Memorial Hospital,12,4,0,0,5,25,20.13,572.62,2,16,17
2024-05-17,Bhopal Memorial Hospital,13,4,0,0,5,7,17.3,111.2,3,21,15
2024-05-17,Bhopal Memorial Hospital,14,4,0,0,5,8,13.65,95.42,8,15,13
2024-05-17,Bhopal Memorial Hospital,15,4,0,0,5,11,13.59,125.81,2,30,14
2024-05-17,Bhopal Memorial Hospital,16,4,0,0,5,13,14.57,197.72,8,16,0
2024-05-17,Bhopal Memorial Hospital,17,4,0,0,5,10,11.92,74.6,6,27,3
2024-05-18,AIIMS Bhopal,9,5,1,0,5,15,15.31,226.31,8,18,17
2024-05-18,AIIMS Bhopal,10,5,1,0,5,11,16.41,207.13,6,14,14
2024-05-18,AIIMS Bhopal,11,5,1,0,5,15,19.48,341.38,15,18,15
2024-05-18,AIIMS Bhopal,12,5,1,0,5,5,10.77,58.91,1,22,5
2024-05-18,AIIMS Bhopal,13,5,1,0,5,4,12.25,46.66,1,11,6
2024-05-18,AIIMS Bhopal,14,5,1,0,5,2,20.1,36.92,1,6,11
2024-05-18,AIIMS Bhopal,15,5,1,0,5,7,12.62,91.55,3,22,15
2024-05-18,AIIMS Bhopal,16,5,1,0,5,19,15.73,360.64,15,11,1
2024-05-18,AIIMS Bhopal,17,5,1,0,5,14,14.19,182.02,11,27,1
2024-05-18,Hamidia Hospital,9,5,1,0,5,11,8.94,78.57,5,25,14
2024-05-18,Hamidia Hospital,10,5,1,0,5,15,8.48,100.48,14,20,0
2024-05-18,Hamidia Hospital,11,5,1,0,5,7,18.08,165.64,3,27,12
2024-05-18,Hamidia Hospital,12,5,1,0,5,7,17.59,129.54,1,26,0
2024-05-18,Hamidia Hospital,13,5,1,0,5,10,12.8,124.42,8,29,1
2024-05-18,Hamidia Hospital,14,5,1,0,5,4,19.79,53.03,2,25,1
2024-05-18,Hamidia Hospital,15,5,1,0,5,12,14.12,132.73,4,14,10
2024-05-18,Hamidia Hospital,16,5,1,0,5,14,19.19,219.04,6,6,12
2024-05-18,Hamidia Hospital,17,5,1,0,5,13,20.39,212.49,7,25,13
2024-05-18,Bansal Hospital,9,5,1,0,5,7,19.06,130.42,7,14,17
2024-05-18,Bansal Hospital,10,5,1,0,5,15,20.88,265.31,7,30,1
2024-05-18,Bansal Hospital,11,5,1,0,5,9,15.57,119.58,7,19,15
2024-05-18,Bansal Hospital,12,5,1,0,5,8,21.51,144.04,3,8,10
2024-05-18,Bansal Hospital,13,5,1,0,5,6,10.4,79.85,1,15,19
2024-05-18,Bansal Hospital,14,5,1,0,5,6,19.27,118.5,4,29,6
2024-05-18,Bansal Hospital,15,5,1,0,5,15,13.19,198.14,14,20,6
2024-05-18,Bansal Hospital,16,5,1,0,5,13,20.22,207.57,1,23,0
2024-05-18,Bansal Hospital,17,5,1,0,5,12,11.17,155.4,9,12,7
2024-05-18,Chirayu Medical College,9,5,1,0,5,9,21.45,174.83,5,16,1
2024-05-18,Chirayu Medical College,10,5,1,0,5,11,13.96,128.17,11,25,13
2024-05-18,Chirayu Medical College,11,5,1,0,5,5,13.6,49.98,4,4,12
2024-05-18,Chirayu Medical College,12,5,1,0,5,9,7.86,59.81,4,18,11
2024-05-18,Chirayu Medical College,13,5,1,0,5,2,14.03,34.21,1,23,10
2024-05-18,Chirayu Medical College,14,5,1,0,5,10,15.6,146.29,8,3,4
2024-05-18,Chirayu Medical College,15,5,1,0,5,13,12.05,122.65,3,30,14
2024-05-18,Chirayu Medical College,16,5,1,0,5,15,14.84,244.41,4,3,1
2024-05-18,Chirayu Medical College,17,5,1,0,5,10,21.27,176.65,2,22,17
2024-05-18,People's Hospital,9,5,1,0,5,10,18.08,164.46,8,9,17
2024-05-18,People's Hospital,10,5,1,0,5,18,15.78,213.85,6,18,9
2024-05-18,People's Hospital,11,5,1,0,5,5,11.46,66.48,5,13,0
2024-05-18,People's Hospital,12,5,1,0,5,13,16.79,250.83,3,3,11
2024-05-18,People's Hospital,13,5,1,0,5,4,18.68,71.37,3,29,11
2024-05-18,People's Hospital,14,5,1,0,5,3,17.65,59.31,2,17,2
2024-05-18,People's Hospital,15,5,1,0,5,6,16.6,75.6,4,24,11
2024-05-18,People's Hospital,16,5,1,0,5,5,14.61,65.74,5,26,3
2024-05-18,People's Hospital,17,5,1,0,5,14,13.87,181.64,1,14,2
2024-05-18,Bhopal Memorial Hospital,9,5,1,0,5,10,15.68,160.73,1,18,8
2024-05-18,Bhopal Memorial Hospital,10,5,1,0,5,6,21.45,122.82,3,5,10
2024-05-18,Bhopal Memorial Hospital,11,5,1,0,5,15,7.24,85.34,4,9,4
2024-05-18,Bhopal Memorial Hospital,12,5,1,0,5,13,10.32,154.92,13,27,12
2024-05-18,Bhopal Memorial Hospital,13,5,1,0,5,10,6.96,56.06,5,17,7
2024-05-18,Bhopal Memorial Hospital,14,5,1,0,5,9,9.63,91.77,1,21,4
2024-05-18,Bhopal Memorial Hospital,15,5,1,0,5,11,16.18,199.57,1,15,1
2024-05-18,Bhopal Memorial Hospital,16,5,1,0,5,14,11.48,178.03,1,17,2
2024-05-18,Bhopal Memorial Hospital,17,5,1,0,5,7,12.66,119.41,1,9,15
2024-05-19,AIIMS Bhopal,9,6,1,0,5,8,12.41,88.66,2,7,10
2024-05-19,AIIMS Bhopal,10,6,1,0,5,19,16.51,312.05,8,16,12
2024-05-19,AIIMS Bhopal,11,6,1,0,5,13,17.9,196.6,4,16,11
2024-05-19,AIIMS Bhopal,12,6,1,0,5,8,17.95,156.01,6,25,19
2024-05-19,AIIMS Bhopal,13,6,1,0,5,6,12.08,83.37,1,14,1
2024-05-19,AIIMS Bhopal,14,6,1,0,5,10,5.0,34.36,5,15,7
2024-05-19,AIIMS Bhopal,15,6,1,0,5,6,9.58,54.1,5,18,13
2024-05-19,AIIMS Bhopal,16,6,1,0,5,11,15.38,219.74,1,7,6
2024-05-19,AIIMS Bhopal,17,6,1,0,5,4,13.58,73.75,2,10,7
2024-05-19,Hamidia Hospital,9,6,1,0,5,14,8.34,110.52,2,24,18
2024-05-19,Hamidia Hospital,10,6,1,0,5,15,17.24,259.34,1,22,4
2024-05-19,Hamidia Hospital,11,6,1,0,5,16,15.43,247.39,10,10,17
2024-05-19,Hamidia Hospital,12,6,1,0,5,12,18.82,205.15,5,17,1
2024-05-19,Hamidia Hospital,13,6,1,0,5,9,12.71,95.87,3,17,10
2024-05-19,Hamidia Hospital,14,6,1,0,5,9,14.44,94.68,7,9,13
2024-05-19,Hamidia Hospital,15,6,1,0,5,14,17.67,253.39,8,9,16
2024-05-19,Hamidia Hospital,16,6,1,0,5,6,18.81,80.4,2,9,6
2024-05-19,Hamidia Hospital,17,6,1,0,5,5,14.1,69.14,5,28,18
2024-05-19,Bansal Hospital,9,6,1,0,5,15,17.16,307.73,1,23,14
2024-05-19,Bansal Hospital,10,6,1,0,5,14,19.99,329.99,7,7,3
2024-05-19,Bansal Hospital,11,6,1,0,5,5,9.58,42.45,4,29,6
2024-05-19,Bansal Hospital,12,6,1,0,5,12,5.95,79.59,11,8,16
2024-05-19,Bansal Hospital,13,6,1,0,5,4,18.64,61.71,4,3,0
2024-05-19,Bansal Hospital,14,6,1,0,5,8,16.34,75.47,2,8,15
2024-05-19,Bansal Hospital,15,6,1,0,5,5,11.98,82.1,3,8,17
2024-05-19,Bansal Hospital,16,6,1,0,5,11,11.6,148.65,1,16,17
2024-05-19,Bansal Hospital,17,6,1,0,5,6,12.63,57.44,2,23,9
2024-05-19,Chirayu Medical College,9,6,1,0,5,6,12.23,56.01,4,22,14
2024-05-19,Chirayu Medical College,10,6,1,0,5,5,15.24,80.53,1,19,6
2024-05-19,Chirayu Medical College,11,6,1,0,5,11,14.65,160.06,9,30,11
2024-05-19,Chirayu Medical College,12,6,1,0,5,9,14.77,165.61,8,20,18
2024-05-19,Chirayu Medical College,13,6,1,0,5,3,21.72,57.14,2,20,7
2024-05-19,Chirayu Medical College,14,6,1,0,5,5,14.73,105.26,3,20,12
2024-05-19,Chirayu Medical College,15,6,1,0,5,13,19.9,221.75,7,4,5
2024-05-19,Chirayu Medical College,16,6,1,0,5,7,16.24,146.81,5,25,0
2024-05-19,Chirayu Medical College,17,6,1,0,5,12,13.08,107.07,7,12,1
2024-05-19,People's Hospital,9,6,1,0,5,10,19.81,172.66,10,18,9
2024-05-19,People's Hospital,10,6,1,0,5,11,11.87,105.76,9,3,6
2024-05-19,People's Hospital,11,6,1,0,5,16,6.06,90.36,11,25,7
2024-05-19,People's Hospital,12,6,1,0,5,13,18.26,268.12,9,19,15
2024-05-19,People's Hospital,13,6,1,0,5,2,13.02,36.82,2,28,10
2024-05-19,People's Hospital,14,6,1,0,5,9,9.49,79.31,4,23,14
2024-05-19,People's Hospital,15,6,1,0,5,8,14.28,96.01,3,6,15
2024-05-19,People's Hospital,16,6,1,0,5,13,13.34,185.71,8,22,19
2024-05-19,People's Hospital,17,6,1,0,5,9,17.98,156.49,4,29,3
2024-05-19,Bhopal Memorial Hospital,9,6,1,0,5,13,17.33,221.28,4,26,1
2024-05-19,Bhopal Memorial Hospital,10,6,1,0,5,14,11.72,127.48,7,16,4
2024-05-19,Bhopal Memorial Hospital,11,6,1,0,5,6,7.65,42.9,4,19,8
2024-05-19,Bhopal Memorial Hospital,12,6,1,0,5,12,14.99,185.79,2,13,14
2024-05-19,Bhopal Memorial Hospital,13,6,1,0,5,9,12.08,164.25,3,6,19
2024-05-19,Bhopal Memorial Hospital,14,6,1,0,5,9,11.52,102.41,7,13,4
2024-05-19,Bhopal Memorial Hospital,15,6,1,0,5,10,19.84,164.87,5,7,8
2024-05-19,Bhopal Memorial Hospital,16,6,1,0,5,13,11.13,133.12,8,8,19
2024-05-19,Bhopal Memorial Hospital,17,6,1,0,5,7,13.79,93.7,4,8,4
2024-05-20,AIIMS Bhopal,9,0,0,1,5,29,11.87,353.64,14,24,0
2024-05-20,AIIMS Bhopal,10,0,0,1,5,19,12.28,307.36,4,10,16
2024-05-20,AIIMS Bhopal,11,0,0,1,5,23,6.59,177.59,8,20,13
2024-05-20,AIIMS Bhopal,12,0,0,1,5,35,5.0,158.15,9,28,6
2024-05-20,AIIMS Bhopal,13,0,0,1,5,24,12.26,224.82,13,7,4
2024-05-20,AIIMS Bhopal,14,0,0,1,5,18,13.16,207.98,17,26,13
2024-05-20,AIIMS Bhopal,15,0,0,1,5,18,7.19,108.3,3,4,7
2024-05-20,AIIMS Bhopal,16,0,0,1,5,33,11.18,419.17,4,20,9
2024-05-20,AIIMS Bhopal,17,0,0,1,5,19,5.89,114.86,10,29,18
2024-05-20,Hamidia Hospital,9,0,0,1,5,18,11.13,224.73,12,3,12
2024-05-20,Hamidia Hospital,10,0,0,1,5,15,16.52,254.16,14,16,13
2024-05-20,Hamidia Hospital,11,0,0,1,5,29,18.5,416.03,2,21,13
2024-05-20,Hamidia Hospital,12,0,0,1,5,14,13.49,253.25,10,30,2
2024-05-20,Hamidia Hospital,13,0,0,1,5,7,16.82,120.95,4,14,18
2024-05-20,Hamidia Hospital,14,0,0,1,5,17,11.54,283.65,8,4,1
2024-05-20,Hamidia Hospital,15,0,0,1,5,15,10.22,159.24,5,30,12
2024-05-20,Hamidia Hospital,16,0,0,1,5,20,10.45,139.35,10,30,5
2024-05-20,Hamidia Hospital,17,0,0,1,5,11,17.95,179.32,3,13,17
2024-05-20,Bansal Hospital,9,0,0,1,5,33,19.05,572.54,13,4,15
2024-05-20,Bansal Hospital,10,0,0,1,5,24,17.25,485.51,13,14,12
2024-05-20,Bansal Hospital,11,0,0,1,5,19,19.18,386.92,18,24,12
2024-05-20,Bansal Hospital,12,0,0,1,5,14,19.83,201.1,2,9,8
2024-05-20,Bansal Hospital,13,0,0,1,5,7,12.59,75.39,1,16,8
2024-05-20,Bansal Hospital,14,0,0,1,5,12,17.66,249.42,7,28,8
2024-05-20,Bansal Hospital,15,0,0,1,5,21,13.07,341.23,10,27,13
2024-05-20,Bansal Hospital,16,0,0,1,5,32,17.7,659.35,23,4,10
2024-05-20,Bansal Hospital,17,0,0,1,5,19,13.2,353.46,9,5,2
2024-05-20,Chirayu Medical College,9,0,0,1,5,29,19.75,585.36,23,21,11
2024-05-20,Chirayu Medical College,10,0,0,1,5,24,12.66,134.95,18,20,15
2024-05-20,Chirayu Medical College,11,0,0,1,5,32,11.38,444.75,32,13,18
2024-05-20,Chirayu Medical College,12,0,0,1,5,18,20.97,421.65,12,13,5
2024-05-20,Chirayu Medical College,13,0,0,1,5,23,14.41,204.8,6,27,7
2024-05-20,Chirayu Medical College,14,0,0,1,5,8,15.63,114.3,5,26,7
2024-05-20,Chirayu Medical College,15,0,0,1,5,11,17.54,177.46,3,22,15
2024-05-20,Chirayu Medical College,16,0,0,1,5,39,14.07,460.49,19,10,7
2024-05-20,Chirayu Medical College,17,0,0,1,5,16,12.13,175.68,15,19,13
2024-05-20,People's Hospital,9,0,0,1,5,32,12.74,283.68,4,12,15
2024-05-20,People's Hospital,10,0,0,1,5,39,18.91,889.85,26,26,8
2024-05-20,People's Hospital,11,0,0,1,5,41,19.72,1071.92,33,9,9
2024-05-20,People's Hospital,12,0,0,1,5,15,14.47,214.69,8,23,2
2024-05-20,People's Hospital,13,0,0,1,5,7,20.11,148.12,5,12,9
2024-05-20,People's Hospital,14,0,0,1,5,12,13.18,145.77,10,10,2
2024-05-20,People's Hospital,15,0,0,1,5,28,13.61,350.54,5,19,4
2024-05-20,People's Hospital,16,0,0,1,5,37,12.72,539.37,31,27,1
2024-05-20,People's Hospital,17,0,0,1,5,18,13.86,314.73,1,13,11
2024-05-20,Bhopal Memorial Hospital,9,0,0,1,5,32,10.23,294.25,24,27,16
2024-05-20,Bhopal Memorial Hospital,10,0,0,1,5,28,15.81,574.79,12,15,11
2024-05-20,Bhopal Memorial Hospital,11,0,0,1,5,19,7.53,68.96,8,12,6
2024-05-20,Bhopal Memorial Hospital,12,0,0,1,5,22,14.0,404.52,15,25,0
2024-05-20,Bhopal Memorial Hospital,13,0,0,1,5,23,15.57,284.82,21,9,2
2024-05-20,Bhopal Memorial Hospital,14,0,0,1,5,14,10.38,123.75,5,10,10
2024-05-20,Bhopal Memorial Hospital,15,0,0,1,5,30,8.22,225.26,30,11,10
2024-05-20,Bhopal Memorial Hospital,16,0,0,1,5,14,14.87,179.68,12,26,3
2024-05-20,Bhopal Memorial Hospital,17,0,0,1,5,16,13.46,212.86,4,28,2
2024-05-21,AIIMS Bhopal,9,1,0,0,5,13,10.53,161.13,2,24,16
2024-05-21,AIIMS Bhopal,10,1,0,0,5,13,13.68,203.05,8,20,16
2024-05-21,AIIMS Bhopal,11,1,0,0,5,18,15.61,201.64,15,4,15
2024-05-21,AIIMS Bhopal,12,1,0,0,5,9,14.34,133.61,1,22,11
2024-05-21,AIIMS Bhopal,13,1,0,0,5,5,9.01,29.05,4,24,6
2024-05-21,AIIMS Bhopal,14,1,0,0,5,9,12.64,118.71,5,25,6
2024-05-21,AIIMS Bhopal,15,1,0,0,5,12,11.06,145.5,1,27,15
2024-05-21,AIIMS Bhopal,16,1,0,0,5,31,21.2,727.02,2,18,16
2024-05-21,AIIMS Bhopal,17,1,0,0,5,15,6.52,114.0,8,18,10
2024-05-21,Hamidia Hospital,9,1,0,0,5,13,13.22,124.32,10,21,19
2024-05-21,Hamidia Hospital,10,1,0,0,5,27,16.35,391.6,19,28,3
2024-05-21,Hamidia Hospital,11,1,0,0,5,31,13.99,500.21,4,30,18
2024-05-21,Hamidia Hospital,12,1,0,0,5,25,9.77,121.62,12,17,18
2024-05-21,Hamidia Hospital,13,1,0,0,5,8,11.02,85.1,3,26,19
2024-05-21,Hamidia Hospital,14,1,0,0,5,5,20.82,126.28,3,6,10
2024-05-21,Hamidia Hospital,15,1,0,0,5,18,19.63,493.56,15,30,17
2024-05-21,Hamidia Hospital,16,1,0,0,5,29,18.65,514.08,11,26,7
2024-05-21,Hamidia Hospital,17,1,0,0,5,14,16.49,226.54,11,17,18
2024-05-21,Bansal Hospital,9,1,0,0,5,15,20.33,344.06,11,12,15
2024-05-21,Bansal Hospital,10,1,0,0,5,23,21.56,372.54,20,29,13
2024-05-21,Bansal Hospital,11,1,0,0,5,14,17.48,207.75,11,4,4
2024-05-21,Bansal Hospital,12,1,0,0,5,11,17.34,125.8,1,8,15
2024-05-21,Bansal Hospital,13,1,0,0,5,16,9.76,177.26,12,29,16
2024-05-21,Bansal Hospital,14,1,0,0,5,15,15.38,232.24,2,23,4
2024-05-21,Bansal Hospital,15,1,0,0,5,18,16.21,415.15,2,30,13
2024-05-21,Bansal Hospital,16,1,0,0,5,18,20.12,425.73,11,9,15
2024-05-21,Bansal Hospital,17,1,0,0,5,20,17.72,350.29,18,17,18
2024-05-21,Chirayu Medical College,9,1,0,0,5,13,12.67,92.14,8,12,12
2024-05-21,Chirayu Medical College,10,1,0,0,5,16,18.8,420.02,16,13,6
2024-05-21,Chirayu Medical College,11,1,0,0,5,13,22.32,345.81,3,24,8
2024-05-21,Chirayu Medical College,12,1,0,0,5,14,12.92,176.15,11,3,14
2024-05-21,Chirayu Medical College,13,1,0,0,5,12,12.53,156.91,2,12,9
2024-05-21,Chirayu Medical College,14,1,0,0,5,11,13.21,126.42,2,21,18
2024-05-21,Chirayu Medical College,15,1,0,0,5,20,13.13,224.01,19,27,12
2024-05-21,Chirayu Medical College,16,1,0,0,5,16,11.01,137.29,9,3,18
2024-05-21,Chirayu Medical College,17,1,0,0,5,12,15.46,145.39,11,5,11
2024-05-21,People's Hospital,9,1,0,0,5,22,16.75,326.25,21,16,16
2024-05-21,People's Hospital,10,1,0,0,5,23,19.34,448.09,11,24,3
2024-05-21,People's Hospital,11,1,0,0,5,32,15.96,547.27,8,28,0
2024-05-21,People's Hospital,12,1,0,0,5,14,19.16,303.56,8,7,0
2024-05-21,People's Hospital,13,1,0,0,5,16,13.84,237.98,9,29,11
2024-05-21,People's Hospital,14,1,0,0,5,14,7.03,117.02,10,16,12
2024-05-21,People's Hospital,15,1,0,0,5,22,12.22,180.52,3,26,10
2024-05-21,People's Hospital,16,1,0,0,5,11,14.39,135.62,1,27,2
2024-05-21,People's Hospital,17,1,0,0,5,8,18.98,149.4,6,13,14
2024-05-21,Bhopal Memorial Hospital,9,1,0,0,5,20,13.48,213.18,14,30,12
2024-05-21,Bhopal Memorial Hospital,10,1,0,0,5,24,14.79,208.18,24,7,18
2024-05-21,Bhopal Memorial Hospital,11,1,0,0,5,29,11.64,344.93,25,4,10
2024-05-21,Bhopal Memorial Hospital,12,1,0,0,5,8,11.76,100.91,1,28,4
2024-05-21,Bhopal Memorial Hospital,13,1,0,0,5,10,15.22,194.04,5,30,13
2024-05-21,Bhopal Memorial Hospital,14,1,0,0,5,9,19.62,213.51,1,30,13
2024-05-21,Bhopal Memorial Hospital,15,1,0,0,5,11,20.14,128.89,6,10,14
2024-05-21,Bhopal Memorial Hospital,16,1,0,0,5,19,18.65,247.07,11,9,9
2024-05-21,Bhopal Memorial Hospital,17,1,0,0,5,13,14.95,194.28,8,25,16
2024-05-22,AIIMS Bhopal,9,2,0,0,5,10,10.0,71.67,3,21,6
2024-05-22,AIIMS Bhopal,10,2,0,0,5,11,21.61,203.45,7,6,11
2024-05-22,AIIMS Bhopal,11,2,0,0,5,11,7.16,82.82,1,16,12
2024-05-22,AIIMS Bhopal,12,2,0,0,5,11,13.93,159.4,7,30,14
2024-05-22,AIIMS Bhopal,13,2,0,0,5,6,14.32,91.11,1,6,14
2024-05-22,AIIMS Bhopal,14,2,0,0,5,16,11.02,189.47,7,6,19
2024-05-22,AIIMS Bhopal,15,2,0,0,5,17,14.13,246.59,13,24,1
2024-05-22,AIIMS Bhopal,16,2,0,0,5,32,9.63,328.76,5,30,4
2024-05-22,AIIMS Bhopal,17,2,0,0,5,12,7.71,66.34,4,3,16
2024-05-22,Hamidia Hospital,9,2,0,0,5,23,11.66,256.41,16,17,18
2024-05-22,Hamidia Hospital,10,2,0,0,5,32,10.26,324.34,17,27,6
2024-05-22,Hamidia Hospital,11,2,0,0,5,28,12.65,412.84,17,26,12
2024-05-22,Hamidia Hospital,12,2,0,0,5,25,9.81,94.25,15,11,16
2024-05-22,Hamidia Hospital,13,2,0,0,5,9,17.71,150.65,1,21,14
2024-05-22,Hamidia Hospital,14,2,0,0,5,7,17.49,111.26,7,13,18
2024-05-22,Hamidia Hospital,15,2,0,0,5,19,22.28,438.85,7,30,6
2024-05-22,Hamidia Hospital,16,2,0,0,5,26,12.81,344.33,22,5,2
2024-05-22,Hamidia Hospital,17,2,0,0,5,18,9.99,221.08,17,5,8
2024-05-22,Bansal Hospital,9,2,0,0,5,8,6.51,47.07,3,12,12
2024-05-22,Bansal Hospital,10,2,0,0,5,22,20.31,398.3,4,23,7
2024-05-22,Bansal Hospital,11,2,0,0,5,28,21.22,695.27,2,21,8
2024-05-22,Bansal Hospital,12,2,0,0,5,13,11.4,103.82,11,6,11
2024-05-22,Bansal Hospital,13,2,0,0,5,14,12.1,140.24,9,5,7
2024-05-22,Bansal Hospital,14,2,0,0,5,7,20.55,107.29,1,14,3
2024-05-22,Bansal Hospital,15,2,0,0,5,24,14.1,233.12,13,28,18
2024-05-22,Bansal Hospital,16,2,0,0,5,10,23.52,251.89,10,4,9
2024-05-22,Bansal Hospital,17,2,0,0,5,21,14.67,258.18,9,4,11
2024-05-22,Chirayu Medical College,9,2,0,0,5,25,16.67,431.78,25,10,19
2024-05-22,Chirayu Medical College,10,2,0,0,5,20,18.91,329.82,19,5,2
2024-05-22,Chirayu Medical College,11,2,0,0,5,16,7.97,147.23,2,3,19
2024-05-22,Chirayu Medical College,12,2,0,0,5,24,17.34,343.38,22,4,13
2024-05-22,Chirayu Medical College,13,2,0,0,5,16,24.16,473.44,10,12,2
2024-05-22,Chirayu Medical College,14,2,0,0,5,14,18.36,224.18,12,15,3
2024-05-22,Chirayu Medical College,15,2,0,0,5,11,10.56,119.96,3,29,19
2024-05-22,Chirayu Medical College,16,2,0,0,5,20,15.13,305.84,16,4,17
2024-05-22,Chirayu Medical College,17,2,0,0,5,8,12.35,118.79,6,20,4
2024-05-22,People's Hospital,9,2,0,0,5,16,15.61,249.75,16,18,18
2024-05-22,People's Hospital,10,2,0,0,5,23,14.25,288.84,1,4,7
2024-05-22,People's Hospital,11,2,0,0,5,11,16.24,210.87,9,30,13
2024-05-22,People's Hospital,12,2,0,0,5,10,9.95,108.15,10,16,5
2024-05-22,People's Hospital,13,2,0,0,5,8,12.86,76.84,8,16,8
2024-05-22,People's Hospital,14,2,0,0,5,7,10.89,63.23,7,14,16
2024-05-22,People's Hospital,15,2,0,0,5,14,16.59,272.34,10,21,1
2024-05-22,People's Hospital,16,2,0,0,5,13,22.93,305.53,13,15,7
2024-05-22,People's Hospital,17,2,0,0,5,14,14.57,260.72,3,7,14
2024-05-22,Bhopal Memorial Hospital,9,2,0,0,5,23,13.53,244.49,18,13,18
2024-05-22,Bhopal Memorial Hospital,10,2,0,0,5,22,16.42,326.1,17,8,7
2024-05-22,Bhopal Memorial Hospital,11,2,0,0,5,24,14.83,300.29,23,11,8
2024-05-22,Bhopal Memorial Hospital,12,2,0,0,5,25,15.41,352.52,17,23,0
2024-05-22,Bhopal Memorial Hospital,13,2,0,0,5,7,19.2,161.08,3,18,12
2024-05-22,Bhopal Memorial Hospital,14,2,0,0,5,11,16.07,124.83,6,30,3
2024-05-22,Bhopal Memorial Hospital,15,2,0,0,5,14,10.13,108.31,6,14,7
2024-05-22,Bhopal Memorial Hospital,16,2,0,0,5,16,17.25,255.06,12,3,16
2024-05-22,Bhopal Memorial Hospital,17,2,0,0,5,14,12.7,160.97,8,13,5
2024-05-23,AIIMS Bhopal,9,3,0,0,5,18,21.62,565.85,8,7,8
2024-05-23,AIIMS Bhopal,10,3,0,0,5,19,14.98,316.54,7,21,11
2024-05-23,AIIMS Bhopal,11,3,0,0,5,29,17.15,297.22,11,16,5
2024-05-23,AIIMS Bhopal,12,3,0,0,5,25,17.65,443.62,8,14,0
2024-05-23,AIIMS Bhopal,13,3,0,0,5,5,12.28,65.98,3,27,10
2024-05-23,AIIMS Bhopal,14,3,0,0,5,16,23.14,413.2,6,22,9
2024-05-23,AIIMS Bhopal,15,3,0,0,5,9,9.04,85.08,3,19,12
2024-05-23,AIIMS Bhopal,16,3,0,0,5,16,12.55,228.6,15,26,5
2024-05-23,AIIMS Bhopal,17,3,0,0,5,14,19.47,205.45,1,27,13
2024-05-23,Hamidia Hospital,9,3,0,0,5,13,12.41,139.04,9,17,6
2024-05-23,Hamidia Hospital,10,3,0,0,5,26,16.4,430.14,12,20,4
2024-05-23,Hamidia Hospital,11,3,0,0,5,15,9.15,160.02,15,25,2
2024-05-23,Hamidia Hospital,12,3,0,0,5,21,18.86,393.07,1,5,2
2024-05-23,Hamidia Hospital,13,3,0,0,5,13,15.69,224.89,8,26,0
2024-05-23,Hamidia Hospital,14,3,0,0,5,9,18.5,117.65,5,17,15
2024-05-23,Hamidia Hospital,15,3,0,0,5,18,15.35,168.53,18,19,13
2024-05-23,Hamidia Hospital,16,3,0,0,5,18,14.85,244.18,15,21,18
2024-05-23,Hamidia Hospital,17,3,0,0,5,25,10.19,265.47,23,30,10
2024-05-23,Bansal Hospital,9,3,0,0,5,15,10.02,148.93,10,20,2
2024-05-23,Bansal Hospital,10,3,0,0,5,16,13.35,153.87,8,24,19
2024-05-23,Bansal Hospital,11,3,0,0,5,26,16.13,348.11,23,26,11
2024-05-23,Bansal Hospital,12,3,0,0,5,14,15.27,164.54,13,15,8
2024-05-23,Bansal Hospital,13,3,0,0,5,11,13.84,167.79,6,15,4
2024-05-23,Bansal Hospital,14,3,0,0,5,9,17.86,193.64,4,28,8
2024-05-23,Bansal Hospital,15,3,0,0,5,21,17.93,277.8,5,21,18
2024-05-23,Bansal Hospital,16,3,0,0,5,26,18.48,560.99,15,5,17
2024-05-23,Bansal Hospital,17,3,0,0,5,20,21.21,461.99,19,21,6
2024-05-23,Chirayu Medical College,9,3,0,0,5,16,14.41,241.29,13,24,16
2024-05-23,Chirayu Medical College,10,3,0,0,5,18,12.72,225.86,5,5,12
2024-05-23,Chirayu Medical College,11,3,0,0,5,15,19.76,284.92,12,15,0
2024-05-23,Chirayu Medical College,12,3,0,0,5,17,13.41,178.72,12,25,15
2024-05-23,Chirayu Medical College,13,3,0,0,5,7,15.0,89.26,6,9,0
2024-05-23,Chirayu Medical College,14,3,0,0,5,13,12.43,181.93,11,27,13
2024-05-23,Chirayu Medical College,15,3,0,0,5,13,14.57,198.64,10,15,19
2024-05-23,Chirayu Medical College,16,3,0,0,5,22,17.49,408.5,6,20,16
2024-05-23,Chirayu Medical College,17,3,0,0,5,25,10.49,210.38,1,24,17
2024-05-23,People's Hospital,9,3,0,0,5,24,15.29,278.42,13,27,0
2024-05-23,People's Hospital,10,3,0,0,5,31,22.55,820.35,1,17,3
2024-05-23,People's Hospital,11,3,0,0,5,22,12.96,265.1,7,25,12
2024-05-23,People's Hospital,12,3,0,0,5,8,15.37,189.12,1,19,10
2024-05-23,People's Hospital,13,3,0,0,5,17,13.28,194.18,9,9,15
2024-05-23,People's Hospital,14,3,0,0,5,8,16.42,81.87,3,16,15
2024-05-23,People's Hospital,15,3,0,0,5,23,16.68,341.39,18,28,7
2024-05-23,People's Hospital,16,3,0,0,5,13,14.65,175.73,9,4,9
2024-05-23,People's Hospital,17,3,0,0,5,15,11.65,172.48,4,4,18
2024-05-23,Bhopal Memorial Hospital,9,3,0,0,5,23,10.81,224.14,13,19,8
2024-05-23,Bhopal Memorial Hospital,10,3,0,0,5,16,16.51,282.2,2,5,16
2024-05-23,Bhopal Memorial Hospital,11,3,0,0,5,29,14.56,472.25,3,25,7
2024-05-23,Bhopal Memorial Hospital,12,3,0,0,5,11,22.4,335.31,6,22,14
2024-05-23,Bhopal Memorial Hospital,13,3,0,0,5,11,12.87,154.42,3,24,6
2024-05-23,Bhopal Memorial Hospital,14,3,0,0,5,7,18.11,148.58,1,17,0
2024-05-23,Bhopal Memorial Hospital,15,3,0,0,5,17,16.31,314.66,5,18,10
2024-05-23,Bhopal Memorial Hospital,16,3,0,0,5,31,13.31,402.68,3,20,10
2024-05-23,Bhopal Memorial Hospital,17,3,0,0,5,13,17.78,236.02,5,6,12
2024-05-24,AIIMS Bhopal,9,4,0,0,5,19,18.0,397.0,13,5,17
2024-05-24,AIIMS Bhopal,10,4,0,0,5,14,18.67,264.26,2,4,0
2024-05-24,AIIMS Bhopal,11,4,0,0,5,13,9.32,130.08,3,27,10
2024-05-24,AIIMS Bhopal,12,4,0,0,5,10,16.23,226.82,3,7,6
2024-05-24,AIIMS Bhopal,13,4,0,0,5,17,14.09,224.04,15,4,5
2024-05-24,AIIMS Bhopal,14,4,0,0,5,5,18.44,70.55,5,30,2
2024-05-24,AIIMS Bhopal,15,4,0,0,5,17,23.01,395.98,9,15,19
2024-05-24,AIIMS Bhopal,16,4,0,0,5,26,20.43,613.19,13,4,14
2024-05-24,AIIMS Bhopal,17,4,0,0,5,23,17.9,486.46,2,23,9
2024-05-24,Hamidia Hospital,9,4,0,0,5,19,21.03,437.47,18,3,13
2024-05-24,Hamidia Hospital,10,4,0,0,5,18,11.92,131.16,12,10,7
2024-05-24,Hamidia Hospital,11,4,0,0,5,18,13.73,265.55,13,25,5
2024-05-24,Hamidia Hospital,12,4,0,0,5,21,22.3,655.14,2,12,18
2024-05-24,Hamidia Hospital,13,4,0,0,5,11,13.55,159.46,4,4,11
2024-05-24,Hamidia Hospital,14,4,0,0,5,7,18.58,71.36,1,9,7
2024-05-24,Hamidia Hospital,15,4,0,0,5,12,18.95,235.73,4,4,18
2024-05-24,Hamidia Hospital,16,4,0,0,5,15,14.98,225.42,5,5,6
2024-05-24,Hamidia Hospital,17,4,0,0,5,18,9.49,149.68,14,13,7
2024-05-24,Bansal Hospital,9,4,0,0,5,15,12.39,175.56,7,10,16
2024-05-24,Bansal Hospital,10,4,0,0,5,24,12.34,301.08,20,6,18
2024-05-24,Bansal Hospital,11,4,0,0,5,23,15.56,347.66,1,3,17
2024-05-24,Bansal Hospital,12,4,0,0,5,17,16.77,303.96,13,18,11
2024-05-24,Bansal Hospital,13,4,0,0,5,6,17.88,117.43,5,10,3
2024-05-24,Bansal Hospital,14,4,0,0,5,11,14.68,163.56,1,10,18
2024-05-24,Bansal Hospital,15,4,0,0,5,16,16.01,145.96,12,30,11
2024-05-24,Bansal Hospital,16,4,0,0,5,31,13.66,290.09,31,12,12
2024-05-24,Bansal Hospital,17,4,0,0,5,17,14.13,227.2,17,6,19
2024-05-24,Chirayu Medical College,9,4,0,0,5,8,16.55,144.83,2,15,11
2024-05-24,Chirayu Medical College,10,4,0,0,5,14,10.93,130.3,10,3,12
2024-05-24,Chirayu Medical College,11,4,0,0,5,10,16.08,147.69,8,27,11
2024-05-24,Chirayu Medical College,12,4,0,0,5,9,11.47,108.32,3,15,14
2024-05-24,Chirayu Medical College,13,4,0,0,5,16,10.2,119.38,9,15,3
2024-05-24,Chirayu Medical College,14,4,0,0,5,14,11.46,122.69,11,23,16
2024-05-24,Chirayu Medical College,15,4,0,0,5,17,21.49,359.15,14,14,13
2024-05-24,Chirayu Medical College,16,4,0,0,5,32,20.89,483.08,32,28,5
2024-05-24,Chirayu Medical College,17,4,0,0,5,8,15.21,123.27,8,5,0
2024-05-24,People's Hospital,9,4,0,0,5,15,10.55,189.89,4,12,15
2024-05-24,People's Hospital,10,4,0,0,5,26,15.02,356.98,10,28,4
2024-05-24,People's Hospital,11,4,0,0,5,29,21.54,804.6,15,12,10
2024-05-24,People's Hospital,12,4,0,0,5,14,18.08,269.91,10,14,11
2024-05-24,People's Hospital,13,4,0,0,5,5,24.82,107.3,1,7,19
2024-05-24,People's Hospital,14,4,0,0,5,5,21.32,102.37,3,12,15
2024-05-24,People's Hospital,15,4,0,0,5,14,19.15,258.89,5,7,14
2024-05-24,People's Hospital,16,4,0,0,5,15,12.76,177.05,11,5,1
2024-05-24,People's Hospital,17,4,0,0,5,8,6.29,40.78,5,13,1
2024-05-24,Bhopal Memorial Hospital,9,4,0,0,5,24,19.68,571.64,22,12,14
2024-05-24,Bhopal Memorial Hospital,10,4,0,0,5,11,16.55,201.71,1,17,9
2024-05-24,Bhopal Memorial Hospital,11,4,0,0,5,14,8.0,114.01,1,8,5
2024-05-24,Bhopal Memorial Hospital,12,4,0,0,5,19,16.71,366.52,7,24,2
2024-05-24,Bhopal Memorial Hospital,13,4,0,0,5,9,14.95,146.44,7,8,5
2024-05-24,Bhopal Memorial Hospital,14,4,0,0,5,17,20.16,358.49,10,5,15
2024-05-24,Bhopal Memorial Hospital,15,4,0,0,5,19,14.9,297.35,13,10,14
2024-05-24,Bhopal Memorial Hospital,16,4,0,0,5,11,12.01,158.92,9,8,17
2024-05-24,Bhopal Memorial Hospital,17,4,0,0,5,11,9.8,117.8,4,27,19
2024-05-25,AIIMS Bhopal,9,5,1,0,5,12,8.63,73.22,1,27,17
2024-05-25,AIIMS Bhopal,10,5,1,0,5,9,16.33,117.73,6,16,3
2024-05-25,AIIMS Bhopal,11,5,1,0,5,9,17.66,107.66,7,12,12
2024-05-25,AIIMS Bhopal,12,5,1,0,5,9,13.61,76.65,8,15,8
2024-05-25,AIIMS Bhopal,13,5,1,0,5,9,11.47,96.69,3,13,1
2024-05-25,AIIMS Bhopal,14,5,1,0,5,10,14.73,174.73,2,23,9
2024-05-25,AIIMS Bhopal,15,5,1,0,5,9,17.06,98.14,3,14,14
2024-05-25,AIIMS Bhopal,16,5,1,0,5,5,18.85,77.35,2,19,13
2024-05-25,AIIMS Bhopal,17,5,1,0,5,6,19.85,120.58,6,13,3
2024-05-25,Hamidia Hospital,9,5,1,0,5,9,15.44,180.55,3,13,10
2024-05-25,Hamidia Hospital,10,5,1,0,5,9,17.56,159.44,9,27,13
2024-05-25,Hamidia Hospital,11,5,1,0,5,13,16.0,189.89,13,6,18
2024-05-25,Hamidia Hospital,12,5,1,0,5,14,18.61,271.23,9,30,6
2024-05-25,Hamidia Hospital,13,5,1,0,5,3,17.14,43.86,1,16,15
2024-05-25,Hamidia Hospital,14,5,1,0,5,6,20.0,95.04,5,10,1
2024-05-25,Hamidia Hospital,15,5,1,0,5,9,10.47,85.47,1,6,13
2024-05-25,Hamidia Hospital,16,5,1,0,5,16,11.05,184.83,5,25,2
2024-05-25,Hamidia Hospital,17,5,1,0,5,6,14.65,72.3,4,6,18
2024-05-25,Bansal Hospital,9,5,1,0,5,13,18.65,252.33,8,12,9
2024-05-25,Bansal Hospital,10,5,1,0,5,14,17.97,235.74,14,16,18
2024-05-25,Bansal Hospital,11,5,1,0,5,7,17.32,109.55,4,28,13
2024-05-25,Bansal Hospital,12,5,1,0,5,13,16.52,274.31,4,6,10
2024-05-25,Bansal Hospital,13,5,1,0,5,7,11.41,88.55,3,22,14
2024-05-25,Bansal Hospital,14,5,1,0,5,4,12.68,48.23,4,10,5
2024-05-25,Bansal Hospital,15,5,1,0,5,13,17.03,332.91,4,18,1
2024-05-25,Bansal Hospital,16,5,1,0,5,10,12.47,93.0,2,21,1
2024-05-25,Bansal Hospital,17,5,1,0,5,10,9.28,109.82,2,11,2
2024-05-25,Chirayu Medical College,9,5,1,0,5,9,14.7,137.44,8,15,16
2024-05-25,Chirayu Medical College,10,5,1,0,5,11,18.08,241.13,9,17,12
2024-05-25,Chirayu Medical College,11,5,1,0,5,19,19.86,432.23,14,4,11
2024-05-25,Chirayu Medical College,12,5,1,0,5,6,11.09,59.05,1,8,8
2024-05-25,Chirayu Medical College,13,5,1,0,5,4,17.81,59.99,2,17,8
2024-05-25,Chirayu Medical College,14,5,1,0,5,5,10.19,53.9,1,9,2
2024-05-25,Chirayu Medical College,15,5,1,0,5,14,17.62,245.68,2,9,11
2024-05-25,Chirayu Medical College,16,5,1,0,5,16,13.46,139.26,5,16,3
2024-05-25,Chirayu Medical College,17,5,1,0,5,6,26.39,231.62,4,15,5
2024-05-25,People's Hospital,9,5,1,0,5,4,12.11,50.94,4,28,7
2024-05-25,People's Hospital,10,5,1,0,5,14,13.77,221.67,6,14,13
2024-05-25,People's Hospital,11,5,1,0,5,13,6.01,89.06,4,5,3
2024-05-25,People's Hospital,12,5,1,0,5,12,11.45,135.6,3,15,12
2024-05-25,People's Hospital,13,5,1,0,5,6,8.65,54.69,1,20,16
2024-05-25,People's Hospital,14,5,1,0,5,6,15.43,104.61,1,12,17
2024-05-25,People's Hospital,15,5,1,0,5,11,8.56,99.18,2,15,11
2024-05-25,People's Hospital,16,5,1,0,5,15,19.9,303.04,1,24,8
2024-05-25,People's Hospital,17,5,1,0,5,6,9.44,55.8,6,7,9
2024-05-25,Bhopal Memorial Hospital,9,5,1,0,5,10,21.87,193.22,3,20,16
2024-05-25,Bhopal Memorial Hospital,10,5,1,0,5,9,10.91,107.31,5,25,12
2024-05-25,Bhopal Memorial Hospital,11,5,1,0,5,6,21.56,108.58,4,9,13
2024-05-25,Bhopal Memorial Hospital,12,5,1,0,5,8,19.54,175.36,2,19,2
2024-05-25,Bhopal Memorial Hospital,13,5,1,0,5,5,12.96,66.87,2,21,6
2024-05-25,Bhopal Memorial Hospital,14,5,1,0,5,9,14.98,131.68,6,3,7
2024-05-25,Bhopal Memorial Hospital,15,5,1,0,5,4,15.94,45.73,2,11,18
2024-05-25,Bhopal Memorial Hospital,16,5,1,0,5,7,12.71,74.08,4,16,8
2024-05-25,Bhopal Memorial Hospital,17,5,1,0,5,7,14.59,88.74,6,16,17
2024-05-26,AIIMS Bhopal,9,6,1,0,5,6,15.84,108.34,6,18,4
2024-05-26,AIIMS Bhopal,10,6,1,0,5,9,10.2,66.63,9,6,17
2024-05-26,AIIMS Bhopal,11,6,1,0,5,7,9.4,87.0,6,21,5
2024-05-26,AIIMS Bhopal,12,6,1,0,5,11,13.13,111.34,1,8,2
2024-05-26,AIIMS Bhopal,13,6,1,0,5,5,13.84,72.22,1,23,7
2024-05-26,AIIMS Bhopal,14,6,1,0,5,6,13.45,80.54,6,18,16
2024-05-26,AIIMS Bhopal,15,6,1,0,5,13,13.09,181.45,8,12,19
2024-05-26,AIIMS Bhopal,16,6,1,0,5,5,10.93,56.62,3,19,16
2024-05-26,AIIMS Bhopal,17,6,1,0,5,6,21.16,127.9,2,21,2
2024-05-26,Hamidia Hospital,9,6,1,0,5,12,13.44,162.77,9,19,7
2024-05-26,Hamidia Hospital,10,6,1,0,5,16,12.81,186.6,11,23,18
2024-05-26,Hamidia Hospital,11,6,1,0,5,11,27.29,229.51,9,7,5
2024-05-26,Hamidia Hospital,12,6,1,0,5,13,12.07,126.85,5,16,18
2024-05-26,Hamidia Hospital,13,6,1,0,5,7,15.0,123.34,7,27,13
2024-05-26,Hamidia Hospital,14,6,1,0,5,9,14.61,112.03,3,4,14
2024-05-26,Hamidia Hospital,15,6,1,0,5,7,10.06,51.3,4,6,2
2024-05-26,Hamidia Hospital,16,6,1,0,5,13,7.36,112.44,13,27,5
2024-05-26,Hamidia Hospital,17,6,1,0,5,9,22.37,198.27,7,18,17
2024-05-26,Bansal Hospital,9,6,1,0,5,4,19.82,87.45,4,18,1
2024-05-26,Bansal Hospital,10,6,1,0,5,7,13.07,143.18,7,7,17
2024-05-26,Bansal Hospital,11,6,1,0,5,5,14.86,90.21,2,4,17
2024-05-26,Bansal Hospital,12,6,1,0,5,8,15.1,108.13,8,12,16
2024-05-26,Bansal Hospital,13,6,1,0,5,7,12.73,96.18,4,20,17
2024-05-26,Bansal Hospital,14,6,1,0,5,8,13.66,85.39,4,28,4
2024-05-26,Bansal Hospital,15,6,1,0,5,13,11.04,151.01,12,16,6
2024-05-26,Bansal Hospital,16,6,1,0,5,13,11.03,108.71,7,20,18
2024-05-26,Bansal Hospital,17,6,1,0,5,5,8.83,50.93,3,5,13
2024-05-26,Chirayu Medical College,9,6,1,0,5,15,14.98,256.36,15,16,12
2024-05-26,Chirayu Medical College,10,6,1,0,5,11,12.95,113.55,6,16,2
2024-05-26,Chirayu Medical College,11,6,1,0,5,18,14.6,299.7,16,17,15
2024-05-26,Chirayu Medical College,12,6,1,0,5,13,17.91,204.52,3,25,19
2024-05-26,Chirayu Medical College,13,6,1,0,5,6,19.63,111.59,4,5,17
2024-05-26,Chirayu Medical College,14,6,1,0,5,9,17.22,144.37,5,12,17
2024-05-26,Chirayu Medical College,15,6,1,0,5,7,17.04,150.15,4,4,9
2024-05-26,Chirayu Medical College,16,6,1,0,5,9,14.59,154.36,3,14,12
2024-05-26,Chirayu Medical College,17,6,1,0,5,13,13.52,160.02,8,28,16
2024-05-26,People's Hospital,9,6,1,0,5,7,9.79,52.19,5,20,17
2024-05-26,People's Hospital,10,6,1,0,5,7,20.77,119.91,6,3,7
2024-05-26,People's Hospital,11,6,1,0,5,16,14.5,200.83,6,21,9
2024-05-26,People's Hospital,12,6,1,0,5,4,16.21,87.48,1,12,6
2024-05-26,People's Hospital,13,6,1,0,5,9,14.81,170.59,7,22,17
2024-05-26,People's Hospital,14,6,1,0,5,2,11.13,21.92,2,30,3
2024-05-26,People's Hospital,15,6,1,0,5,4,8.15,30.91,1,22,18
2024-05-26,People's Hospital,16,6,1,0,5,16,15.27,242.48,16,30,16
2024-05-26,People's Hospital,17,6,1,0,5,8,13.07,94.53,2,10,4
2024-05-26,Bhopal Memorial Hospital,9,6,1,0,5,10,20.88,221.48,6,21,9
2024-05-26,Bhopal Memorial Hospital,10,6,1,0,5,9,14.25,134.14,7,14,14
2024-05-26,Bhopal Memorial Hospital,11,6,1,0,5,14,12.0,196.63,9,15,6
2024-05-26,Bhopal Memorial Hospital,12,6,1,0,5,7,5.0,28.61,6,24,15
2024-05-26,Bhopal Memorial Hospital,13,6,1,0,5,2,15.85,25.5,2,13,15
2024-05-26,Bhopal Memorial Hospital,14,6,1,0,5,5,9.45,45.33,3,6,1
2024-05-26,Bhopal Memorial Hospital,15,6,1,0,5,12,15.96,191.95,7,15,3
2024-05-26,Bhopal Memorial Hospital,16,6,1,0,5,15,20.22,227.64,14,5,10
2024-05-26,Bhopal Memorial Hospital,17,6,1,0,5,8,19.29,150.84,7,3,5
2024-05-27,AIIMS Bhopal,9,0,0,1,5,23,13.99,382.03,20,17,18
2024-05-27,AIIMS Bhopal,10,0,0,1,5,18,11.67,207.87,8,27,12
2024-05-27,AIIMS Bhopal,11,0,0,1,5,39,13.3,601.15,24,11,12
2024-05-27,AIIMS Bhopal,12,0,0,1,5,11,13.05,155.99,3,16,0
2024-05-27,AIIMS Bhopal,13,0,0,1,5,18,17.77,441.6,18,8,9
2024-05-27,AIIMS Bhopal,14,0,0,1,5,20,11.69,209.85,2,20,3
2024-05-27,AIIMS Bhopal,15,0,0,1,5,33,11.56,395.73,3,12,3
2024-05-27,AIIMS Bhopal,16,0,0,1,5,29,13.32,347.5,8,12,16
2024-05-27,AIIMS Bhopal,17,0,0,1,5,30,14.88,488.44,26,26,12
2024-05-27,Hamidia Hospital,9,0,0,1,5,15,21.89,254.38,14,17,19
2024-05-27,Hamidia Hospital,10,0,0,1,5,15,16.56,226.68,12,22,6
2024-05-27,Hamidia Hospital,11,0,0,1,5,14,10.08,115.62,5,9,2
2024-05-27,Hamidia Hospital,12,0,0,1,5,18,17.28,332.07,11,13,14
2024-05-27,Hamidia Hospital,13,0,0,1,5,7,18.98,118.25,3,15,12
2024-05-27,Hamidia Hospital,14,0,0,1,5,24,5.59,140.17,2,15,6
2024-05-27,Hamidia Hospital,15,0,0,1,5,29,10.37,398.54,7,17,2
2024-05-27,Hamidia Hospital,16,0,0,1,5,33,20.45,825.22,19,6,7
2024-05-27,Hamidia Hospital,17,0,0,1,5,28,10.42,297.84,13,18,19
2024-05-27,Bansal Hospital,9,0,0,1,5,26,16.96,319.63,21,9,4
2024-05-27,Bansal Hospital,10,0,0,1,5,20,14.28,362.28,16,9,14
2024-05-27,Bansal Hospital,11,0,0,1,5,18,11.18,176.96,11,27,14
2024-05-27,Bansal Hospital,12,0,0,1,5,15,15.36,219.76,10,12,10
2024-05-27,Bansal Hospital,13,0,0,1,5,15,10.64,96.34,9,25,19
2024-05-27,Bansal Hospital,14,0,0,1,5,15,17.2,237.98,15,26,16
2024-05-27,Bansal Hospital,15,0,0,1,5,16,11.18,212.22,13,21,8
2024-05-27,Bansal Hospital,16,0,0,1,5,19,15.36,349.5,16,11,17
2024-05-27,Bansal Hospital,17,0,0,1,5,33,10.75,392.22,26,22,0
2024-05-27,Chirayu Medical College,9,0,0,1,5,33,15.49,388.13,15,21,2
2024-05-27,Chirayu Medical College,10,0,0,1,5,29,19.42,683.39,11,21,1
2024-05-27,Chirayu Medical College,11,0,0,1,5,29,10.3,240.7,26,12,8
2024-05-27,Chirayu Medical College,12,0,0,1,5,30,14.2,518.84,15,7,11
2024-05-27,Chirayu Medical College,13,0,0,1,5,16,14.08,297.18,16,20,13
2024-05-27,Chirayu Medical College,14,0,0,1,5,9,18.35,176.23,8,29,5
2024-05-27,Chirayu Medical College,15,0,0,1,5,35,6.43,240.13,30,13,2
2024-05-27,Chirayu Medical College,16,0,0,1,5,27,7.9,149.81,13,28,0
2024-05-27,Chirayu Medical College,17,0,0,1,5,21,12.7,276.84,18,3,7
2024-05-27,People's Hospital,9,0,0,1,5,25,6.62,207.08,20,25,3
2024-05-27,People's Hospital,10,0,0,1,5,14,9.63,120.57,9,18,15
2024-05-27,People's Hospital,11,0,0,1,5,39,21.38,834.47,23,3,3
2024-05-27,People's Hospital,12,0,0,1,5,19,9.69,158.89,7,29,19
2024-05-27,People's Hospital,13,0,0,1,5,12,18.98,223.56,8,29,19
2024-05-27,People's Hospital,14,0,0,1,5,22,13.78,254.88,22,28,12
2024-05-27,People's Hospital,15,0,0,1,5,21,24.52,675.0,16,5,16
2024-05-27,People's Hospital,16,0,0,1,5,36,16.71,713.13,29,26,16
2024-05-27,People's Hospital,17,0,0,1,5,29,22.8,782.62,26,10,17
2024-05-27,Bhopal Memorial Hospital,9,0,0,1,5,28,16.3,565.27,8,3,6
2024-05-27,Bhopal Memorial Hospital,10,0,0,1,5,20,14.85,236.03,10,24,19
2024-05-27,Bhopal Memorial Hospital,11,0,0,1,5,42,14.17,608.51,17,15,12
2024-05-27,Bhopal Memorial Hospital,12,0,0,1,5,26,16.17,357.34,16,17,0
2024-05-27,Bhopal Memorial Hospital,13,0,0,1,5,17,15.53,307.69,8,29,8
2024-05-27,Bhopal Memorial Hospital,14,0,0,1,5,17,14.51,272.13,15,15,5
2024-05-27,Bhopal Memorial Hospital,15,0,0,1,5,12,19.81,198.89,2,25,5
2024-05-27,Bhopal Memorial Hospital,16,0,0,1,5,42,8.63,259.84,33,8,17
2024-05-27,Bhopal Memorial Hospital,17,0,0,1,5,11,21.13,191.57,10,8,0
2024-05-28,AIIMS Bhopal,9,1,0,0,5,19,15.1,343.42,1,12,11
2024-05-28,AIIMS Bhopal,10,1,0,0,5,26,9.51,236.66,20,4,1
2024-05-28,AIIMS Bhopal,11,1,0,0,5,13,8.41,82.83,4,5,10
2024-05-28,AIIMS Bhopal,12,1,0,0,5,12,15.24,176.96,5,6,10
2024-05-28,AIIMS Bhopal,13,1,0,0,5,15,12.15,231.64,12,28,4
2024-05-28,AIIMS Bhopal,14,1,0,0,5,15,11.32,186.16,14,5,5
2024-05-28,AIIMS Bhopal,15,1,0,0,5,23,6.52,171.15,19,26,6
2024-05-28,AIIMS Bhopal,16,1,0,0,5,19,16.12,420.11,14,29,19
2024-05-28,AIIMS Bhopal,17,1,0,0,5,17,15.66,260.23,9,11,10
2024-05-28,Hamidia Hospital,9,1,0,0,5,22,11.94,294.34,14,30,5
2024-05-28,Hamidia Hospital,10,1,0,0,5,24,18.91,484.58,3,3,6
2024-05-28,Hamidia Hospital,11,1,0,0,5,13,13.59,173.93,11,18,7
2024-05-28,Hamidia Hospital,12,1,0,0,5,13,12.53,138.97,3,9,8
2024-05-28,Hamidia Hospital,13,1,0,0,5,14,9.23,169.19,6,12,13
2024-05-28,Hamidia Hospital,14,1,0,0,5,7,19.08,161.74,1,10,17
2024-05-28,Hamidia Hospital,15,1,0,0,5,16,14.68,186.61,6,16,8
2024-05-28,Hamidia Hospital,16,1,0,0,5,22,14.28,291.81,20,29,16
2024-05-28,Hamidia Hospital,17,1,0,0,5,13,13.68,136.98,10,6,9
2024-05-28,Bansal Hospital,9,1,0,0,5,14,20.3,141.66,6,29,8
2024-05-28,Bansal Hospital,10,1,0,0,5,16,11.51,232.84,14,7,17
2024-05-28,Bansal Hospital,11,1,0,0,5,27,16.99,334.59,16,25,16
2024-05-28,Bansal Hospital,12,1,0,0,5,10,16.55,144.03,9,12,14
2024-05-28,Bansal Hospital,13,1,0,0,5,12,16.71,175.89,5,27,1
2024-05-28,Bansal Hospital,14,1,0,0,5,15,12.41,140.41,9,30,10
2024-05-28,Bansal Hospital,15,1,0,0,5,8,9.24,95.37,3,24,8
2024-05-28,Bansal Hospital,16,1,0,0,5,11,15.31,118.19,6,27,8
2024-05-28,Bansal Hospital,17,1,0,0,5,21,14.62,283.0,2,15,19
2024-05-28,Chirayu Medical College,9,1,0,0,5,8,11.97,72.35,2,6,19
2024-05-28,Chirayu Medical College,10,1,0,0,5,24,15.59,292.48,21,17,4
2024-05-28,Chirayu Medical College,11,1,0,0,5,23,15.01,348.48,4,13,17
2024-05-28,Chirayu Medical College,12,1,0,0,5,16,12.92,227.27,9,11,4
2024-05-28,Chirayu Medical College,13,1,0,0,5,17,18.5,320.14,1,4,18
2024-05-28,Chirayu Medical College,14,1,0,0,5,9,16.2,99.34,4,6,18
2024-05-28,Chirayu Medical College,15,1,0,0,5,19,16.15,299.05,16,20,15
2024-05-28,Chirayu Medical College,16,1,0,0,5,19,22.78,448.91,7,21,0
2024-05-28,Chirayu Medical College,17,1,0,0,5,9,15.2,158.56,4,8,19
2024-05-28,People's Hospital,9,1,0,0,5,13,16.61,199.6,6,24,11
2024-05-28,People's Hospital,10,1,0,0,5,24,12.46,162.67,24,15,4
2024-05-28,People's Hospital,11,1,0,0,5,31,13.51,511.87,13,28,11
2024-05-28,People's Hospital,12,1,0,0,5,22,12.3,259.69,8,22,7
2024-05-28,People's Hospital,13,1,0,0,5,11,15.26,175.76,11,14,2
2024-05-28,People's Hospital,14,1,0,0,5,17,11.27,190.48,15,20,14
2024-05-28,People's Hospital,15,1,0,0,5,24,21.17,423.37,17,30,0
2024-05-28,People's Hospital,16,1,0,0,5,23,8.6,204.94,17,10,19
2024-05-28,People's Hospital,17,1,0,0,5,22,14.38,315.21,3,20,19
2024-05-28,Bhopal Memorial Hospital,9,1,0,0,5,25,11.55,311.38,21,21,16
2024-05-28,Bhopal Memorial Hospital,10,1,0,0,5,22,9.14,241.62,1,29,14
2024-05-28,Bhopal Memorial Hospital,11,1,0,0,5,22,12.73,329.15,22,13,12
2024-05-28,Bhopal Memorial Hospital,12,1,0,0,5,22,17.74,391.47,6,17,3
2024-05-28,Bhopal Memorial Hospital,13,1,0,0,5,17,16.68,220.31,12,19,14
2024-05-28,Bhopal Memorial Hospital,14,1,0,0,5,12,19.97,260.48,1,24,4
2024-05-28,Bhopal Memorial Hospital,15,1,0,0,5,9,6.7,62.53,3,4,8
2024-05-28,Bhopal Memorial Hospital,16,1,0,0,5,26,16.42,317.78,2,17,9
2024-05-28,Bhopal Memorial Hospital,17,1,0,0,5,14,10.06,121.36,14,11,17
2024-05-29,AIIMS Bhopal,9,2,0,0,5,16,10.36,170.64,6,4,4
2024-05-29,AIIMS Bhopal,10,2,0,0,5,22,12.88,251.89,9,3,15
2024-05-29,AIIMS Bhopal,11,2,0,0,5,19,11.55,176.4,3,20,19
2024-05-29,AIIMS Bhopal,12,2,0,0,5,8,16.83,146.37,4,27,12
2024-05-29,AIIMS Bhopal,13,2,0,0,5,16,19.63,267.81,3,26,12
2024-05-29,AIIMS Bhopal,14,2,0,0,5,11,22.61,202.56,2,23,12
2024-05-29,AIIMS Bhopal,15,2,0,0,5,21,13.32,241.56,3,3,15
2024-05-29,AIIMS Bhopal,16,2,0,0,5,19,12.53,280.44,14,14,4
2024-05-29,AIIMS Bhopal,17,2,0,0,5,8,13.17,102.68,4,3,0
2024-05-29,Hamidia Hospital,9,2,0,0,5,10,14.86,136.52,9,10,5
2024-05-29,Hamidia Hospital,10,2,0,0,5,13,9.17,181.9,1,4,15
2024-05-29,Hamidia Hospital,11,2,0,0,5,22,20.94,524.36,13,25,8
2024-05-29,Hamidia Hospital,12,2,0,0,5,14,19.8,255.31,1,28,9
2024-05-29,Hamidia Hospital,13,2,0,0,5,8,9.46,67.96,2,15,15
2024-05-29,Hamidia Hospital,14,2,0,0,5,8,16.83,185.79,5,15,8
2024-05-29,Hamidia Hospital,15,2,0,0,5,16,13.9,224.39,2,28,12
2024-05-29,Hamidia Hospital,16,2,0,0,5,11,5.84,78.03,4,18,14
2024-05-29,Hamidia Hospital,17,2,0,0,5,24,9.56,216.77,3,11,3
2024-05-29,Bansal Hospital,9,2,0,0,5,25,16.04,419.98,6,28,19
2024-05-29,Bansal Hospital,10,2,0,0,5,10,11.92,118.73,10,28,17
2024-05-29,Bansal Hospital,11,2,0,0,5,11,14.14,110.62,8,4,11
2024-05-29,Bansal Hospital,12,2,0,0,5,20,14.24,365.11,14,26,10
2024-05-29,Bansal Hospital,13,2,0,0,5,17,11.98,171.02,12,17,18
2024-05-29,Bansal Hospital,14,2,0,0,5,5,20.47,78.1,2,15,14
2024-05-29,Bansal Hospital,15,2,0,0,5,18,10.54,142.74,9,27,15
2024-05-29,Bansal Hospital,16,2,0,0,5,13,15.41,193.23,10,27,19
2024-05-29,Bansal Hospital,17,2,0,0,5,14,14.54,106.63,9,12,17
2024-05-29,Chirayu Medical College,9,2,0,0,5,20,13.9,313.68,2,20,0
2024-05-29,Chirayu Medical College,10,2,0,0,5,22,13.88,344.28,9,9,0
2024-05-29,Chirayu Medical College,11,2,0,0,5,20,11.17,187.21,1,28,14
2024-05-29,Chirayu Medical College,12,2,0,0,5,9,17.31,156.05,8,14,10
2024-05-29,Chirayu Medical College,13,2,0,0,5,11,12.46,143.12,10,16,9
2024-05-29,Chirayu Medical College,14,2,0,0,5,7,17.61,117.87,2,13,2
2024-05-29,Chirayu Medical College,15,2,0,0,5,11,7.73,90.71,11,9,1
2024-05-29,Chirayu Medical College,16,2,0,0,5,18,17.04,259.23,6,5,15
2024-05-29,Chirayu Medical College,17,2,0,0,5,13,24.96,305.93,11,10,0
2024-05-29,People's Hospital,9,2,0,0,5,25,15.14,353.62,24,11,17
2024-05-29,People's Hospital,10,2,0,0,5,10,9.02,84.09,7,25,2
2024-05-29,People's Hospital,11,2,0,0,5,14,16.92,276.12,1,12,9
2024-05-29,People's Hospital,12,2,0,0,5,15,25.51,462.36,11,29,14
2024-05-29,People's Hospital,13,2,0,0,5,16,16.28,277.62,15,6,12
2024-05-29,People's Hospital,14,2,0,0,5,16,19.06,353.49,4,30,14
2024-05-29,People's Hospital,15,2,0,0,5,21,23.76,340.8,12,7,2
2024-05-29,People's Hospital,16,2,0,0,5,23,17.4,468.27,7,29,14
2024-05-29,People's Hospital,17,2,0,0,5,11,18.94,228.46,1,15,17
2024-05-29,Bhopal Memorial Hospital,9,2,0,0,5,21,10.79,218.84,14,26,9
2024-05-29,Bhopal Memorial Hospital,10,2,0,0,5,14,12.88,253.14,6,30,19
2024-05-29,Bhopal Memorial Hospital,11,2,0,0,5,22,10.33,253.25,7,23,14
2024-05-29,Bhopal Memorial Hospital,12,2,0,0,5,17,18.63,308.3,11,17,14
2024-05-29,Bhopal Memorial Hospital,13,2,0,0,5,14,7.63,97.16,11,25,15
2024-05-29,Bhopal Memorial Hospital,14,2,0,0,5,16,16.06,223.31,12,5,12
2024-05-29,Bhopal Memorial Hospital,15,2,0,0,5,20,21.28,454.66,8,24,15
2024-05-29,Bhopal Memorial Hospital,16,2,0,0,5,10,19.86,233.67,1,22,11
2024-05-29,Bhopal Memorial Hospital,17,2,0,0,5,9,11.92,72.77,2,14,3
2024-05-30,AIIMS Bhopal,9,3,0,0,5,20,14.24,205.02,8,7,7
2024-05-30,AIIMS Bhopal,10,3,0,0,5,11,12.29,109.86,8,7,10
2024-05-30,AIIMS Bhopal,11,3,0,0,5,27,16.56,464.95,21,23,19
2024-05-30,AIIMS Bhopal,12,3,0,0,5,19,12.82,180.31,8,10,16
2024-05-30,AIIMS Bhopal,13,3,0,0,5,11,16.74,194.52,11,29,18
2024-05-30,AIIMS Bhopal,14,3,0,0,5,5,10.38,57.16,5,5,10
2024-05-30,AIIMS Bhopal,15,3,0,0,5,21,10.29,254.22,7,3,18
2024-05-30,AIIMS Bhopal,16,3,0,0,5,32,23.91,895.07,14,11,6
2024-05-30,AIIMS Bhopal,17,3,0,0,5,16,16.09,225.45,8,13,13
2024-05-30,Hamidia Hospital,9,3,0,0,5,24,27.39,822.35,17,18,14
2024-05-30,Hamidia Hospital,10,3,0,0,5,19,14.52,306.05,9,6,13
2024-05-30,Hamidia Hospital,11,3,0,0,5,28,13.64,404.13,18,18,9
2024-05-30,Hamidia Hospital,12,3,0,0,5,15,19.06,293.37,8,12,4
2024-05-30,Hamidia Hospital,13,3,0,0,5,9,18.12,193.94,5,19,15
2024-05-30,Hamidia Hospital,14,3,0,0,5,5,7.23,25.4,2,21,10
2024-05-30,Hamidia Hospital,15,3,0,0,5,11,12.86,149.74,10,4,17
2024-05-30,Hamidia Hospital,16,3,0,0,5,22,12.16,320.93,5,15,4
2024-05-30,Hamidia Hospital,17,3,0,0,5,22,12.31,276.25,4,30,5
2024-05-30,Bansal Hospital,9,3,0,0,5,18,12.9,228.97,18,17,12
2024-05-30,Bansal Hospital,10,3,0,0,5,26,15.08,401.26,26,6,19
2024-05-30,Bansal Hospital,11,3,0,0,5,28,21.5,570.76,9,17,13
2024-05-30,Bansal Hospital,12,3,0,0,5,18,13.3,148.44,5,12,12
2024-05-30,Bansal Hospital,13,3,0,0,5,14,11.43,157.15,13,6,13
2024-05-30,Bansal Hospital,14,3,0,0,5,9,18.52,179.69,8,6,7
2024-05-30,Bansal Hospital,15,3,0,0,5,19,14.15,241.18,18,12,10
2024-05-30,Bansal Hospital,16,3,0,0,5,20,14.39,276.9,11,3,0
2024-05-30,Bansal Hospital,17,3,0,0,5,19,16.47,249.68,11,25,16
2024-05-30,Chirayu Medical College,9,3,0,0,5,9,10.85,99.58,9,17,16
2024-05-30,Chirayu Medical College,10,3,0,0,5,22,18.77,481.51,8,6,5
2024-05-30,Chirayu Medical College,11,3,0,0,5,28,10.7,327.09,25,10,6
2024-05-30,Chirayu Medical College,12,3,0,0,5,19,11.09,178.05,5,11,11
2024-05-30,Chirayu Medical College,13,3,0,0,5,8,12.72,150.83,2,15,0
2024-05-30,Chirayu Medical College,14,3,0,0,5,9,20.29,137.23,5,6,15
2024-05-30,Chirayu Medical College,15,3,0,0,5,21,13.85,239.23,14,6,8
2024-05-30,Chirayu Medical College,16,3,0,0,5,14,20.43,344.88,11,6,1
2024-05-30,Chirayu Medical College,17,3,0,0,5,11,13.16,192.99,4,21,2
2024-05-30,People's Hospital,9,3,0,0,5,13,17.25,177.23,11,10,10
2024-05-30,People's Hospital,10,3,0,0,5,31,14.99,583.67,29,25,0
2024-05-30,People's Hospital,11,3,0,0,5,14,18.01,294.98,3,17,15
2024-05-30,People's Hospital,12,3,0,0,5,11,18.39,181.87,9,13,6
2024-05-30,People's Hospital,13,3,0,0,5,5,15.9,73.29,4,12,8
2024-05-30,People's Hospital,14,3,0,0,5,16,6.31,80.38,1,19,0
2024-05-30,People's Hospital,15,3,0,0,5,14,22.08,329.18,13,20,19
2024-05-30,People's Hospital,16,3,0,0,5,16,17.84,355.69,13,11,3
2024-05-30,People's Hospital,17,3,0,0,5,20,11.95,309.66,2,7,18
2024-05-30,Bhopal Memorial Hospital,9,3,0,0,5,15,12.03,186.49,3,29,13
2024-05-30,Bhopal Memorial Hospital,10,3,0,0,5,23,5.21,98.62,17,3,5
2024-05-30,Bhopal Memorial Hospital,11,3,0,0,5,19,11.25,200.71,14,8,13
2024-05-30,Bhopal Memorial Hospital,12,3,0,0,5,9,20.07,177.04,6,21,17
2024-05-30,Bhopal Memorial Hospital,13,3,0,0,5,5,14.02,63.88,5,27,17
2024-05-30,Bhopal Memorial Hospital,14,3,0,0,5,16,21.18,347.72,1,3,10
2024-05-30,Bhopal Memorial Hospital,15,3,0,0,5,14,12.78,184.5,7,30,16
2024-05-30,Bhopal Memorial Hospital,16,3,0,0,5,29,10.18,219.81,21,30,4
2024-05-30,Bhopal Memorial Hospital,17,3,0,0,5,9,27.14,148.0,1,17,2
2024-05-31,AIIMS Bhopal,9,4,0,0,5,9,19.98,175.6,7,21,5
2024-05-31,AIIMS Bhopal,10,4,0,0,5,16,16.75,348.68,15,15,12
2024-05-31,AIIMS Bhopal,11,4,0,0,5,16,17.4,307.18,12,30,2
2024-05-31,AIIMS Bhopal,12,4,0,0,5,25,15.27,383.74,25,24,4
2024-05-31,AIIMS Bhopal,13,4,0,0,5,15,14.44,156.64,3,29,19
2024-05-31,AIIMS Bhopal,14,4,0,0,5,11,20.4,139.75,11,20,13
2024-05-31,AIIMS Bhopal,15,4,0,0,5,14,11.62,211.15,4,12,18
2024-05-31,AIIMS Bhopal,16,4,0,0,5,16,13.85,179.41,16,23,8
2024-05-31,AIIMS Bhopal,17,4,0,0,5,18,13.98,269.03,5,27,7
2024-05-31,Hamidia Hospital,9,4,0,0,5,15,10.06,196.28,9,14,14
2024-05-31,Hamidia Hospital,10,4,0,0,5,15,19.51,239.6,5,15,6
2024-05-31,Hamidia Hospital,11,4,0,0,5,31,15.73,447.22,14,5,19
2024-05-31,Hamidia Hospital,12,4,0,0,5,8,9.03,101.84,8,14,6
2024-05-31,Hamidia Hospital,13,4,0,0,5,5,14.27,63.66,4,5,8
2024-05-31,Hamidia Hospital,14,4,0,0,5,6,23.1,131.77,5,12,2
2024-05-31,Hamidia Hospital,15,4,0,0,5,21,11.51,250.24,6,23,1
2024-05-31,Hamidia Hospital,16,4,0,0,5,16,8.21,141.52,4,11,10
2024-05-31,Hamidia Hospital,17,4,0,0,5,16,16.45,253.04,3,20,19
2024-05-31,Bansal Hospital,9,4,0,0,5,11,12.66,142.0,5,13,16
2024-05-31,Bansal Hospital,10,4,0,0,5,22,10.52,219.46,19,11,1
2024-05-31,Bansal Hospital,11,4,0,0,5,11,12.8,132.8,3,20,16
2024-05-31,Bansal Hospital,12,4,0,0,5,20,12.16,292.91,1,18,5
2024-05-31,Bansal Hospital,13,4,0,0,5,5,17.41,67.45,1,14,14
2024-05-31,Bansal Hospital,14,4,0,0,5,5,22.57,136.45,3,30,6
2024-05-31,Bansal Hospital,15,4,0,0,5,18,9.26,183.39,5,13,11
2024-05-31,Bansal Hospital,16,4,0,0,5,24,17.93,365.88,1,25,17
2024-05-31,Bansal Hospital,17,4,0,0,5,16,10.19,183.18,1,3,3
2024-05-31,Chirayu Medical College,9,4,0,0,5,18,13.25,180.82,5,27,6
2024-05-31,Chirayu Medical College,10,4,0,0,5,26,16.99,386.64,6,12,19
2024-05-31,Chirayu Medical College,11,4,0,0,5,22,16.3,253.2,1,7,11
2024-05-31,Chirayu Medical College,12,4,0,0,5,11,13.98,149.89,11,17,4
2024-05-31,Chirayu Medical College,13,4,0,0,5,11,12.61,93.3,1,22,11
2024-05-31,Chirayu Medical College,14,4,0,0,5,16,11.81,114.14,10,20,15
2024-05-31,Chirayu Medical College,15,4,0,0,5,23,14.04,384.98,2,24,17
2024-05-31,Chirayu Medical College,16,4,0,0,5,18,13.94,273.97,18,22,0
2024-05-31,Chirayu Medical College,17,4,0,0,5,11,18.78,158.56,1,25,13
2024-05-31,People's Hospital,9,4,0,0,5,15,14.53,266.0,11,27,2
2024-05-31,People's Hospital,10,4,0,0,5,31,18.12,569.66,25,7,1
2024-05-31,People's Hospital,11,4,0,0,5,15,15.39,237.62,13,30,18
2024-05-31,People's Hospital,12,4,0,0,5,23,18.14,352.24,7,27,13
2024-05-31,People's Hospital,13,4,0,0,5,17,16.03,182.7,17,30,15
2024-05-31,People's Hospital,14,4,0,0,5,14,12.56,207.75,12,14,11
2024-05-31,People's Hospital,15,4,0,0,5,12,12.97,183.59,6,15,17
2024-05-31,People's Hospital,16,4,0,0,5,24,24.9,643.36,13,11,16
2024-05-31,People's Hospital,17,4,0,0,5,23,9.21,202.17,10,30,16
2024-05-31,Bhopal Memorial Hospital,9,4,0,0,5,23,15.93,380.66,2,8,10
2024-05-31,Bhopal Memorial Hospital,10,4,0,0,5,24,14.6,450.4,11,30,7
2024-05-31,Bhopal Memorial Hospital,11,4,0,0,5,19,13.76,332.49,12,7,18
2024-05-31,Bhopal Memorial Hospital,12,4,0,0,5,16,7.81,73.67,10,12,14
2024-05-31,Bhopal Memorial Hospital,13,4,0,0,5,5,14.54,79.81,3,14,1
2024-05-31,Bhopal Memorial Hospital,14,4,0,0,5,12,13.02,129.55,4,18,1
2024-05-31,Bhopal Memorial Hospital,15,4,0,0,5,21,12.12,226.78,4,30,2
2024-05-31,Bhopal Memorial Hospital,16,4,0,0,5,31,18.17,632.1,4,9,17
2024-05-31,Bhopal Memorial Hospital,17,4,0,0,5,22,17.34,324.3,20,14,10
2024-06-01,AIIMS Bhopal,9,5,1,0,6,9,17.7,195.02,2,24,6
2024-06-01,AIIMS Bhopal,10,5,1,0,6,11,19.32,171.79,5,5,19
2024-06-01,AIIMS Bhopal,11,5,1,0,6,16,19.82,207.84,3,5,16
2024-06-01,AIIMS Bhopal,12,5,1,0,6,4,19.06,57.72,4,17,14
2024-06-01,AIIMS Bhopal,13,5,1,0,6,7,17.45,116.3,1,29,8
2024-06-01,AIIMS Bhopal,14,5,1,0,6,10,14.8,146.5,10,19,10
2024-06-01,AIIMS Bhopal,15,5,1,0,6,7,5.0,43.55,2,24,13
2024-06-01,AIIMS Bhopal,16,5,1,0,6,11,5.0,62.49,4,23,9
2024-06-01,AIIMS Bhopal,17,5,1,0,6,13,7.48,127.27,9,21,6
2024-06-01,Hamidia Hospital,9,5,1,0,6,14,11.53,177.35,12,5,16
2024-06-01,Hamidia Hospital,10,5,1,0,6,16,16.34,213.05,11,19,1
2024-06-01,Hamidia Hospital,11,5,1,0,6,19,14.56,298.63,14,23,10
2024-06-01,Hamidia Hospital,12,5,1,0,6,7,13.68,54.66,4,29,18
2024-06-01,Hamidia Hospital,13,5,1,0,6,3,14.4,41.61,2,9,2
2024-06-01,Hamidia Hospital,14,5,1,0,6,4,15.8,63.09,3,25,15
2024-06-01,Hamidia Hospital,15,5,1,0,6,10,23.06,268.78,9,27,9
2024-06-01,Hamidia Hospital,16,5,1,0,6,13,11.4,122.83,8,16,18
2024-06-01,Hamidia Hospital,17,5,1,0,6,10,9.3,119.73,2,23,5
2024-06-01,Bansal Hospital,9,5,1,0,6,12,12.14,143.63,8,19,7
2024-06-01,Bansal Hospital,10,5,1,0,6,16,16.29,242.0,8,14,18
2024-06-01,Bansal Hospital,11,5,1,0,6,13,20.06,314.67,13,26,8
2024-06-01,Bansal Hospital,12,5,1,0,6,10,12.87,120.77,3,28,11
2024-06-01,Bansal Hospital,13,5,1,0,6,9,21.25,213.07,5,14,10
2024-06-01,Bansal Hospital,14,5,1,0,6,9,16.64,156.22,7,8,14
2024-06-01,Bansal Hospital,15,5,1,0,6,9,15.48,114.5,5,22,4
2024-06-01,Bansal Hospital,16,5,1,0,6,18,16.17,255.87,16,25,1
2024-06-01,Bansal Hospital,17,5,1,0,6,7,16.23,138.05,6,4,4
2024-06-01,Chirayu Medical College,9,5,1,0,6,14,14.95,196.7,7,3,15
2024-06-01,Chirayu Medical College,10,5,1,0,6,15,15.37,269.01,4,9,8
2024-06-01,Chirayu Medical College,11,5,1,0,6,15,20.79,313.05,15,26,12
2024-06-01,Chirayu Medical College,12,5,1,0,6,8,15.1,143.93,5,5,12
2024-06-01,Chirayu Medical College,13,5,1,0,6,4,10.79,37.2,4,4,5
2024-06-01,Chirayu Medical College,14,5,1,0,6,7,17.21,138.92,6,5,8
2024-06-01,Chirayu Medical College,15,5,1,0,6,9,22.42,175.96,2,18,4
2024-06-01,Chirayu Medical College,16,5,1,0,6,10,10.56,63.93,6,4,8
2024-06-01,Chirayu Medical College,17,5,1,0,6,10,12.62,122.79,1,23,4
2024-06-01,People's Hospital,9,5,1,0,6,9,12.07,136.0,3,8,8
2024-06-01,People's Hospital,10,5,1,0,6,6,22.12,94.42,3,28,7
2024-06-01,People's Hospital,11,5,1,0,6,6,15.74,54.49,1,10,19
2024-06-01,People's Hospital,12,5,1,0,6,4,18.81,75.64,2,18,11
2024-06-01,People's Hospital,13,5,1,0,6,4,15.43,65.51,4,4,11
2024-06-01,People's Hospital,14,5,1,0,6,8,7.02,46.92,4,10,10
2024-06-01,People's Hospital,15,5,1,0,6,11,18.86,194.44,9,14,18
2024-06-01,People's Hospital,16,5,1,0,6,19,21.32,458.97,18,11,6
2024-06-01,People's Hospital,17,5,1,0,6,13,12.94,225.08,10,20,1
2024-06-01,Bhopal Memorial Hospital,9,5,1,0,6,5,19.47,75.38,4,25,6
2024-06-01,Bhopal Memorial Hospital,10,5,1,0,6,10,15.27,151.35,10,26,4
2024-06-01,Bhopal Memorial Hospital,11,5,1,0,6,15,14.88,221.76,11,12,0
2024-06-01,Bhopal Memorial Hospital,12,5,1,0,6,10,14.9,210.94,6,3,3
2024-06-01,Bhopal Memorial Hospital,13,5,1,0,6,9,15.25,132.7,7,24,12
2024-06-01,Bhopal Memorial Hospital,14,5,1,0,6,7,15.96,85.32,7,22,1
2024-06-01,Bhopal Memorial Hospital,15,5,1,0,6,12,10.87,184.94,10,18,4
2024-06-01,Bhopal Memorial Hospital,16,5,1,0,6,9,15.98,166.56,1,11,7
2024-06-01,Bhopal Memorial Hospital,17,5,1,0,6,4,17.74,74.9,1,21,3
2024-06-02,AIIMS Bhopal,9,6,1,0,6,5,18.62,60.82,4,29,3
2024-06-02,AIIMS Bhopal,10,6,1,0,6,11,12.81,155.05,10,5,2
2024-06-02,AIIMS Bhopal,11,6,1,0,6,13,17.24,221.29,1,29,4
2024-06-02,AIIMS Bhopal,12,6,1,0,6,15,13.28,212.03,3,9,5
2024-06-02,AIIMS Bhopal,13,6,1,0,6,10,8.32,100.53,2,11,0
2024-06-02,AIIMS Bhopal,14,6,1,0,6,4,8.95,23.34,3,7,4
2024-06-02,AIIMS Bhopal,15,6,1,0,6,9,14.83,117.94,5,10,0
2024-06-02,AIIMS Bhopal,16,6,1,0,6,9,15.25,151.7,1,3,0
2024-06-02,AIIMS Bhopal,17,6,1,0,6,6,16.59,119.72,5,8,17
2024-06-02,Hamidia Hospital,9,6,1,0,6,7,14.73,118.16,1,23,18
2024-06-02,Hamidia Hospital,10,6,1,0,6,16,9.23,128.47,8,13,7
2024-06-02,Hamidia Hospital,11,6,1,0,6,9,6.46,39.12,2,23,15
2024-06-02,Hamidia Hospital,12,6,1,0,6,12,16.31,224.81,12,25,16
2024-06-02,Hamidia Hospital,13,6,1,0,6,6,11.12,75.2,4,12,1
2024-06-02,Hamidia Hospital,14,6,1,0,6,10,15.19,86.99,10,30,14
2024-06-02,Hamidia Hospital,15,6,1,0,6,13,11.67,137.85,7,5,8
2024-06-02,Hamidia Hospital,16,6,1,0,6,5,14.91,74.45,4,4,19
2024-06-02,Hamidia Hospital,17,6,1,0,6,5,8.37,53.02,2,15,1
2024-06-02,Bansal Hospital,9,6,1,0,6,7,12.43,88.07,1,26,10
2024-06-02,Bansal Hospital,10,6,1,0,6,15,8.7,138.31,7,5,15
2024-06-02,Bansal Hospital,11,6,1,0,6,10,10.19,113.58,5,13,19
2024-06-02,Bansal Hospital,12,6,1,0,6,15,9.36,121.11,14,17,6
2024-06-02,Bansal Hospital,13,6,1,0,6,10,14.62,127.88,5,9,16
2024-06-02,Bansal Hospital,14,6,1,0,6,4,18.92,81.97,2,8,5
2024-06-02,Bansal Hospital,15,6,1,0,6,7,22.4,136.39,2,19,2
2024-06-02,Bansal Hospital,16,6,1,0,6,10,5.83,58.27,3,26,5
2024-06-02,Bansal Hospital,17,6,1,0,6,8,8.25,102.15,7,7,15
2024-06-02,Chirayu Medical College,9,6,1,0,6,4,16.07,38.93,3,29,1
2024-06-02,Chirayu Medical College,10,6,1,0,6,7,18.37,128.43,2,12,10
2024-06-02,Chirayu Medical College,11,6,1,0,6,9,19.66,273.1,5,28,11
2024-06-02,Chirayu Medical College,12,6,1,0,6,12,14.14,172.39,11,29,18
2024-06-02,Chirayu Medical College,13,6,1,0,6,6,12.45,69.8,6,23,11
2024-06-02,Chirayu Medical College,14,6,1,0,6,3,13.38,57.43,3,22,6
2024-06-02,Chirayu Medical College,15,6,1,0,6,8,12.23,80.91,2,14,6
2024-06-02,Chirayu Medical College,16,6,1,0,6,13,8.08,92.53,4,9,16
2024-06-02,Chirayu Medical College,17,6,1,0,6,13,5.43,68.81,6,28,19
2024-06-02,People's Hospital,9,6,1,0,6,6,14.15,54.34,5,3,10
2024-06-02,People's Hospital,10,6,1,0,6,11,15.41,125.04,5,13,17
2024-06-02,People's Hospital,11,6,1,0,6,16,12.63,230.49,6,14,15
2024-06-02,People's Hospital,12,6,1,0,6,7,16.03,148.64,6,9,0
2024-06-02,People's Hospital,13,6,1,0,6,2,9.91,20.39,1,20,13
2024-06-02,People's Hospital,14,6,1,0,6,7,11.64,81.2,6,17,9
2024-06-02,People's Hospital,15,6,1,0,6,13,13.71,119.71,3,26,19
2024-06-02,People's Hospital,16,6,1,0,6,7,14.64,117.91,3,23,12
2024-06-02,People's Hospital,17,6,1,0,6,11,20.51,242.14,7,21,4
2024-06-02,Bhopal Memorial Hospital,9,6,1,0,6,7,5.87,46.17,6,3,5
2024-06-02,Bhopal Memorial Hospital,10,6,1,0,6,13,17.52,165.53,6,28,8
2024-06-02,Bhopal Memorial Hospital,11,6,1,0,6,7,16.89,80.69,1,27,11
2024-06-02,Bhopal Memorial Hospital,12,6,1,0,6,11,14.82,142.71,5,5,4
2024-06-02,Bhopal Memorial Hospital,13,6,1,0,6,8,12.67,82.76,1,28,18
2024-06-02,Bhopal Memorial Hospital,14,6,1,0,6,6,21.23,114.4,5,15,9
2024-06-02,Bhopal Memorial Hospital,15,6,1,0,6,13,17.61,235.67,5,8,9
2024-06-02,Bhopal Memorial Hospital,16,6,1,0,6,13,15.68,91.12,3,3,13
2024-06-02,Bhopal Memorial Hospital,17,6,1,0,6,10,14.17,186.9,4,7,13
2024-06-03,AIIMS Bhopal,9,0,0,1,6,14,14.21,225.97,14,4,6
2024-06-03,AIIMS Bhopal,10,0,0,1,6,41,17.05,733.5,18,9,3
2024-06-03,AIIMS Bhopal,11,0,0,1,6,15,12.2,162.08,14,16,17
2024-06-03,AIIMS Bhopal,12,0,0,1,6,21,14.42,290.68,12,10,2
2024-06-03,AIIMS Bhopal,13,0,0,1,6,12,16.97,236.71,12,30,12
2024-06-03,AIIMS Bhopal,14,0,0,1,6,15,12.21,167.81,9,17,1
2024-06-03,AIIMS Bhopal,15,0,0,1,6,29,9.81,314.51,13,12,9
2024-06-03,AIIMS Bhopal,16,0,0,1,6,23,9.38,213.46,8,4,14
2024-06-03,AIIMS Bhopal,17,0,0,1,6,11,13.42,150.64,1,26,2
2024-06-03,Hamidia Hospital,9,0,0,1,6,12,17.58,233.33,5,19,0
2024-06-03,Hamidia Hospital,10,0,0,1,6,33,10.55,410.93,9,6,3
2024-06-03,Hamidia Hospital,11,0,0,1,6,42,8.69,377.71,42,3,0
2024-06-03,Hamidia Hospital,12,0,0,1,6,22,14.94,353.65,2,24,1
2024-06-03,Hamidia Hospital,13,0,0,1,6,21,16.27,380.66,3,26,9
2024-06-03,Hamidia Hospital,14,0,0,1,6,12,18.26,218.99,10,9,0
2024-06-03,Hamidia Hospital,15,0,0,1,6,29,12.96,528.46,3,7,2
2024-06-03,Hamidia Hospital,16,0,0,1,6,15,9.24,149.22,5,24,6
2024-06-03,Hamidia Hospital,17,0,0,1,6,14,18.64,269.74,13,3,6
2024-06-03,Bansal Hospital,9,0,0,1,6,14,11.8,195.38,8,20,10
2024-06-03,Bansal Hospital,10,0,0,1,6,15,14.47,221.96,7,17,11
2024-06-03,Bansal Hospital,11,0,0,1,6,19,14.66,321.99,8,14,2
2024-06-03,Bansal Hospital,12,0,0,1,6,25,10.76,308.64,4,11,4
2024-06-03,Bansal Hospital,13,0,0,1,6,21,9.0,198.25,3,13,7
2024-06-03,Bansal Hospital,14,0,0,1,6,24,13.56,345.29,11,6,3
2024-06-03,Bansal Hospital,15,0,0,1,6,14,18.57,229.36,14,26,15
2024-06-03,Bansal Hospital,16,0,0,1,6,19,14.75,373.6,7,11,3
2024-06-03,Bansal Hospital,17,0,0,1,6,12,10.49,148.47,7,13,0
2024-06-03,Chirayu Medical College,9,0,0,1,6,22,22.79,443.01,6,13,11
2024-06-03,Chirayu Medical College,10,0,0,1,6,24,19.48,567.57,16,9,15
2024-06-03,Chirayu Medical College,11,0,0,1,6,18,15.18,279.2,5,13,1
2024-06-03,Chirayu Medical College,12,0,0,1,6,35,12.95,391.26,12,12,0
2024-06-03,Chirayu Medical College,13,0,0,1,6,24,8.66,200.62,2,26,19
2024-06-03,Chirayu Medical College,14,0,0,1,6,20,14.04,254.63,8,29,7
2024-06-03,Chirayu Medical College,15,0,0,1,6,29,20.8,646.75,19,26,19
2024-06-03,Chirayu Medical College,16,0,0,1,6,27,16.52,280.62,19,6,8
2024-06-03,Chirayu Medical College,17,0,0,1,6,12,20.31,254.26,11,19,3
2024-06-03,People's Hospital,9,0,0,1,6,18,19.03,225.18,15,25,3
2024-06-03,People's Hospital,10,0,0,1,6,20,10.93,146.81,6,19,16
2024-06-03,People's Hospital,11,0,0,1,6,39,17.14,579.33,5,13,18
2024-06-03,People's Hospital,12,0,0,1,6,22,9.85,162.44,9,23,6
2024-06-03,People's Hospital,13,0,0,1,6,16,13.05,134.09,5,15,13
2024-06-03,People's Hospital,14,0,0,1,6,15,12.19,149.93,9,25,13
2024-06-03,People's Hospital,15,0,0,1,6,28,19.54,351.1,18,5,2
2024-06-03,People's Hospital,16,0,0,1,6,15,10.02,214.22,3,21,4
2024-06-03,People's Hospital,17,0,0,1,6,30,16.9,571.6,1,26,13
2024-06-03,Bhopal Memorial Hospital,9,0,0,1,6,32,9.55,321.01,15,24,12
2024-06-03,Bhopal Memorial Hospital,10,0,0,1,6,39,13.56,539.06,32,3,16
2024-06-03,Bhopal Memorial Hospital,11,0,0,1,6,20,14.99,319.7,20,28,7
2024-06-03,Bhopal Memorial Hospital,12,0,0,1,6,26,20.34,610.13,8,9,3
2024-06-03,Bhopal Memorial Hospital,13,0,0,1,6,18,12.59,234.73,18,8,7
2024-06-03,Bhopal Memorial Hospital,14,0,0,1,6,20,9.35,233.43,13,23,5
2024-06-03,Bhopal Memorial Hospital,15,0,0,1,6,11,21.5,280.33,3,21,10
2024-06-03,Bhopal Memorial Hospital,16,0,0,1,6,19,13.31,208.2,13,4,17
2024-06-03,Bhopal Memorial Hospital,17,0,0,1,6,29,19.0,516.04,4,5,0
2024-06-04,AIIMS Bhopal,9,1,0,0,6,25,14.22,460.88,20,3,18
2024-06-04,AIIMS Bhopal,10,1,0,0,6,16,11.75,140.92,16,15,15
2024-06-04,AIIMS Bhopal,11,1,0,0,6,18,15.04,259.64,17,16,7
2024-06-04,AIIMS Bhopal,12,1,0,0,6,14,16.04,282.81,11,14,1
2024-06-04,AIIMS Bhopal,13,1,0,0,6,14,11.85,187.19,8,16,0
2024-06-04,AIIMS Bhopal,14,1,0,0,6,12,12.02,172.24,1,23,1
2024-06-04,AIIMS Bhopal,15,1,0,0,6,18,15.62,265.66,2,20,6
2024-06-04,AIIMS Bhopal,16,1,0,0,6,11,10.18,127.68,6,4,18
2024-06-04,AIIMS Bhopal,17,1,0,0,6,24,16.78,336.95,12,16,9
2024-06-04,Hamidia Hospital,9,1,0,0,6,17,16.64,211.5,10,27,2
2024-06-04,Hamidia Hospital,10,1,0,0,6,15,14.71,266.37,7,4,11
2024-06-04,Hamidia Hospital,11,1,0,0,6,10,13.31,99.05,10,22,1
2024-06-04,Hamidia Hospital,12,1,0,0,6,22,10.75,273.55,21,19,3
2024-06-04,Hamidia Hospital,13,1,0,0,6,11,11.2,103.56,7,18,16
2024-06-04,Hamidia Hospital,14,1,0,0,6,11,12.73,126.93,2,17,14
2024-06-04,Hamidia Hospital,15,1,0,0,6,16,5.8,74.79,3,6,15
2024-06-04,Hamidia Hospital,16,1,0,0,6,27,11.43,330.79,23,24,1
2024-06-04,Hamidia Hospital,17,1,0,0,6,16,16.76,326.18,7,26,3
2024-06-04,Bansal Hospital,9,1,0,0,6,18,16.56,247.43,5,8,19
2024-06-04,Bansal Hospital,10,1,0,0,6,23,19.71,489.71,18,15,1
2024-06-04,Bansal Hospital,11,1,0,0,6,18,16.32,286.99,14,18,9
2024-06-04,Bansal Hospital,12,1,0,0,6,25,7.96,232.31,13,18,11
2024-06-04,Bansal Hospital,13,1,0,0,6,9,15.49,114.92,2,13,7
2024-06-04,Bansal Hospital,14,1,0,0,6,11,9.05,51.97,8,12,6
2024-06-04,Bansal Hospital,15,1,0,0,6,12,10.17,122.67,3,4,14
2024-06-04,Bansal Hospital,16,1,0,0,6,32,22.19,783.93,2,9,15
2024-06-04,Bansal Hospital,17,1,0,0,6,25,15.22,383.18,1,10,4
2024-06-04,Chirayu Medical College,9,1,0,0,6,8,7.25,57.6,5,6,12
2024-06-04,Chirayu Medical College,10,1,0,0,6,10,10.48,88.17,10,17,11
2024-06-04,Chirayu Medical College,11,1,0,0,6,29,13.6,300.78,26,14,3
2024-06-04,Chirayu Medical College,12,1,0,0,6,20,10.87,250.57,16,15,8
2024-06-04,Chirayu Medical College,13,1,0,0,6,11,14.46,201.89,5,10,18
2024-06-04,Chirayu Medical College,14,1,0,0,6,11,14.8,111.86,7,25,2
2024-06-04,Chirayu Medical College,15,1,0,0,6,21,17.13,349.59,6,17,14
2024-06-04,Chirayu Medical College,16,1,0,0,6,15,14.29,217.89,5,27,1
2024-06-04,Chirayu Medical College,17,1,0,0,6,13,14.87,185.8,3,19,9
2024-06-04,People's Hospital,9,1,0,0,6,21,12.79,306.5,5,5,16
2024-06-04,People's Hospital,10,1,0,0,6,23,11.47,305.87,13,11,19
2024-06-04,People's Hospital,11,1,0,0,6,18,18.49,252.69,15,11,11
2024-06-04,People's Hospital,12,1,0,0,6,14,22.36,200.47,9,4,5
2024-06-04,People's Hospital,13,1,0,0,6,10,10.07,94.13,7,5,9
2024-06-04,People's Hospital,14,1,0,0,6,11,14.8,215.54,4,24,14
2024-06-04,People's Hospital,15,1,0,0,6,15,10.86,195.53,1,22,1
2024-06-04,People's Hospital,16,1,0,0,6,31,13.26,476.81,25,26,14
2024-06-04,People's Hospital,17,1,0,0,6,17,8.73,165.92,4,19,6
2024-06-04,Bhopal Memorial Hospital,9,1,0,0,6,16,17.23,340.63,1,8,9
2024-06-04,Bhopal Memorial Hospital,10,1,0,0,6,16,11.89,153.42,11,8,6
2024-06-04,Bhopal Memorial Hospital,11,1,0,0,6,22,7.08,200.96,3,13,2
2024-06-04,Bhopal Memorial Hospital,12,1,0,0,6,13,20.61,331.33,8,15,0
2024-06-04,Bhopal Memorial Hospital,13,1,0,0,6,16,18.73,273.94,3,3,12
2024-06-04,Bhopal Memorial Hospital,14,1,0,0,6,14,18.33,213.19,10,17,16
2024-06-04,Bhopal Memorial Hospital,15,1,0,0,6,13,14.42,168.49,6,30,13
2024-06-04,Bhopal Memorial Hospital,16,1,0,0,6,24,8.65,185.02,7,20,10
2024-06-04,Bhopal Memorial Hospital,17,1,0,0,6,16,12.38,113.66,10,26,9
2024-06-05,AIIMS Bhopal,9,2,0,0,6,18,17.89,327.28,18,15,6
2024-06-05,AIIMS Bhopal,10,2,0,0,6,31,16.98,479.61,9,15,12
2024-06-05,AIIMS Bhopal,11,2,0,0,6,10,5.0,44.62,5,22,16
2024-06-05,AIIMS Bhopal,12,2,0,0,6,20,17.17,342.66,13,28,10
2024-06-05,AIIMS Bhopal,13,2,0,0,6,10,17.07,210.48,4,30,2
2024-06-05,AIIMS Bhopal,14,2,0,0,6,13,13.6,156.59,8,3,14
2024-06-05,AIIMS Bhopal,15,2,0,0,6,11,9.74,81.34,9,25,15
2024-06-05,AIIMS Bhopal,16,2,0,0,6,31,14.23,449.88,12,4,16
2024-06-05,AIIMS Bhopal,17,2,0,0,6,15,17.51,242.34,5,28,10
2024-06-05,Hamidia Hospital,9,2,0,0,6,10,17.1,208.89,10,23,8
2024-06-05,Hamidia Hospital,10,2,0,0,6,24,14.75,383.88,7,9,15
2024-06-05,Hamidia Hospital,11,2,0,0,6,32,11.62,363.61,32,27,9
2024-06-05,Hamidia Hospital,12,2,0,0,6,12,15.65,182.32,5,10,16
2024-06-05,Hamidia Hospital,13,2,0,0,6,8,17.56,145.83,6,29,1
2024-06-05,Hamidia Hospital,14,2,0,0,6,6,11.04,71.12,4,30,10
2024-06-05,Hamidia Hospital,15,2,0,0,6,18,21.93,395.29,7,26,10
2024-06-05,Hamidia Hospital,16,2,0,0,6,29,17.19,312.15,21,29,12
2024-06-05,Hamidia Hospital,17,2,0,0,6,9,12.7,95.64,8,9,6
2024-06-05,Bansal Hospital,9,2,0,0,6,20,17.3,364.08,9,18,8
2024-06-05,Bansal Hospital,10,2,0,0,6,13,21.8,280.42,2,29,13
2024-06-05,Bansal Hospital,11,2,0,0,6,19,17.05,369.64,14,25,2
2024-06-05,Bansal Hospital,12,2,0,0,6,16,8.16,128.2,6,25,8
2024-06-05,Bansal Hospital,13,2,0,0,6,10,10.65,119.89,2,17,16
2024-06-05,Bansal Hospital,14,2,0,0,6,9,12.97,83.46,8,18,6
2024-06-05,Bansal Hospital,15,2,0,0,6,9,15.12,125.85,7,3,2
2024-06-05,Bansal Hospital,16,2,0,0,6,29,11.7,238.17,20,15,9
2024-06-05,Bansal Hospital,17,2,0,0,6,8,16.13,123.61,3,13,13
2024-06-05,Chirayu Medical College,9,2,0,0,6,24,17.16,238.81,22,13,19
2024-06-05,Chirayu Medical College,10,2,0,0,6,27,17.07,372.79,8,23,17
2024-06-05,Chirayu Medical College,11,2,0,0,6,29,11.11,331.13,9,3,4
2024-06-05,Chirayu Medical College,12,2,0,0,6,15,10.92,272.02,13,6,9
2024-06-05,Chirayu Medical College,13,2,0,0,6,13,16.97,239.69,5,24,0
2024-06-05,Chirayu Medical College,14,2,0,0,6,8,8.16,60.76,7,29,11
2024-06-05,Chirayu Medical College,15,2,0,0,6,21,17.46,356.36,8,24,12
2024-06-05,Chirayu Medical College,16,2,0,0,6,29,13.38,425.05,12,27,8
2024-06-05,Chirayu Medical College,17,2,0,0,6,18,13.58,210.87,8,27,9
2024-06-05,People's Hospital,9,2,0,0,6,24,15.4,173.62,8,22,14
2024-06-05,People's Hospital,10,2,0,0,6,24,12.4,261.08,13,24,9
2024-06-05,People's Hospital,11,2,0,0,6,16,15.53,262.83,9,17,1
2024-06-05,People's Hospital,12,2,0,0,6,18,14.86,309.01,13,14,16
2024-06-05,People's Hospital,13,2,0,0,6,9,6.48,37.66,1,5,17
2024-06-05,People's Hospital,14,2,0,0,6,15,10.4,187.57,10,8,14
2024-06-05,People's Hospital,15,2,0,0,6,9,14.58,150.48,9,13,4
2024-06-05,People's Hospital,16,2,0,0,6,31,7.56,262.29,12,27,16
2024-06-05,People's Hospital,17,2,0,0,6,15,13.56,311.46,13,11,7
2024-06-05,Bhopal Memorial Hospital,9,2,0,0,6,8,18.59,177.61,8,25,7
2024-06-05,Bhopal Memorial Hospital,10,2,0,0,6,32,13.69,501.24,12,28,8
2024-06-05,Bhopal Memorial Hospital,11,2,0,0,6,11,19.76,294.24,5,29,17
2024-06-05,Bhopal Memorial Hospital,12,2,0,0,6,8,13.66,131.08,7,25,19
2024-06-05,Bhopal Memorial Hospital,13,2,0,0,6,17,14.19,229.93,15,15,6
2024-06-05,Bhopal Memorial Hospital,14,2,0,0,6,11,17.29,181.26,3,12,14
2024-06-05,Bhopal Memorial Hospital,15,2,0,0,6,22,17.96,439.61,18,17,6
2024-06-05,Bhopal Memorial Hospital,16,2,0,0,6,29,15.99,351.0,11,16,3
2024-06-05,Bhopal Memorial Hospital,17,2,0,0,6,20,18.63,474.63,7,15,15
2024-06-06,AIIMS Bhopal,9,3,0,0,6,10,15.47,192.47,8,9,2
2024-06-06,AIIMS Bhopal,10,3,0,0,6,22,20.67,471.09,7,5,18
2024-06-06,AIIMS Bhopal,11,3,0,0,6,14,11.68,183.83,13,25,3
2024-06-06,AIIMS Bhopal,12,3,0,0,6,21,18.21,493.27,13,22,17
2024-06-06,AIIMS Bhopal,13,3,0,0,6,16,14.03,160.96,14,18,12
2024-06-06,AIIMS Bhopal,14,3,0,0,6,9,16.46,143.53,3,8,9
2024-06-06,AIIMS Bhopal,15,3,0,0,6,22,9.89,191.74,6,7,8
2024-06-06,AIIMS Bhopal,16,3,0,0,6,29,6.01,227.79,18,16,14
2024-06-06,AIIMS Bhopal,17,3,0,0,6,9,19.4,171.41,7,29,14
2024-06-06,Hamidia Hospital,9,3,0,0,6,10,11.87,96.79,10,14,14
2024-06-06,Hamidia Hospital,10,3,0,0,6,15,12.5,227.72,12,8,6
2024-06-06,Hamidia Hospital,11,3,0,0,6,23,20.4,466.4,2,3,19
2024-06-06,Hamidia Hospital,12,3,0,0,6,14,14.6,219.43,13,17,7
2024-06-06,Hamidia Hospital,13,3,0,0,6,11,13.86,165.94,5,18,3
2024-06-06,Hamidia Hospital,14,3,0,0,6,7,13.03,104.28,2,30,5
2024-06-06,Hamidia Hospital,15,3,0,0,6,10,7.99,69.37,6,5,14
2024-06-06,Hamidia Hospital,16,3,0,0,6,13,17.11,108.1,8,29,0
2024-06-06,Hamidia Hospital,17,3,0,0,6,21,9.4,212.96,20,9,3
2024-06-06,Bansal Hospital,9,3,0,0,6,14,21.36,365.56,14,12,10
2024-06-06,Bansal Hospital,10,3,0,0,6,19,12.53,227.7,10,8,11
2024-06-06,Bansal Hospital,11,3,0,0,6,23,22.84,509.42,12,10,7
2024-06-06,Bansal Hospital,12,3,0,0,6,13,15.69,187.83,2,8,10
2024-06-06,Bansal Hospital,13,3,0,0,6,11,13.6,118.52,10,5,9
2024-06-06,Bansal Hospital,14,3,0,0,6,13,18.96,178.5,13,17,15
2024-06-06,Bansal Hospital,15,3,0,0,6,9,15.68,184.88,8,3,11
2024-06-06,Bansal Hospital,16,3,0,0,6,27,8.7,219.52,12,20,6
2024-06-06,Bansal Hospital,17,3,0,0,6,13,23.28,335.76,13,9,10
2024-06-06,Chirayu Medical College,9,3,0,0,6,17,10.02,215.03,7,28,12
2024-06-06,Chirayu Medical College,10,3,0,0,6,29,11.41,277.77,26,10,13
2024-06-06,Chirayu Medical College,11,3,0,0,6,31,11.19,376.11,28,29,9
2024-06-06,Chirayu Medical College,12,3,0,0,6,17,13.37,131.96,17,6,0
2024-06-06,Chirayu Medical College,13,3,0,0,6,14,17.38,229.91,3,28,13
2024-06-06,Chirayu Medical College,14,3,0,0,6,15,15.37,171.22,11,3,12
2024-06-06,Chirayu Medical College,15,3,0,0,6,8,13.75,153.75,5,7,19
2024-06-06,Chirayu Medical College,16,3,0,0,6,15,15.07,206.47,14,8,8
2024-06-06,Chirayu Medical College,17,3,0,0,6,22,14.78,369.98,21,13,1
2024-06-06,People's Hospital,9,3,0,0,6,21,11.32,204.97,6,4,18
2024-06-06,People's Hospital,10,3,0,0,6,18,12.85,230.91,4,6,4
2024-06-06,People's Hospital,11,3,0,0,6,10,15.49,172.23,10,22,16
2024-06-06,People's Hospital,12,3,0,0,6,14,8.68,97.95,10,29,1
2024-06-06,People's Hospital,13,3,0,0,6,7,14.8,104.72,6,27,11
2024-06-06,People's Hospital,14,3,0,0,6,13,19.32,229.76,7,5,13
2024-06-06,People's Hospital,15,3,0,0,6,25,16.41,408.08,21,15,16
2024-06-06,People's Hospital,16,3,0,0,6,11,16.06,173.62,1,3,10
2024-06-06,People's Hospital,17,3,0,0,6,16,18.33,241.4,3,28,6
2024-06-06,Bhopal Memorial Hospital,9,3,0,0,6,11,18.68,125.24,4,10,13
2024-06-06,Bhopal Memorial Hospital,10,3,0,0,6,10,19.03,167.85,4,8,3
2024-06-06,Bhopal Memorial Hospital,11,3,0,0,6,14,23.52,460.42,5,21,10
2024-06-06,Bhopal Memorial Hospital,12,3,0,0,6,12,9.05,91.36,8,22,3
2024-06-06,Bhopal Memorial Hospital,13,3,0,0,6,14,21.9,145.45,10,28,1
2024-06-06,Bhopal Memorial Hospital,14,3,0,0,6,7,15.31,124.97,4,23,13
2024-06-06,Bhopal Memorial Hospital,15,3,0,0,6,18,19.98,333.14,1,29,11
2024-06-06,Bhopal Memorial Hospital,16,3,0,0,6,22,12.39,263.0,13,3,18
2024-06-06,Bhopal Memorial Hospital,17,3,0,0,6,8,24.08,120.15,7,29,16
2024-06-07,AIIMS Bhopal,9,4,0,0,6,8,16.29,137.09,4,26,13
2024-06-07,AIIMS Bhopal,10,4,0,0,6,10,12.64,111.6,10,12,11
2024-06-07,AIIMS Bhopal,11,4,0,0,6,18,10.24,119.52,16,9,4
2024-06-07,AIIMS Bhopal,12,4,0,0,6,9,20.29,183.54,1,6,11
2024-06-07,AIIMS Bhopal,13,4,0,0,6,9,11.33,133.72,1,14,7
2024-06-07,AIIMS Bhopal,14,4,0,0,6,9,16.01,118.66,7,26,5
2024-06-07,AIIMS Bhopal,15,4,0,0,6,17,8.87,56.96,1,30,9
2024-06-07,AIIMS Bhopal,16,4,0,0,6,29,18.97,580.53,18,25,10
2024-06-07,AIIMS Bhopal,17,4,0,0,6,18,7.42,197.73,13,21,6
2024-06-07,Hamidia Hospital,9,4,0,0,6,13,14.79,182.78,6,27,14
2024-06-07,Hamidia Hospital,10,4,0,0,6,22,22.14,612.87,19,9,11
2024-06-07,Hamidia Hospital,11,4,0,0,6,18,9.87,157.36,8,19,18
2024-06-07,Hamidia Hospital,12,4,0,0,6,10,12.45,81.67,7,18,14
2024-06-07,Hamidia Hospital,13,4,0,0,6,5,10.73,42.25,3,7,2
2024-06-07,Hamidia Hospital,14,4,0,0,6,16,18.08,262.51,13,19,1
2024-06-07,Hamidia Hospital,15,4,0,0,6,16,14.12,198.43,9,7,18
2024-06-07,Hamidia Hospital,16,4,0,0,6,10,21.95,235.39,9,21,4
2024-06-07,Hamidia Hospital,17,4,0,0,6,18,16.04,188.21,11,18,16
2024-06-07,Bansal Hospital,9,4,0,0,6,14,9.27,99.44,9,4,6
2024-06-07,Bansal Hospital,10,4,0,0,6,29,19.34,579.12,7,27,2
2024-06-07,Bansal Hospital,11,4,0,0,6,15,24.91,436.0,13,20,13
2024-06-07,Bansal Hospital,12,4,0,0,6,17,12.31,205.81,2,17,8
2024-06-07,Bansal Hospital,13,4,0,0,6,16,10.11,172.18,7,11,0
2024-06-07,Bansal Hospital,14,4,0,0,6,13,14.28,168.31,5,3,10
2024-06-07,Bansal Hospital,15,4,0,0,6,9,14.8,99.37,4,25,12
2024-06-07,Bansal Hospital,16,4,0,0,6,13,13.96,181.78,1,11,16
2024-06-07,Bansal Hospital,17,4,0,0,6,19,13.04,316.01,5,24,6
2024-06-07,Chirayu Medical College,9,4,0,0,6,16,13.13,209.32,10,24,10
2024-06-07,Chirayu Medical College,10,4,0,0,6,16,11.54,254.42,13,7,10
2024-06-07,Chirayu Medical College,11,4,0,0,6,24,12.11,309.91,4,7,18
2024-06-07,Chirayu Medical College,12,4,0,0,6,25,13.64,349.37,2,22,6
2024-06-07,Chirayu Medical College,13,4,0,0,6,8,16.62,143.29,5,6,15
2024-06-07,Chirayu Medical College,14,4,0,0,6,14,16.39,242.57,14,12,16
2024-06-07,Chirayu Medical College,15,4,0,0,6,15,18.66,357.76,1,22,12
2024-06-07,Chirayu Medical College,16,4,0,0,6,23,16.94,371.3,22,16,2
2024-06-07,Chirayu Medical College,17,4,0,0,6,12,20.27,306.1,7,25,18
2024-06-07,People's Hospital,9,4,0,0,6,17,6.12,99.39,2,3,2
2024-06-07,People's Hospital,10,4,0,0,6,13,16.39,238.05,12,3,3
2024-06-07,People's Hospital,11,4,0,0,6,27,7.82,233.41,11,14,12
2024-06-07,People's Hospital,12,4,0,0,6,22,17.13,349.86,18,26,6
2024-06-07,People's Hospital,13,4,0,0,6,14,13.17,183.86,4,12,9
2024-06-07,People's Hospital,14,4,0,0,6,14,16.92,218.3,9,3,15
2024-06-07,People's Hospital,15,4,0,0,6,16,12.0,144.99,11,9,16
2024-06-07,People's Hospital,16,4,0,0,6,10,11.96,147.2,1,22,8
2024-06-07,People's Hospital,17,4,0,0,6,13,13.51,173.57,9,10,12
2024-06-07,Bhopal Memorial Hospital,9,4,0,0,6,12,12.87,183.77,3,5,0
2024-06-07,Bhopal Memorial Hospital,10,4,0,0,6,31,10.52,330.56,31,6,1
2024-06-07,Bhopal Memorial Hospital,11,4,0,0,6,24,7.27,135.83,12,26,14
2024-06-07,Bhopal Memorial Hospital,12,4,0,0,6,24,14.9,238.67,3,14,10
2024-06-07,Bhopal Memorial Hospital,13,4,0,0,6,12,17.91,235.03,6,25,11
2024-06-07,Bhopal Memorial Hospital,14,4,0,0,6,9,12.79,102.8,6,7,4
2024-06-07,Bhopal Memorial Hospital,15,4,0,0,6,11,12.92,143.57,5,7,8
2024-06-07,Bhopal Memorial Hospital,16,4,0,0,6,31,9.31,299.08,6,21,17
2024-06-07,Bhopal Memorial Hospital,17,4,0,0,6,9,14.56,126.24,3,22,2
2024-06-08,AIIMS Bhopal,9,5,1,0,6,13,18.93,242.71,13,6,7
2024-06-08,AIIMS Bhopal,10,5,1,0,6,11,17.11,214.04,6,29,15
2024-06-08,AIIMS Bhopal,11,5,1,0,6,18,15.26,112.04,8,6,9
2024-06-08,AIIMS Bhopal,12,5,1,0,6,11,22.71,224.34,3,26,11
2024-06-08,AIIMS Bhopal,13,5,1,0,6,6,16.31,100.44,2,11,2
2024-06-08,AIIMS Bhopal,14,5,1,0,6,6,16.97,102.83,2,5,9
2024-06-08,AIIMS Bhopal,15,5,1,0,6,12,13.89,193.75,2,12,7
2024-06-08,AIIMS Bhopal,16,5,1,0,6,16,12.04,157.17,1,30,11
2024-06-08,AIIMS Bhopal,17,5,1,0,6,10,12.14,92.59,3,18,15
2024-06-08,Hamidia Hospital,9,5,1,0,6,4,16.95,65.3,1,26,9
2024-06-08,Hamidia Hospital,10,5,1,0,6,16,7.45,152.11,16,22,18
2024-06-08,Hamidia Hospital,11,5,1,0,6,18,20.69,327.76,12,15,18
2024-06-08,Hamidia Hospital,12,5,1,0,6,12,12.96,134.19,2,9,11
2024-06-08,Hamidia Hospital,13,5,1,0,6,2,18.73,28.34,2,22,19
2024-06-08,Hamidia Hospital,14,5,1,0,6,8,9.07,79.31,7,9,6
2024-06-08,Hamidia Hospital,15,5,1,0,6,12,5.36,63.09,8,6,3
2024-06-08,Hamidia Hospital,16,5,1,0,6,13,13.75,178.8,13,14,5
2024-06-08,Hamidia Hospital,17,5,1,0,6,7,16.42,117.33,7,28,15
2024-06-08,Bansal Hospital,9,5,1,0,6,4,14.75,52.51,3,21,7
2024-06-08,Bansal Hospital,10,5,1,0,6,11,9.8,69.7,4,27,17
2024-06-08,Bansal Hospital,11,5,1,0,6,7,16.04,97.03,1,16,2
2024-06-08,Bansal Hospital,12,5,1,0,6,12,21.52,250.23,10,24,15
2024-06-08,Bansal Hospital,13,5,1,0,6,7,11.16,47.19,4,21,15
2024-06-08,Bansal Hospital,14,5,1,0,6,3,13.06,39.46,3,28,18
2024-06-08,Bansal Hospital,15,5,1,0,6,10,20.67,162.71,2,14,15
2024-06-08,Bansal Hospital,16,5,1,0,6,19,16.72,298.49,19,4,6
2024-06-08,Bansal Hospital,17,5,1,0,6,13,19.27,299.19,9,15,0
2024-06-08,Chirayu Medical College,9,5,1,0,6,7,13.27,98.56,4,30,5
2024-06-08,Chirayu Medical College,10,5,1,0,6,13,12.47,194.91,12,12,12
2024-06-08,Chirayu Medical College,11,5,1,0,6,10,8.1,90.86,8,23,17
2024-06-08,Chirayu Medical College,12,5,1,0,6,13,14.48,195.31,11,3,11
2024-06-08,Chirayu Medical College,13,5,1,0,6,9,13.96,118.88,8,19,8
2024-06-08,Chirayu Medical College,14,5,1,0,6,7,14.74,110.37,6,18,8
2024-06-08,Chirayu Medical College,15,5,1,0,6,14,13.05,169.27,5,10,14
2024-06-08,Chirayu Medical College,16,5,1,0,6,10,11.49,128.41,1,12,9
2024-06-08,Chirayu Medical College,17,5,1,0,6,15,15.26,148.54,12,17,3
2024-06-08,People's Hospital,9,5,1,0,6,6,13.46,79.19,1,19,5
2024-06-08,People's Hospital,10,5,1,0,6,16,13.81,158.77,10,29,14
2024-06-08,People's Hospital,11,5,1,0,6,16,14.01,269.45,10,14,4
2024-06-08,People's Hospital,12,5,1,0,6,13,19.87,210.14,4,23,3
2024-06-08,People's Hospital,13,5,1,0,6,9,19.15,106.88,2,13,13
2024-06-08,People's Hospital,14,5,1,0,6,9,13.47,138.85,4,28,10
2024-06-08,People's Hospital,15,5,1,0,6,9,9.34,59.42,6,13,14
2024-06-08,People's Hospital,16,5,1,0,6,16,14.36,221.13,15,22,1
2024-06-08,People's Hospital,17,5,1,0,6,13,19.5,208.35,5,23,11
2024-06-08,Bhopal Memorial Hospital,9,5,1,0,6,10,15.91,157.69,1,5,15
2024-06-08,Bhopal Memorial Hospital,10,5,1,0,6,10,22.29,285.05,2,7,15
2024-06-08,Bhopal Memorial Hospital,11,5,1,0,6,9,20.17,169.97,2,23,5
2024-06-08,Bhopal Memorial Hospital,12,5,1,0,6,15,12.28,215.5,3,11,1
2024-06-08,Bhopal Memorial Hospital,13,5,1,0,6,7,10.31,91.1,6,8,10
2024-06-08,Bhopal Memorial Hospital,14,5,1,0,6,4,11.7,46.89,3,16,10
2024-06-08,Bhopal Memorial Hospital,15,5,1,0,6,7,18.6,117.91,2,27,8
2024-06-08,Bhopal Memorial Hospital,16,5,1,0,6,10,12.86,134.26,3,28,4
2024-06-08,Bhopal Memorial Hospital,17,5,1,0,6,4,15.52,65.76,1,3,13
2024-06-09,AIIMS Bhopal,9,6,1,0,6,10,18.37,162.52,8,8,12
2024-06-09,AIIMS Bhopal,10,6,1,0,6,13,15.79,217.49,11,6,8
2024-06-09,AIIMS Bhopal,11,6,1,0,6,18,13.79,252.0,14,17,7
2024-06-09,AIIMS Bhopal,12,6,1,0,6,13,15.5,210.76,10,10,5
2024-06-09,AIIMS Bhopal,13,6,1,0,6,4,14.65,47.92,2,28,5
2024-06-09,AIIMS Bhopal,14,6,1,0,6,3,14.87,44.9,3,14,1
2024-06-09,AIIMS Bhopal,15,6,1,0,6,12,18.11,190.63,11,6,10
2024-06-09,AIIMS Bhopal,16,6,1,0,6,19,11.83,220.38,12,7,6
2024-06-09,AIIMS Bhopal,17,6,1,0,6,12,15.0,258.41,2,6,0
2024-06-09,Hamidia Hospital,9,6,1,0,6,5,16.67,59.26,1,20,18
2024-06-09,Hamidia Hospital,10,6,1,0,6,15,8.38,127.88,5,4,13
2024-06-09,Hamidia Hospital,11,6,1,0,6,9,15.08,153.17,6,6,14
2024-06-09,Hamidia Hospital,12,6,1,0,6,10,17.76,201.89,10,28,5
2024-06-09,Hamidia Hospital,13,6,1,0,6,8,19.79,164.98,6,10,2
2024-06-09,Hamidia Hospital,14,6,1,0,6,6,13.81,72.53,2,8,1
2024-06-09,Hamidia Hospital,15,6,1,0,6,13,19.0,152.68,4,5,1
2024-06-09,Hamidia Hospital,16,6,1,0,6,16,12.68,209.28,15,11,19
2024-06-09,Hamidia Hospital,17,6,1,0,6,10,19.41,167.88,7,18,9
2024-06-09,Bansal Hospital,9,6,1,0,6,7,11.1,73.77,1,18,12
2024-06-09,Bansal Hospital,10,6,1,0,6,16,12.57,158.17,7,19,16
2024-06-09,Bansal Hospital,11,6,1,0,6,6,16.07,101.15,2,4,11
2024-06-09,Bansal Hospital,12,6,1,0,6,7,12.97,68.69,2,19,7
2024-06-09,Bansal Hospital,13,6,1,0,6,7,17.13,113.28,2,17,15
2024-06-09,Bansal Hospital,14,6,1,0,6,7,18.16,132.86,5,28,0
2024-06-09,Bansal Hospital,15,6,1,0,6,12,11.77,108.66,5,11,17
2024-06-09,Bansal Hospital,16,6,1,0,6,15,11.08,155.95,5,30,3
2024-06-09,Bansal Hospital,17,6,1,0,6,7,11.5,88.48,6,14,10
2024-06-09,Chirayu Medical College,9,6,1,0,6,10,18.64,222.42,4,24,18
2024-06-09,Chirayu Medical College,10,6,1,0,6,16,16.91,279.91,10,24,12
2024-06-09,Chirayu Medical College,11,6,1,0,6,7,14.7,74.59,6,27,1
2024-06-09,Chirayu Medical College,12,6,1,0,6,10,11.14,115.02,1,7,19
2024-06-09,Chirayu Medical College,13,6,1,0,6,8,11.96,72.15,6,11,9
2024-06-09,Chirayu Medical College,14,6,1,0,6,4,13.97,54.12,3,9,15
2024-06-09,Chirayu Medical College,15,6,1,0,6,13,16.62,196.67,11,16,14
2024-06-09,Chirayu Medical College,16,6,1,0,6,6,13.69,91.9,4,27,5
2024-06-09,Chirayu Medical College,17,6,1,0,6,9,22.01,175.19,5,15,8
2024-06-09,People's Hospital,9,6,1,0,6,10,22.23,213.23,1,12,17
2024-06-09,People's Hospital,10,6,1,0,6,14,16.17,212.69,10,4,12
2024-06-09,People's Hospital,11,6,1,0,6,13,15.11,132.69,3,30,5
2024-06-09,People's Hospital,12,6,1,0,6,12,13.47,162.77,2,5,15
2024-06-09,People's Hospital,13,6,1,0,6,9,13.69,136.51,3,24,14
2024-06-09,People's Hospital,14,6,1,0,6,4,16.52,49.38,4,22,9
2024-06-09,People's Hospital,15,6,1,0,6,7,15.17,94.98,7,22,4
2024-06-09,People's Hospital,16,6,1,0,6,14,15.06,243.4,9,17,10
2024-06-09,People's Hospital,17,6,1,0,6,13,18.89,235.43,8,15,11
2024-06-09,Bhopal Memorial Hospital,9,6,1,0,6,13,18.13,295.43,6,29,16
2024-06-09,Bhopal Memorial Hospital,10,6,1,0,6,18,23.1,391.09,14,16,0
2024-06-09,Bhopal Memorial Hospital,11,6,1,0,6,16,12.6,187.21,10,4,16
2024-06-09,Bhopal Memorial Hospital,12,6,1,0,6,8,14.24,73.08,8,19,6
2024-06-09,Bhopal Memorial Hospital,13,6,1,0,6,8,16.15,119.01,3,30,12
2024-06-09,Bhopal Memorial Hospital,14,6,1,0,6,8,11.11,86.43,1,20,0
2024-06-09,Bhopal Memorial Hospital,15,6,1,0,6,13,11.48,132.76,4,4,0
2024-06-09,Bhopal Memorial Hospital,16,6,1,0,6,6,15.86,104.94,3,3,19
2024-06-09,Bhopal Memorial Hospital,17,6,1,0,6,8,12.91,74.95,1,11,15
2024-06-10,AIIMS Bhopal,9,0,0,1,6,11,11.24,102.07,4,10,14
2024-06-10,AIIMS Bhopal,10,0,0,1,6,18,14.44,338.18,7,28,15
2024-06-10,AIIMS Bhopal,11,0,0,1,6,29,12.63,380.52,27,21,7
2024-06-10,AIIMS Bhopal,12,0,0,1,6,18,10.86,151.94,17,22,8
2024-06-10,AIIMS Bhopal,13,0,0,1,6,17,14.7,308.61,14,26,4
2024-06-10,AIIMS Bhopal,14,0,0,1,6,14,14.11,131.27,7,26,18
2024-06-10,AIIMS Bhopal,15,0,0,1,6,33,16.49,721.23,2,24,15
2024-06-10,AIIMS Bhopal,16,0,0,1,6,23,16.44,291.2,20,29,11
2024-06-10,AIIMS Bhopal,17,0,0,1,6,33,21.94,918.57,27,5,16
2024-06-10,Hamidia Hospital,9,0,0,1,6,11,10.98,105.48,1,22,17
2024-06-10,Hamidia Hospital,10,0,0,1,6,45,14.49,551.55,40,9,7
2024-06-10,Hamidia Hospital,11,0,0,1,6,36,14.28,405.34,18,27,9
2024-06-10,Hamidia Hospital,12,0,0,1,6,25,16.22,359.84,12,22,8
2024-06-10,Hamidia Hospital,13,0,0,1,6,11,12.76,153.42,3,25,15
2024-06-10,Hamidia Hospital,14,0,0,1,6,12,15.89,210.53,6,14,7
2024-06-10,Hamidia Hospital,15,0,0,1,6,16,12.05,253.15,13,22,18
2024-06-10,Hamidia Hospital,16,0,0,1,6,24,15.44,323.69,15,11,11
2024-06-10,Hamidia Hospital,17,0,0,1,6,15,20.09,346.83,6,29,2
2024-06-10,Bansal Hospital,9,0,0,1,6,29,19.03,554.96,25,12,18
2024-06-10,Bansal Hospital,10,0,0,1,6,32,17.07,492.29,28,16,0
2024-06-10,Bansal Hospital,11,0,0,1,6,32,16.66,450.01,10,23,18
2024-06-10,Bansal Hospital,12,0,0,1,6,28,12.3,380.47,16,5,2
2024-06-10,Bansal Hospital,13,0,0,1,6,23,22.58,636.97,5,24,0
2024-06-10,Bansal Hospital,14,0,0,1,6,21,18.67,498.12,4,21,2
2024-06-10,Bansal Hospital,15,0,0,1,6,35,14.67,616.75,24,30,1
2024-06-10,Bansal Hospital,16,0,0,1,6,37,18.93,643.2,33,13,2
2024-06-10,Bansal Hospital,17,0,0,1,6,28,8.68,263.83,14,23,11
2024-06-10,Chirayu Medical College,9,0,0,1,6,26,8.11,142.47,19,5,19
2024-06-10,Chirayu Medical College,10,0,0,1,6,36,19.13,686.88,29,15,1
2024-06-10,Chirayu Medical College,11,0,0,1,6,23,17.52,462.96,10,21,18
2024-06-10,Chirayu Medical College,12,0,0,1,6,26,11.98,200.15,8,17,0
2024-06-10,Chirayu Medical College,13,0,0,1,6,15,16.97,327.18,3,12,19
2024-06-10,Chirayu Medical College,14,0,0,1,6,10,16.38,148.55,4,6,15
2024-06-10,Chirayu Medical College,15,0,0,1,6,30,11.87,367.08,29,11,4
2024-06-10,Chirayu Medical College,16,0,0,1,6,23,19.84,598.78,22,12,4
2024-06-10,Chirayu Medical College,17,0,0,1,6,15,17.62,176.97,14,18,6
2024-06-10,People's Hospital,9,0,0,1,6,33,20.43,794.46,2,10,8
2024-06-10,People's Hospital,10,0,0,1,6,39,16.25,767.52,7,4,5
2024-06-10,People's Hospital,11,0,0,1,6,33,8.75,265.18,21,3,16
2024-06-10,People's Hospital,12,0,0,1,6,19,15.42,359.16,1,12,10
2024-06-10,People's Hospital,13,0,0,1,6,13,14.69,157.4,4,13,13
2024-06-10,People's Hospital,14,0,0,1,6,13,21.26,267.99,4,5,14
2024-06-10,People's Hospital,15,0,0,1,6,14,6.88,65.81,2,15,7
2024-06-10,People's Hospital,16,0,0,1,6,24,15.19,307.92,21,5,11
2024-06-10,People's Hospital,17,0,0,1,6,22,16.83,332.01,21,23,16
2024-06-10,Bhopal Memorial Hospital,9,0,0,1,6,18,14.15,276.41,14,20,18
2024-06-10,Bhopal Memorial Hospital,10,0,0,1,6,20,14.16,253.55,13,20,4
2024-06-10,Bhopal Memorial Hospital,11,0,0,1,6,28,12.26,416.38,2,8,16
2024-06-10,Bhopal Memorial Hospital,12,0,0,1,6,23,13.85,344.95,18,16,18
2024-06-10,Bhopal Memorial Hospital,13,0,0,1,6,10,15.24,107.45,9,5,13
2024-06-10,Bhopal Memorial Hospital,14,0,0,1,6,12,12.73,171.43,10,9,3
2024-06-10,Bhopal Memorial Hospital,15,0,0,1,6,23,12.16,361.08,11,6,6
2024-06-10,Bhopal Memorial Hospital,16,0,0,1,6,24,24.15,435.22,4,28,7
2024-06-10,Bhopal Memorial Hospital,17,0,0,1,6,29,11.76,353.04,13,5,13
2024-06-11,AIIMS Bhopal,9,1,0,0,6,11,14.47,161.15,5,10,7
2024-06-11,AIIMS Bhopal,10,1,0,0,6,28,13.09,289.81,22,28,7
2024-06-11,AIIMS Bhopal,11,1,0,0,6,26,12.95,343.43,23,11,15
2024-06-11,AIIMS Bhopal,12,1,0,0,6,8,9.19,85.67,6,10,2
2024-06-11,AIIMS Bhopal,13,1,0,0,6,9,20.5,225.35,5,30,0
2024-06-11,AIIMS Bhopal,14,1,0,0,6,14,11.84,140.61,10,16,14
2024-06-11,AIIMS Bhopal,15,1,0,0,6,12,16.94,177.54,9,16,5
2024-06-11,AIIMS Bhopal,16,1,0,0,6,18,21.16,431.87,4,23,12
2024-06-11,AIIMS Bhopal,17,1,0,0,6,22,7.11,135.63,15,13,17
2024-06-11,Hamidia Hospital,9,1,0,0,6,20,13.29,208.36,9,3,3
2024-06-11,Hamidia Hospital,10,1,0,0,6,15,12.62,162.8,15,6,14
2024-06-11,Hamidia Hospital,11,1,0,0,6,23,14.91,345.91,13,29,3
2024-06-11,Hamidia Hospital,12,1,0,0,6,21,19.77,499.29,18,30,8
2024-06-11,Hamidia Hospital,13,1,0,0,6,6,16.19,136.15,2,30,12
2024-06-11,Hamidia Hospital,14,1,0,0,6,16,13.1,242.65,14,29,18
2024-06-11,Hamidia Hospital,15,1,0,0,6,9,13.5,116.31,3,14,1
2024-06-11,Hamidia Hospital,16,1,0,0,6,24,11.8,319.63,24,4,6
2024-06-11,Hamidia Hospital,17,1,0,0,6,24,13.3,368.49,17,27,16
2024-06-11,Bansal Hospital,9,1,0,0,6,13,18.51,346.87,3,22,19
2024-06-11,Bansal Hospital,10,1,0,0,6,27,12.22,333.89,27,30,9
2024-06-11,Bansal Hospital,11,1,0,0,6,18,19.53,316.17,12,22,18
2024-06-11,Bansal Hospital,12,1,0,0,6,11,18.08,166.85,8,16,7
2024-06-11,Bansal Hospital,13,1,0,0,6,16,9.01,195.1,5,7,10
2024-06-11,Bansal Hospital,14,1,0,0,6,11,15.9,228.03,4,16,12
2024-06-11,Bansal Hospital,15,1,0,0,6,13,13.19,171.27,8,28,3
2024-06-11,Bansal Hospital,16,1,0,0,6,27,13.1,389.04,21,13,19
2024-06-11,Bansal Hospital,17,1,0,0,6,18,13.49,269.04,9,14,1
2024-06-11,Chirayu Medical College,9,1,0,0,6,21,12.54,208.22,11,19,4
2024-06-11,Chirayu Medical College,10,1,0,0,6,20,12.15,234.6,2,22,18
2024-06-11,Chirayu Medical College,11,1,0,0,6,28,13.61,292.61,11,25,8
2024-06-11,Chirayu Medical College,12,1,0,0,6,11,12.45,142.99,10,12,7
2024-06-11,Chirayu Medical College,13,1,0,0,6,7,13.03,113.0,1,11,5
2024-06-11,Chirayu Medical College,14,1,0,0,6,7,12.87,102.26,7,30,1
2024-06-11,Chirayu Medical College,15,1,0,0,6,20,11.14,233.02,10,7,17
2024-06-11,Chirayu Medical College,16,1,0,0,6,24,13.96,335.73,1,27,11
2024-06-11,Chirayu Medical College,17,1,0,0,6,13,14.79,133.32,11,25,14
2024-06-11,People's Hospital,9,1,0,0,6,8,15.92,145.85,8,16,12
2024-06-11,People's Hospital,10,1,0,0,6,19,19.18,389.1,15,21,19
2024-06-11,People's Hospital,11,1,0,0,6,29,12.46,458.12,1,21,0
2024-06-11,People's Hospital,12,1,0,0,6,20,13.93,228.78,4,22,9
2024-06-11,People's Hospital,13,1,0,0,6,5,7.53,38.77,2,11,13
2024-06-11,People's Hospital,14,1,0,0,6,7,14.24,104.11,1,25,2
2024-06-11,People's Hospital,15,1,0,0,6,23,17.19,409.47,5,7,1
2024-06-11,People's Hospital,16,1,0,0,6,15,15.76,218.19,12,9,19
2024-06-11,People's Hospital,17,1,0,0,6,8,20.3,163.62,6,4,2
2024-06-11,Bhopal Memorial Hospital,9,1,0,0,6,10,13.98,160.08,8,8,19
2024-06-11,Bhopal Memorial Hospital,10,1,0,0,6,11,11.08,32.83,6,7,7
2024-06-11,Bhopal Memorial Hospital,11,1,0,0,6,29,8.84,254.49,1,11,19
2024-06-11,Bhopal Memorial Hospital,12,1,0,0,6,23,11.5,332.7,10,13,12
2024-06-11,Bhopal Memorial Hospital,13,1,0,0,6,17,14.55,273.59,13,10,6
2024-06-11,Bhopal Memorial Hospital,14,1,0,0,6,9,16.34,127.25,9,20,9
2024-06-11,Bhopal Memorial Hospital,15,1,0,0,6,21,12.14,310.33,2,9,9
2024-06-11,Bhopal Memorial Hospital,16,1,0,0,6,32,15.41,524.07,9,12,2
2024-06-11,Bhopal Memorial Hospital,17,1,0,0,6,14,19.05,280.99,1,15,8
2024-06-12,AIIMS Bhopal,9,2,0,0,6,16,15.39,232.8,12,23,18
2024-06-12,AIIMS Bhopal,10,2,0,0,6,19,17.34,290.63,4,18,15
2024-06-12,AIIMS Bhopal,11,2,0,0,6,18,16.82,395.1,8,27,1
2024-06-12,AIIMS Bhopal,12,2,0,0,6,22,19.89,527.23,5,29,3
2024-06-12,AIIMS Bhopal,13,2,0,0,6,17,18.87,417.85,1,16,6
2024-06-12,AIIMS Bhopal,14,2,0,0,6,9,16.45,145.39,7,17,16
2024-06-12,AIIMS Bhopal,15,2,0,0,6,11,12.33,100.06,1,20,1
2024-06-12,AIIMS Bhopal,16,2,0,0,6,15,17.62,246.75,9,20,7
2024-06-12,AIIMS Bhopal,17,2,0,0,6,20,21.04,418.52,1,27,4
2024-06-12,Hamidia Hospital,9,2,0,0,6,19,7.13,152.85,8,28,11
2024-06-12,Hamidia Hospital,10,2,0,0,6,27,12.85,441.81,3,22,6
2024-06-12,Hamidia Hospital,11,2,0,0,6,24,13.18,422.79,23,8,16
2024-06-12,Hamidia Hospital,12,2,0,0,6,20,15.07,469.71,13,8,9
2024-06-12,Hamidia Hospital,13,2,0,0,6,5,13.5,59.11,3,22,4
2024-06-12,Hamidia Hospital,14,2,0,0,6,6,15.7,115.31,3,22,2
2024-06-12,Hamidia Hospital,15,2,0,0,6,16,12.65,252.31,1,23,6
2024-06-12,Hamidia Hospital,16,2,0,0,6,24,15.23,325.93,13,22,7
2024-06-12,Hamidia Hospital,17,2,0,0,6,18,15.89,425.82,3,3,12
2024-06-12,Bansal Hospital,9,2,0,0,6,23,15.41,402.91,17,8,14
2024-06-12,Bansal Hospital,10,2,0,0,6,26,18.45,464.05,7,27,9
2024-06-12,Bansal Hospital,11,2,0,0,6,32,11.18,233.66,20,21,12
2024-06-12,Bansal Hospital,12,2,0,0,6,20,9.81,189.49,6,10,17
2024-06-12,Bansal Hospital,13,2,0,0,6,13,8.86,104.28,12,8,0
2024-06-12,Bansal Hospital,14,2,0,0,6,7,24.05,169.15,6,25,11
2024-06-12,Bansal Hospital,15,2,0,0,6,17,13.88,274.32,10,18,19
2024-06-12,Bansal Hospital,16,2,0,0,6,15,18.18,273.76,6,6,17
2024-06-12,Bansal Hospital,17,2,0,0,6,22,17.58,391.08,5,8,3
2024-06-12,Chirayu Medical College,9,2,0,0,6,22,9.68,228.89,2,7,11
2024-06-12,Chirayu Medical College,10,2,0,0,6,20,14.94,214.82,17,10,18
2024-06-12,Chirayu Medical College,11,2,0,0,6,13,26.43,376.02,3,3,8
2024-06-12,Chirayu Medical College,12,2,0,0,6,11,14.51,136.92,8,7,16
2024-06-12,Chirayu Medical College,13,2,0,0,6,7,17.15,124.66,7,22,14
2024-06-12,Chirayu Medical College,14,2,0,0,6,9,8.91,63.49,8,13,11
2024-06-12,Chirayu Medical College,15,2,0,0,6,11,16.55,203.07,1,23,1
2024-06-12,Chirayu Medical College,16,2,0,0,6,29,15.33,351.23,21,26,6
2024-06-12,Chirayu Medical College,17,2,0,0,6,14,12.88,118.82,3,14,3
2024-06-12,People's Hospital,9,2,0,0,6,22,11.75,294.5,18,22,19
2024-06-12,People's Hospital,10,2,0,0,6,16,16.77,289.98,10,16,5
2024-06-12,People's Hospital,11,2,0,0,6,14,16.68,207.67,6,21,11
2024-06-12,People's Hospital,12,2,0,0,6,25,17.47,546.1,12,15,11
2024-06-12,People's Hospital,13,2,0,0,6,14,17.83,305.13,3,22,10
2024-06-12,People's Hospital,14,2,0,0,6,6,9.37,47.03,3,30,9
2024-06-12,People's Hospital,15,2,0,0,6,10,15.02,114.92,4,27,14
2024-06-12,People's Hospital,16,2,0,0,6,27,18.81,367.42,25,20,5
2024-06-12,People's Hospital,17,2,0,0,6,19,24.08,406.05,17,14,17
2024-06-12,Bhopal Memorial Hospital,9,2,0,0,6,21,26.01,354.7,14,16,18
2024-06-12,Bhopal Memorial Hospital,10,2,0,0,6,24,17.84,383.21,16,18,0
2024-06-12,Bhopal Memorial Hospital,11,2,0,0,6,23,18.02,471.57,12,29,1
2024-06-12,Bhopal Memorial Hospital,12,2,0,0,6,20,8.7,186.53,19,16,8
2024-06-12,Bhopal Memorial Hospital,13,2,0,0,6,12,18.54,239.96,11,3,10
2024-06-12,Bhopal Memorial Hospital,14,2,0,0,6,8,20.39,118.32,7,19,14
2024-06-12,Bhopal Memorial Hospital,15,2,0,0,6,8,14.11,125.48,5,15,19
2024-06-12,Bhopal Memorial Hospital,16,2,0,0,6,29,14.09,391.6,24,20,1
2024-06-12,Bhopal Memorial Hospital,17,2,0,0,6,17,13.46,185.48,1,25,12
2024-06-13,AIIMS Bhopal,9,3,0,0,6,15,8.02,118.44,14,8,16
2024-06-13,AIIMS Bhopal,10,3,0,0,6,24,18.28,453.33,14,7,14
2024-06-13,AIIMS Bhopal,11,3,0,0,6,23,22.16,509.77,21,8,0
2024-06-13,AIIMS Bhopal,12,3,0,0,6,13,16.05,232.07,3,27,7
2024-06-13,AIIMS Bhopal,13,3,0,0,6,17,20.26,351.53,10,11,12
2024-06-13,AIIMS Bhopal,14,3,0,0,6,8,18.13,128.11,6,26,3
2024-06-13,AIIMS Bhopal,15,3,0,0,6,17,11.88,199.67,16,23,2
2024-06-13,AIIMS Bhopal,16,3,0,0,6,23,13.98,291.59,20,13,8
2024-06-13,AIIMS Bhopal,17,3,0,0,6,19,15.12,213.68,8,26,17
2024-06-13,Hamidia Hospital,9,3,0,0,6,18,15.93,366.81,8,13,16
2024-06-13,Hamidia Hospital,10,3,0,0,6,22,9.92,192.0,20,24,19
2024-06-13,Hamidia Hospital,11,3,0,0,6,13,11.62,162.49,6,27,19
2024-06-13,Hamidia Hospital,12,3,0,0,6,18,18.14,391.25,16,23,10
2024-06-13,Hamidia Hospital,13,3,0,0,6,7,15.33,109.13,6,4,2
2024-06-13,Hamidia Hospital,14,3,0,0,6,17,20.01,394.25,15,10,2
2024-06-13,Hamidia Hospital,15,3,0,0,6,11,22.43,296.84,7,10,6
2024-06-13,Hamidia Hospital,16,3,0,0,6,27,18.05,385.9,20,25,3
2024-06-13,Hamidia Hospital,17,3,0,0,6,9,14.88,135.8,6,22,12
2024-06-13,Bansal Hospital,9,3,0,0,6,11,11.77,110.24,11,11,1
2024-06-13,Bansal Hospital,10,3,0,0,6,10,17.17,144.98,8,14,16
2024-06-13,Bansal Hospital,11,3,0,0,6,18,14.56,340.18,10,14,19
2024-06-13,Bansal Hospital,12,3,0,0,6,16,15.36,253.54,10,8,0
2024-06-13,Bansal Hospital,13,3,0,0,6,16,21.06,267.43,6,20,13
2024-06-13,Bansal Hospital,14,3,0,0,6,12,14.85,187.83,8,20,14
2024-06-13,Bansal Hospital,15,3,0,0,6,13,14.52,197.73,6,12,3
2024-06-13,Bansal Hospital,16,3,0,0,6,23,17.03,389.8,2,21,6
2024-06-13,Bansal Hospital,17,3,0,0,6,22,12.02,306.6,15,3,14
2024-06-13,Chirayu Medical College,9,3,0,0,6,20,14.46,277.36,13,5,13
2024-06-13,Chirayu Medical College,10,3,0,0,6,20,20.14,491.29,4,8,17
2024-06-13,Chirayu Medical College,11,3,0,0,6,20,16.21,243.9,13,30,19
2024-06-13,Chirayu Medical College,12,3,0,0,6,18,21.95,376.18,12,20,5
2024-06-13,Chirayu Medical College,13,3,0,0,6,16,13.61,221.37,14,21,19
2024-06-13,Chirayu Medical College,14,3,0,0,6,8,18.13,125.33,2,29,11
2024-06-13,Chirayu Medical College,15,3,0,0,6,20,9.5,168.01,9,22,0
2024-06-13,Chirayu Medical College,16,3,0,0,6,27,20.9,420.15,21,8,15
2024-06-13,Chirayu Medical College,17,3,0,0,6,21,15.42,330.49,8,14,2
2024-06-13,People's Hospital,9,3,0,0,6,12,20.51,257.83,5,14,18
2024-06-13,People's Hospital,10,3,0,0,6,26,11.88,280.88,25,18,6
2024-06-13,People's Hospital,11,3,0,0,6,20,8.35,126.24,18,14,13
2024-06-13,People's Hospital,12,3,0,0,6,14,16.06,265.54,14,19,8
2024-06-13,People's Hospital,13,3,0,0,6,7,15.23,133.15,4,25,16
2024-06-13,People's Hospital,14,3,0,0,6,16,16.35,242.96,3,23,2
2024-06-13,People's Hospital,15,3,0,0,6,11,14.47,136.32,8,22,10
2024-06-13,People's Hospital,16,3,0,0,6,16,15.46,268.53,8,8,8
2024-06-13,People's Hospital,17,3,0,0,6,10,12.03,101.42,8,27,3
2024-06-13,Bhopal Memorial Hospital,9,3,0,0,6,12,10.4,126.67,10,16,7
2024-06-13,Bhopal Memorial Hospital,10,3,0,0,6,19,14.87,217.5,2,29,16
2024-06-13,Bhopal Memorial Hospital,11,3,0,0,6,13,18.46,348.89,3,26,1
2024-06-13,Bhopal Memorial Hospital,12,3,0,0,6,24,17.34,396.26,2,12,9
2024-06-13,Bhopal Memorial Hospital,13,3,0,0,6,16,13.01,281.64,8,30,10
2024-06-13,Bhopal Memorial Hospital,14,3,0,0,6,7,11.17,66.81,7,20,3
2024-06-13,Bhopal Memorial Hospital,15,3,0,0,6,21,18.89,324.88,16,6,1
2024-06-13,Bhopal Memorial Hospital,16,3,0,0,6,22,20.86,435.29,11,22,18
2024-06-13,Bhopal Memorial Hospital,17,3,0,0,6,8,21.95,181.3,3,19,9
2024-06-14,AIIMS Bhopal,9,4,0,0,6,13,19.56,318.53,8,4,3
2024-06-14,AIIMS Bhopal,10,4,0,0,6,32,16.82,389.51,15,30,3
2024-06-14,AIIMS Bhopal,11,4,0,0,6,19,9.0,172.77,7,11,1
2024-06-14,AIIMS Bhopal,12,4,0,0,6,15,23.7,342.78,14,13,15
2024-06-14,AIIMS Bhopal,13,4,0,0,6,9,11.42,135.23,2,18,7
2024-06-14,AIIMS Bhopal,14,4,0,0,6,10,15.09,178.83,2,10,13
2024-06-14,AIIMS Bhopal,15,4,0,0,6,24,16.23,429.26,3,23,10
2024-06-14,AIIMS Bhopal,16,4,0,0,6,15,8.06,84.74,8,22,13
2024-06-14,AIIMS Bhopal,17,4,0,0,6,25,12.77,358.16,6,5,2
2024-06-14,Hamidia Hospital,9,4,0,0,6,20,15.51,307.73,2,16,5
2024-06-14,Hamidia Hospital,10,4,0,0,6,11,5.4,56.9,3,11,0
2024-06-14,Hamidia Hospital,11,4,0,0,6,28,18.13,382.13,14,12,10
2024-06-14,Hamidia Hospital,12,4,0,0,6,14,9.25,160.75,3,6,7
2024-06-14,Hamidia Hospital,13,4,0,0,6,12,22.55,299.41,2,10,8
2024-06-14,Hamidia Hospital,14,4,0,0,6,11,18.46,184.87,10,13,0
2024-06-14,Hamidia Hospital,15,4,0,0,6,12,15.71,174.3,9,12,16
2024-06-14,Hamidia Hospital,16,4,0,0,6,20,11.33,279.51,19,11,19
2024-06-14,Hamidia Hospital,17,4,0,0,6,22,17.12,425.29,5,24,1
2024-06-14,Bansal Hospital,9,4,0,0,6,17,7.98,138.84,10,7,3
2024-06-14,Bansal Hospital,10,4,0,0,6,28,17.13,395.18,19,11,18
2024-06-14,Bansal Hospital,11,4,0,0,6,10,21.84,189.52,6,6,9
2024-06-14,Bansal Hospital,12,4,0,0,6,17,14.77,303.57,12,18,9
2024-06-14,Bansal Hospital,13,4,0,0,6,16,18.03,308.36,11,8,10
2024-06-14,Bansal Hospital,14,4,0,0,6,8,13.62,83.96,7,12,12
2024-06-14,Bansal Hospital,15,4,0,0,6,18,20.48,253.45,8,3,8
2024-06-14,Bansal Hospital,16,4,0,0,6,19,19.51,360.83,18,12,4
2024-06-14,Bansal Hospital,17,4,0,0,6,10,15.42,195.58,4,27,13
2024-06-14,Chirayu Medical College,9,4,0,0,6,23,12.37,343.28,20,9,15
2024-06-14,Chirayu Medical College,10,4,0,0,6,29,5.0,156.42,24,27,14
2024-06-14,Chirayu Medical College,11,4,0,0,6,14,18.04,252.28,3,8,8
2024-06-14,Chirayu Medical College,12,4,0,0,6,11,16.79,212.45,1,25,6
2024-06-14,Chirayu Medical College,13,4,0,0,6,16,13.59,186.08,4,8,9
2024-06-14,Chirayu Medical College,14,4,0,0,6,16,16.88,299.68,15,7,1
2024-06-14,Chirayu Medical College,15,4,0,0,6,22,14.56,343.34,16,14,6
2024-06-14,Chirayu Medical College,16,4,0,0,6,29,20.71,655.47,28,16,7
2024-06-14,Chirayu Medical College,17,4,0,0,6,13,15.85,297.66,10,20,17
2024-06-14,People's Hospital,9,4,0,0,6,23,17.54,382.37,12,8,3
2024-06-14,People's Hospital,10,4,0,0,6,10,6.26,57.24,4,23,14
2024-06-14,People's Hospital,11,4,0,0,6,24,9.3,303.77,6,16,7
2024-06-14,People's Hospital,12,4,0,0,6,13,19.63,234.99,5,28,11
2024-06-14,People's Hospital,13,4,0,0,6,7,14.27,74.68,3,27,16
2024-06-14,People's Hospital,14,4,0,0,6,16,20.86,317.11,4,6,19
2024-06-14,People's Hospital,15,4,0,0,6,16,15.85,276.84,8,12,4
2024-06-14,People's Hospital,16,4,0,0,6,10,12.79,136.68,10,26,10
2024-06-14,People's Hospital,17,4,0,0,6,18,16.3,340.13,7,12,18
2024-06-14,Bhopal Memorial Hospital,9,4,0,0,6,22,13.39,196.64,15,7,0
2024-06-14,Bhopal Memorial Hospital,10,4,0,0,6,20,23.66,540.57,19,24,6
2024-06-14,Bhopal Memorial Hospital,11,4,0,0,6,16,14.18,262.19,7,29,1
2024-06-14,Bhopal Memorial Hospital,12,4,0,0,6,8,13.75,104.12,8,10,3
2024-06-14,Bhopal Memorial Hospital,13,4,0,0,6,14,15.76,242.7,11,10,0
2024-06-14,Bhopal Memorial Hospital,14,4,0,0,6,16,11.69,141.17,6,12,8
2024-06-14,Bhopal Memorial Hospital,15,4,0,0,6,23,7.36,168.08,1,18,3
2024-06-14,Bhopal Memorial Hospital,16,4,0,0,6,15,22.51,411.05,6,18,19
2024-06-14,Bhopal Memorial Hospital,17,4,0,0,6,25,18.98,438.73,20,5,1
2024-06-15,AIIMS Bhopal,9,5,1,0,6,7,14.36,109.76,5,29,5
2024-06-15,AIIMS Bhopal,10,5,1,0,6,16,16.28,86.56,10,23,19
2024-06-15,AIIMS Bhopal,11,5,1,0,6,14,15.49,227.59,7,21,18
2024-06-15,AIIMS Bhopal,12,5,1,0,6,6,10.46,80.98,5,9,2
2024-06-15,AIIMS Bhopal,13,5,1,0,6,4,19.73,70.7,4,19,18
2024-06-15,AIIMS Bhopal,14,5,1,0,6,7,18.2,143.53,7,4,3
2024-06-15,AIIMS Bhopal,15,5,1,0,6,15,18.68,296.45,5,3,4
2024-06-15,AIIMS Bhopal,16,5,1,0,6,16,13.71,225.21,5,10,3
2024-06-15,AIIMS Bhopal,17,5,1,0,6,12,20.0,310.35,6,5,0
2024-06-15,Hamidia Hospital,9,5,1,0,6,5,18.92,96.87,4,27,17
2024-06-15,Hamidia Hospital,10,5,1,0,6,14,11.59,167.33,10,27,15
2024-06-15,Hamidia Hospital,11,5,1,0,6,11,7.47,72.39,8,23,2
2024-06-15,Hamidia Hospital,12,5,1,0,6,15,13.93,299.9,9,5,12
2024-06-15,Hamidia Hospital,13,5,1,0,6,6,20.86,81.39,1,8,18
2024-06-15,Hamidia Hospital,14,5,1,0,6,4,12.45,48.36,2,30,15
2024-06-15,Hamidia Hospital,15,5,1,0,6,7,14.05,106.82,2,22,16
2024-06-15,Hamidia Hospital,16,5,1,0,6,6,14.9,77.26,6,5,1
2024-06-15,Hamidia Hospital,17,5,1,0,6,7,12.87,99.03,1,14,1
2024-06-15,Bansal Hospital,9,5,1,0,6,12,16.21,137.49,9,26,5
2024-06-15,Bansal Hospital,10,5,1,0,6,14,22.1,482.61,10,8,10
2024-06-15,Bansal Hospital,11,5,1,0,6,13,19.19,176.47,6,29,8
2024-06-15,Bansal Hospital,12,5,1,0,6,13,9.8,160.05,7,22,2
2024-06-15,Bansal Hospital,13,5,1,0,6,7,9.11,83.62,7,4,6
2024-06-15,Bansal Hospital,14,5,1,0,6,8,13.03,120.8,5,8,6
2024-06-15,Bansal Hospital,15,5,1,0,6,13,20.95,398.66,7,16,14
2024-06-15,Bansal Hospital,16,5,1,0,6,15,14.94,200.87,7,25,15
2024-06-15,Bansal Hospital,17,5,1,0,6,12,18.05,233.06,8,21,0
2024-06-15,Chirayu Medical College,9,5,1,0,6,9,19.39,67.49,6,8,4
2024-06-15,Chirayu Medical College,10,5,1,0,6,13,14.6,166.92,1,14,19
2024-06-15,Chirayu Medical College,11,5,1,0,6,15,14.2,338.96,6,12,19
2024-06-15,Chirayu Medical College,12,5,1,0,6,13,11.2,139.88,4,18,2
2024-06-15,Chirayu Medical College,13,5,1,0,6,8,20.59,176.54,5,30,16
2024-06-15,Chirayu Medical College,14,5,1,0,6,9,17.42,145.15,2,16,1
2024-06-15,Chirayu Medical College,15,5,1,0,6,6,10.53,83.15,2,21,19
2024-06-15,Chirayu Medical College,16,5,1,0,6,14,15.7,237.47,13,26,10
2024-06-15,Chirayu Medical College,17,5,1,0,6,9,16.16,124.79,2,14,0
2024-06-15,People's Hospital,9,5,1,0,6,9,16.29,187.43,1,25,16
2024-06-15,People's Hospital,10,5,1,0,6,15,15.49,223.1,13,19,7
2024-06-15,People's Hospital,11,5,1,0,6,13,8.45,103.66,6,19,7
2024-06-15,People's Hospital,12,5,1,0,6,12,14.79,205.1,9,17,11
2024-06-15,People's Hospital,13,5,1,0,6,9,8.86,67.39,8,11,4
2024-06-15,People's Hospital,14,5,1,0,6,7,14.07,54.25,6,21,1
2024-06-15,People's Hospital,15,5,1,0,6,10,16.13,199.92,8,13,12
2024-06-15,People's Hospital,16,5,1,0,6,18,14.59,409.09,17,13,1
2024-06-15,People's Hospital,17,5,1,0,6,13,9.33,116.43,7,28,15
2024-06-15,Bhopal Memorial Hospital,9,5,1,0,6,7,15.24,91.19,7,19,3
2024-06-15,Bhopal Memorial Hospital,10,5,1,0,6,13,10.08,124.91,7,17,16
2024-06-15,Bhopal Memorial Hospital,11,5,1,0,6,11,13.67,160.59,10,10,5
2024-06-15,Bhopal Memorial Hospital,12,5,1,0,6,10,13.69,142.38,10,22,18
2024-06-15,Bhopal Memorial Hospital,13,5,1,0,6,4,12.61,51.83,4,6,0
2024-06-15,Bhopal Memorial Hospital,14,5,1,0,6,2,13.94,19.01,2,30,19
2024-06-15,Bhopal Memorial Hospital,15,5,1,0,6,12,15.57,200.48,9,30,15
2024-06-15,Bhopal Memorial Hospital,16,5,1,0,6,14,11.35,167.83,14,8,1
2024-06-15,Bhopal Memorial Hospital,17,5,1,0,6,9,12.98,128.45,1,5,9
2024-06-16,AIIMS Bhopal,9,6,1,0,6,10,16.12,137.07,2,22,15
2024-06-16,AIIMS Bhopal,10,6,1,0,6,9,13.13,74.96,5,5,1
2024-06-16,AIIMS Bhopal,11,6,1,0,6,10,11.8,127.25,1,15,18
2024-06-16,AIIMS Bhopal,12,6,1,0,6,9,18.68,212.9,9,21,8
2024-06-16,AIIMS Bhopal,13,6,1,0,6,3,16.58,51.62,1,29,6
2024-06-16,AIIMS Bhopal,14,6,1,0,6,3,15.03,23.04,2,3,19
2024-06-16,AIIMS Bhopal,15,6,1,0,6,13,17.52,249.0,8,21,1
2024-06-16,AIIMS Bhopal,16,6,1,0,6,19,8.0,163.75,8,18,6
2024-06-16,AIIMS Bhopal,17,6,1,0,6,6,22.11,125.09,2,17,11
2024-06-16,Hamidia Hospital,9,6,1,0,6,7,10.87,77.07,1,5,1
2024-06-16,Hamidia Hospital,10,6,1,0,6,5,20.59,97.37,4,18,9
2024-06-16,Hamidia Hospital,11,6,1,0,6,6,21.11,127.08,1,5,16
2024-06-16,Hamidia Hospital,12,6,1,0,6,8,18.8,181.73,7,15,2
2024-06-16,Hamidia Hospital,13,6,1,0,6,10,16.77,168.53,9,13,7
2024-06-16,Hamidia Hospital,14,6,1,0,6,9,19.55,186.52,1,6,0
2024-06-16,Hamidia Hospital,15,6,1,0,6,7,15.0,93.83,1,8,12
2024-06-16,Hamidia Hospital,16,6,1,0,6,19,18.87,230.06,2,13,3
2024-06-16,Hamidia Hospital,17,6,1,0,6,5,22.51,153.24,1,27,17
2024-06-16,Bansal Hospital,9,6,1,0,6,6,14.48,64.53,3,26,18
2024-06-16,Bansal Hospital,10,6,1,0,6,7,18.92,133.3,4,16,19
2024-06-16,Bansal Hospital,11,6,1,0,6,18,21.26,296.8,2,29,3
2024-06-16,Bansal Hospital,12,6,1,0,6,10,13.77,130.38,7,10,5
2024-06-16,Bansal Hospital,13,6,1,0,6,10,16.35,178.68,2,21,12
2024-06-16,Bansal Hospital,14,6,1,0,6,6,16.27,55.02,5,13,16
2024-06-16,Bansal Hospital,15,6,1,0,6,12,18.14,250.41,2,5,15
2024-06-16,Bansal Hospital,16,6,1,0,6,5,16.57,75.71,3,11,9
2024-06-16,Bansal Hospital,17,6,1,0,6,12,14.56,183.41,3,25,8
2024-06-16,Chirayu Medical College,9,6,1,0,6,7,16.36,108.94,5,24,4
2024-06-16,Chirayu Medical College,10,6,1,0,6,13,16.57,186.32,9,4,10
2024-06-16,Chirayu Medical College,11,6,1,0,6,16,20.25,294.88,11,3,5
2024-06-16,Chirayu Medical College,12,6,1,0,6,10,16.92,189.21,3,16,6
2024-06-16,Chirayu Medical College,13,6,1,0,6,6,17.45,101.84,1,24,14
2024-06-16,Chirayu Medical College,14,6,1,0,6,7,13.99,118.53,1,30,6
2024-06-16,Chirayu Medical College,15,6,1,0,6,7,15.73,110.19,1,25,6
2024-06-16,Chirayu Medical College,16,6,1,0,6,9,16.88,153.26,9,16,14
2024-06-16,Chirayu Medical College,17,6,1,0,6,12,18.45,153.67,8,11,9
2024-06-16,People's Hospital,9,6,1,0,6,14,16.87,216.57,12,18,17
2024-06-16,People's Hospital,10,6,1,0,6,5,12.36,61.87,1,4,9
2024-06-16,People's Hospital,11,6,1,0,6,15,15.76,309.02,15,15,13
2024-06-16,People's Hospital,12,6,1,0,6,12,19.52,175.68,7,8,18
2024-06-16,People's Hospital,13,6,1,0,6,8,17.29,141.5,7,23,9
2024-06-16,People's Hospital,14,6,1,0,6,4,19.75,66.58,3,28,15
2024-06-16,People's Hospital,15,6,1,0,6,6,18.35,108.22,5,13,8
2024-06-16,People's Hospital,16,6,1,0,6,13,9.97,91.19,12,12,13
2024-06-16,People's Hospital,17,6,1,0,6,11,8.77,102.69,2,10,14
2024-06-16,Bhopal Memorial Hospital,9,6,1,0,6,6,13.28,89.82,4,19,18
2024-06-16,Bhopal Memorial Hospital,10,6,1,0,6,10,13.37,121.23,8,27,6
2024-06-16,Bhopal Memorial Hospital,11,6,1,0,6,9,21.4,166.96,8,27,12
2024-06-16,Bhopal Memorial Hospital,12,6,1,0,6,12,17.99,207.79,12,20,9
2024-06-16,Bhopal Memorial Hospital,13,6,1,0,6,4,11.59,46.37,3,16,9
2024-06-16,Bhopal Memorial Hospital,14,6,1,0,6,7,10.99,60.94,2,26,0
2024-06-16,Bhopal Memorial Hospital,15,6,1,0,6,4,16.03,69.0,3,10,12
2024-06-16,Bhopal Memorial Hospital,16,6,1,0,6,15,11.4,230.14,10,12,11
2024-06-16,Bhopal Memorial Hospital,17,6,1,0,6,8,10.21,74.79,4,7,7
2024-06-17,AIIMS Bhopal,9,0,0,1,6,23,15.88,301.58,8,9,11
2024-06-17,AIIMS Bhopal,10,0,0,1,6,36,8.68,369.13,9,27,16
2024-06-17,AIIMS Bhopal,11,0,0,1,6,37,17.76,450.85,24,12,19
2024-06-17,AIIMS Bhopal,12,0,0,1,6,16,9.5,81.68,8,29,19
2024-06-17,AIIMS Bhopal,13,0,0,1,6,24,17.69,424.72,21,17,12
2024-06-17,AIIMS Bhopal,14,0,0,1,6,9,15.42,128.02,6,24,14
2024-06-17,AIIMS Bhopal,15,0,0,1,6,32,16.8,528.59,20,5,3
2024-06-17,AIIMS Bhopal,16,0,0,1,6,18,10.75,245.69,4,23,12
2024-06-17,AIIMS Bhopal,17,0,0,1,6,16,15.89,300.33,9,8,17
2024-06-17,Hamidia Hospital,9,0,0,1,6,14,18.81,306.42,12,15,10
2024-06-17,Hamidia Hospital,10,0,0,1,6,15,13.71,198.68,4,22,14
2024-06-17,Hamidia Hospital,11,0,0,1,6,33,23.27,813.39,9,6,11
2024-06-17,Hamidia Hospital,12,0,0,1,6,14,24.17,376.69,9,29,2
2024-06-17,Hamidia Hospital,13,0,0,1,6,8,20.16,169.34,5,12,7
2024-06-17,Hamidia Hospital,14,0,0,1,6,7,19.33,141.93,2,7,0
2024-06-17,Hamidia Hospital,15,0,0,1,6,28,12.34,422.26,5,17,13
2024-06-17,Hamidia Hospital,16,0,0,1,6,24,7.84,164.64,17,8,12
2024-06-17,Hamidia Hospital,17,0,0,1,6,19,22.42,356.68,15,16,7
2024-06-17,Bansal Hospital,9,0,0,1,6,15,17.56,284.21,12,4,14
2024-06-17,Bansal Hospital,10,0,0,1,6,32,15.72,637.41,31,5,8
2024-06-17,Bansal Hospital,11,0,0,1,6,19,13.89,407.94,6,16,9
2024-06-17,Bansal Hospital,12,0,0,1,6,16,14.16,220.42,13,24,8
2024-06-17,Bansal Hospital,13,0,0,1,6,19,17.49,297.46,7,19,6
2024-06-17,Bansal Hospital,14,0,0,1,6,23,16.0,348.92,16,12,4
2024-06-17,Bansal Hospital,15,0,0,1,6,35,13.88,303.88,20,30,1
2024-06-17,Bansal Hospital,16,0,0,1,6,33,9.27,287.92,17,10,17
2024-06-17,Bansal Hospital,17,0,0,1,6,23,11.39,265.35,17,21,15
2024-06-17,Chirayu Medical College,9,0,0,1,6,18,12.91,198.27,15,21,17
2024-06-17,Chirayu Medical College,10,0,0,1,6,45,18.96,1203.84,19,13,11
2024-06-17,Chirayu Medical College,11,0,0,1,6,29,20.73,629.85,9,7,3
2024-06-17,Chirayu Medical College,12,0,0,1,6,11,18.37,204.13,10,22,12
2024-06-17,Chirayu Medical College,13,0,0,1,6,10,20.81,257.87,8,17,16
2024-06-17,Chirayu Medical College,14,0,0,1,6,17,16.2,224.87,2,26,11
2024-06-17,Chirayu Medical College,15,0,0,1,6,30,13.55,308.62,13,7,13
2024-06-17,Chirayu Medical College,16,0,0,1,6,23,16.63,339.35,19,13,7
2024-06-17,Chirayu Medical College,17,0,0,1,6,11,20.85,243.19,3,23,11
2024-06-17,People's Hospital,9,0,0,1,6,26,20.03,471.1,22,8,11
2024-06-17,People's Hospital,10,0,0,1,6,36,13.46,384.64,32,24,6
2024-06-17,People's Hospital,11,0,0,1,6,19,16.7,370.66,10,14,16
2024-06-17,People's Hospital,12,0,0,1,6,32,15.71,454.58,7,26,3
2024-06-17,People's Hospital,13,0,0,1,6,9,13.08,121.8,4,24,6
2024-06-17,People's Hospital,14,0,0,1,6,18,11.15,186.1,10,29,18
2024-06-17,People's Hospital,15,0,0,1,6,18,16.21,309.23,14,21,9
2024-06-17,People's Hospital,16,0,0,1,6,29,15.87,565.98,18,18,2
2024-06-17,People's Hospital,17,0,0,1,6,30,17.64,497.25,22,22,6
2024-06-17,Bhopal Memorial Hospital,9,0,0,1,6,26,19.72,420.14,22,21,2
2024-06-17,Bhopal Memorial Hospital,10,0,0,1,6,15,21.0,258.29,5,20,5
2024-06-17,Bhopal Memorial Hospital,11,0,0,1,6,32,9.16,331.25,31,9,19
2024-06-17,Bhopal Memorial Hospital,12,0,0,1,6,29,15.6,393.61,25,9,3
2024-06-17,Bhopal Memorial Hospital,13,0,0,1,6,20,17.01,359.73,20,22,4
2024-06-17,Bhopal Memorial Hospital,14,0,0,1,6,24,10.66,286.06,24,25,15
2024-06-17,Bhopal Memorial Hospital,15,0,0,1,6,35,13.41,603.3,31,18,10
2024-06-17,Bhopal Memorial Hospital,16,0,0,1,6,19,13.41,301.98,15,28,4
2024-06-17,Bhopal Memorial Hospital,17,0,0,1,6,12,13.49,129.26,12,14,1
2024-06-18,AIIMS Bhopal,9,1,0,0,6,20,11.2,266.25,5,26,17
2024-06-18,AIIMS Bhopal,10,1,0,0,6,23,21.4,457.81,17,13,18
2024-06-18,AIIMS Bhopal,11,1,0,0,6,20,13.93,334.79,19,10,6
2024-06-18,AIIMS Bhopal,12,1,0,0,6,11,15.17,152.94,6,15,17
2024-06-18,AIIMS Bhopal,13,1,0,0,6,12,14.63,183.41,7,26,4
2024-06-18,AIIMS Bhopal,14,1,0,0,6,7,11.03,75.46,6,24,0
2024-06-18,AIIMS Bhopal,15,1,0,0,6,15,15.01,178.92,3,10,11
2024-06-18,AIIMS Bhopal,16,1,0,0,6,14,7.36,90.24,3,22,2
2024-06-18,AIIMS Bhopal,17,1,0,0,6,21,16.7,286.48,7,25,1
2024-06-18,Hamidia Hospital,9,1,0,0,6,22,14.71,275.93,20,19,14
2024-06-18,Hamidia Hospital,10,1,0,0,6,13,13.02,146.72,5,24,10
2024-06-18,Hamidia Hospital,11,1,0,0,6,20,12.13,334.02,1,3,14
2024-06-18,Hamidia Hospital,12,1,0,0,6,17,16.49,179.53,15,26,15
2024-06-18,Hamidia Hospital,13,1,0,0,6,16,16.78,255.42,10,16,11
2024-06-18,Hamidia Hospital,14,1,0,0,6,7,13.19,92.27,2,9,5
2024-06-18,Hamidia Hospital,15,1,0,0,6,19,16.24,415.13,8,25,13
2024-06-18,Hamidia Hospital,16,1,0,0,6,18,19.28,366.03,12,17,16
2024-06-18,Hamidia Hospital,17,1,0,0,6,20,13.88,288.38,2,8,10
2024-06-18,Bansal Hospital,9,1,0,0,6,8,5.0,46.46,7,16,1
2024-06-18,Bansal Hospital,10,1,0,0,6,26,9.68,217.13,1,19,11
2024-06-18,Bansal Hospital,11,1,0,0,6,15,6.27,114.55,7,19,19
2024-06-18,Bansal Hospital,12,1,0,0,6,21,9.49,255.92,7,7,12
2024-06-18,Bansal Hospital,13,1,0,0,6,11,6.99,77.55,11,25,8
2024-06-18,Bansal Hospital,14,1,0,0,6,7,16.35,130.95,6,27,8
2024-06-18,Bansal Hospital,15,1,0,0,6,14,10.6,133.29,9,30,6
2024-06-18,Bansal Hospital,16,1,0,0,6,23,9.04,172.23,2,3,0
2024-06-18,Bansal Hospital,17,1,0,0,6,10,9.23,83.27,1,19,15
2024-06-18,Chirayu Medical College,9,1,0,0,6,11,12.87,154.48,9,6,18
2024-06-18,Chirayu Medical College,10,1,0,0,6,18,13.72,183.65,5,18,2
2024-06-18,Chirayu Medical College,11,1,0,0,6,14,9.77,135.38,4,20,3
2024-06-18,Chirayu Medical College,12,1,0,0,6,25,9.61,249.27,4,16,10
2024-06-18,Chirayu Medical College,13,1,0,0,6,5,18.99,108.28,1,17,11
2024-06-18,Chirayu Medical College,14,1,0,0,6,15,14.56,220.96,9,4,16
2024-06-18,Chirayu Medical College,15,1,0,0,6,21,13.59,201.21,11,26,4
2024-06-18,Chirayu Medical College,16,1,0,0,6,15,12.09,197.8,13,5,10
2024-06-18,Chirayu Medical College,17,1,0,0,6,12,12.84,114.92,3,19,3
2024-06-18,People's Hospital,9,1,0,0,6,20,17.52,304.73,3,18,15
2024-06-18,People's Hospital,10,1,0,0,6,18,16.47,308.16,15,12,18
2024-06-18,People's Hospital,11,1,0,0,6,19,17.66,375.08,16,24,13
2024-06-18,People's Hospital,12,1,0,0,6,13,15.77,168.11,10,10,15
2024-06-18,People's Hospital,13,1,0,0,6,14,14.22,187.07,14,19,4
2024-06-18,People's Hospital,14,1,0,0,6,12,7.43,103.21,11,27,10
2024-06-18,People's Hospital,15,1,0,0,6,11,11.0,142.75,8,8,15
2024-06-18,People's Hospital,16,1,0,0,6,14,15.33,182.11,12,9,13
2024-06-18,People's Hospital,17,1,0,0,6,13,7.14,84.63,4,12,3
2024-06-18,Bhopal Memorial Hospital,9,1,0,0,6,15,15.19,218.09,4,12,12
2024-06-18,Bhopal Memorial Hospital,10,1,0,0,6,10,14.22,118.26,10,16,16
2024-06-18,Bhopal Memorial Hospital,11,1,0,0,6,28,13.45,433.22,24,12,13
2024-06-18,Bhopal Memorial Hospital,12,1,0,0,6,18,13.97,287.7,5,6,16
2024-06-18,Bhopal Memorial Hospital,13,1,0,0,6,16,17.27,428.19,6,6,4
2024-06-18,Bhopal Memorial Hospital,14,1,0,0,6,12,18.96,197.11,8,18,8
2024-06-18,Bhopal Memorial Hospital,15,1,0,0,6,9,18.01,144.33,4,27,2
2024-06-18,Bhopal Memorial Hospital,16,1,0,0,6,23,18.15,446.65,22,15,11
2024-06-18,Bhopal Memorial Hospital,17,1,0,0,6,9,9.34,77.09,6,25,13
2024-06-19,AIIMS Bhopal,9,2,0,0,6,21,13.96,254.84,16,28,8
2024-06-19,AIIMS Bhopal,10,2,0,0,6,22,10.38,235.34,8,12,2
2024-06-19,AIIMS Bhopal,11,2,0,0,6,16,13.43,241.66,8,11,2
2024-06-19,AIIMS Bhopal,12,2,0,0,6,8,8.85,82.09,3,22,19
2024-06-19,AIIMS Bhopal,13,2,0,0,6,15,11.54,189.18,7,27,5
2024-06-19,AIIMS Bhopal,14,2,0,0,6,6,20.28,90.24,6,4,7
2024-06-19,AIIMS Bhopal,15,2,0,0,6,15,15.87,283.12,14,24,15
2024-06-19,AIIMS Bhopal,16,2,0,0,6,28,14.71,571.42,2,30,17
2024-06-19,AIIMS Bhopal,17,2,0,0,6,16,16.31,317.17,4,26,3
2024-06-19,Hamidia Hospital,9,2,0,0,6,24,17.44,539.01,1,9,8
2024-06-19,Hamidia Hospital,10,2,0,0,6,11,12.84,126.51,9,8,15
2024-06-19,Hamidia Hospital,11,2,0,0,6,14,19.03,236.72,11,26,4
2024-06-19,Hamidia Hospital,12,2,0,0,6,9,16.43,190.25,7,15,12
2024-06-19,Hamidia Hospital,13,2,0,0,6,11,20.06,180.71,2,29,16
2024-06-19,Hamidia Hospital,14,2,0,0,6,11,8.01,93.05,8,25,19
2024-06-19,Hamidia Hospital,15,2,0,0,6,22,10.27,217.2,10,14,16
2024-06-19,Hamidia Hospital,16,2,0,0,6,29,8.98,187.37,15,25,18
2024-06-19,Hamidia Hospital,17,2,0,0,6,23,17.86,445.66,20,5,14
2024-06-19,Bansal Hospital,9,2,0,0,6,17,10.0,194.48,2,15,18
2024-06-19,Bansal Hospital,10,2,0,0,6,16,16.76,195.38,12,6,0
2024-06-19,Bansal Hospital,11,2,0,0,6,32,21.56,417.54,14,7,15
2024-06-19,Bansal Hospital,12,2,0,0,6,24,18.88,431.84,14,20,19
2024-06-19,Bansal Hospital,13,2,0,0,6,16,14.76,244.61,8,8,12
2024-06-19,Bansal Hospital,14,2,0,0,6,12,17.67,223.42,1,13,4
2024-06-19,Bansal Hospital,15,2,0,0,6,16,17.65,307.5,6,4,14
2024-06-19,Bansal Hospital,16,2,0,0,6,27,13.74,394.71,26,10,6
2024-06-19,Bansal Hospital,17,2,0,0,6,18,17.26,382.43,12,18,13
2024-06-19,Chirayu Medical College,9,2,0,0,6,9,15.1,217.92,7,30,2
2024-06-19,Chirayu Medical College,10,2,0,0,6,10,8.19,74.75,10,8,18
2024-06-19,Chirayu Medical College,11,2,0,0,6,29,21.5,694.52,7,19,13
2024-06-19,Chirayu Medical College,12,2,0,0,6,25,13.57,348.12,23,27,18
2024-06-19,Chirayu Medical College,13,2,0,0,6,15,11.7,193.58,2,23,6
2024-06-19,Chirayu Medical College,14,2,0,0,6,12,13.91,194.88,2,11,7
2024-06-19,Chirayu Medical College,15,2,0,0,6,11,13.52,165.03,11,19,6
2024-06-19,Chirayu Medical College,16,2,0,0,6,22,7.91,150.37,19,30,18
2024-06-19,Chirayu Medical College,17,2,0,0,6,19,15.29,424.3,6,30,1
2024-06-19,People's Hospital,9,2,0,0,6,9,11.44,100.63,1,12,1
2024-06-19,People's Hospital,10,2,0,0,6,10,17.18,151.26,8,4,6
2024-06-19,People's Hospital,11,2,0,0,6,26,14.47,329.32,8,28,15
2024-06-19,People's Hospital,12,2,0,0,6,15,15.54,264.08,14,23,4
2024-06-19,People's Hospital,13,2,0,0,6,11,22.68,289.15,8,6,16
2024-06-19,People's Hospital,14,2,0,0,6,16,17.76,242.99,3,27,15
2024-06-19,People's Hospital,15,2,0,0,6,23,7.79,128.64,10,26,4
2024-06-19,People's Hospital,16,2,0,0,6,16,20.99,407.53,16,7,15
2024-06-19,People's Hospital,17,2,0,0,6,16,12.93,201.17,11,5,15
2024-06-19,Bhopal Memorial Hospital,9,2,0,0,6,18,21.46,374.16,16,24,18
2024-06-19,Bhopal Memorial Hospital,10,2,0,0,6,27,15.25,470.36,9,24,1
2024-06-19,Bhopal Memorial Hospital,11,2,0,0,6,20,8.7,140.81,20,16,10
2024-06-19,Bhopal Memorial Hospital,12,2,0,0,6,10,11.93,104.08,8,5,8
2024-06-19,Bhopal Memorial Hospital,13,2,0,0,6,13,5.0,68.86,6,25,17
2024-06-19,Bhopal Memorial Hospital,14,2,0,0,6,14,15.77,174.33,14,27,6
2024-06-19,Bhopal Memorial Hospital,15,2,0,0,6,22,8.84,190.16,15,17,3
2024-06-19,Bhopal Memorial Hospital,16,2,0,0,6,28,16.06,472.76,19,21,6
2024-06-19,Bhopal Memorial Hospital,17,2,0,0,6,10,8.61,87.4,8,3,15
2024-06-20,AIIMS Bhopal,9,3,0,0,6,8,17.45,139.77,8,21,13
2024-06-20,AIIMS Bhopal,10,3,0,0,6,16,14.71,195.28,6,17,16
2024-06-20,AIIMS Bhopal,11,3,0,0,6,22,15.05,330.78,1,10,19
2024-06-20,AIIMS Bhopal,12,3,0,0,6,25,9.31,233.9,2,16,9
2024-06-20,AIIMS Bhopal,13,3,0,0,6,14,17.93,223.61,10,12,19
2024-06-20,AIIMS Bhopal,14,3,0,0,6,7,10.73,50.3,4,20,9
2024-06-20,AIIMS Bhopal,15,3,0,0,6,24,11.83,287.63,23,9,5
2024-06-20,AIIMS Bhopal,16,3,0,0,6,10,16.33,204.99,3,15,17
2024-06-20,AIIMS Bhopal,17,3,0,0,6,20,14.09,281.67,7,18,11
2024-06-20,Hamidia Hospital,9,3,0,0,6,19,21.43,382.3,16,20,11
2024-06-20,Hamidia Hospital,10,3,0,0,6,22,12.07,338.81,13,13,6
2024-06-20,Hamidia Hospital,11,3,0,0,6,10,12.28,113.57,7,12,6
2024-06-20,Hamidia Hospital,12,3,0,0,6,8,16.65,126.32,3,7,5
2024-06-20,Hamidia Hospital,13,3,0,0,6,13,18.81,238.23,5,5,4
2024-06-20,Hamidia Hospital,14,3,0,0,6,9,11.99,116.62,4,25,11
2024-06-20,Hamidia Hospital,15,3,0,0,6,8,8.13,54.2,6,14,14
2024-06-20,Hamidia Hospital,16,3,0,0,6,19,20.6,468.91,5,24,13
2024-06-20,Hamidia Hospital,17,3,0,0,6,21,18.2,506.95,9,18,14
2024-06-20,Bansal Hospital,9,3,0,0,6,21,26.19,554.73,5,28,16
2024-06-20,Bansal Hospital,10,3,0,0,6,11,13.48,149.65,1,7,8
2024-06-20,Bansal Hospital,11,3,0,0,6,23,7.37,159.01,17,24,13
2024-06-20,Bansal Hospital,12,3,0,0,6,16,18.36,336.38,8,22,19
2024-06-20,Bansal Hospital,13,3,0,0,6,14,10.87,125.26,11,30,7
2024-06-20,Bansal Hospital,14,3,0,0,6,9,15.07,153.53,4,19,14
2024-06-20,Bansal Hospital,15,3,0,0,6,21,12.41,248.67,13,19,18
2024-06-20,Bansal Hospital,16,3,0,0,6,31,17.83,659.72,31,17,6
2024-06-20,Bansal Hospital,17,3,0,0,6,25,17.93,378.8,18,6,12
2024-06-20,Chirayu Medical College,9,3,0,0,6,19,15.94,333.16,11,4,15
2024-06-20,Chirayu Medical College,10,3,0,0,6,19,5.0,101.49,8,26,11
2024-06-20,Chirayu Medical College,11,3,0,0,6,15,19.1,337.76,1,15,16
2024-06-20,Chirayu Medical College,12,3,0,0,6,16,19.78,277.1,1,24,6
2024-06-20,Chirayu Medical College,13,3,0,0,6,9,17.25,146.92,6,4,17
2024-06-20,Chirayu Medical College,14,3,0,0,6,14,5.0,80.99,3,16,13
2024-06-20,Chirayu Medical College,15,3,0,0,6,13,6.65,78.47,8,15,14
2024-06-20,Chirayu Medical College,16,3,0,0,6,28,14.76,323.72,25,20,13
2024-06-20,Chirayu Medical College,17,3,0,0,6,22,13.62,261.71,20,18,2
2024-06-20,People's Hospital,9,3,0,0,6,25,26.44,651.18,2,14,18
2024-06-20,People's Hospital,10,3,0,0,6,28,14.61,495.38,26,21,18
2024-06-20,People's Hospital,11,3,0,0,6,19,15.78,355.32,16,11,1
2024-06-20,People's Hospital,12,3,0,0,6,21,16.68,395.51,13,6,1
2024-06-20,People's Hospital,13,3,0,0,6,10,15.17,176.25,9,25,15
2024-06-20,People's Hospital,14,3,0,0,6,16,16.41,307.73,9,27,19
2024-06-20,People's Hospital,15,3,0,0,6,11,9.38,77.92,7,5,6
2024-06-20,People's Hospital,16,3,0,0,6,15,14.27,209.76,4,14,15
2024-06-20,People's Hospital,17,3,0,0,6,13,14.63,228.71,4,22,17
2024-06-20,Bhopal Memorial Hospital,9,3,0,0,6,19,12.77,246.72,13,24,16
2024-06-20,Bhopal Memorial Hospital,10,3,0,0,6,23,19.37,466.95,18,24,9
2024-06-20,Bhopal Memorial Hospital,11,3,0,0,6,19,8.7,162.57,12,19,0
2024-06-20,Bhopal Memorial Hospital,12,3,0,0,6,8,8.57,56.63,7,16,18
2024-06-20,Bhopal Memorial Hospital,13,3,0,0,6,9,17.32,72.73,6,25,0
2024-06-20,Bhopal Memorial Hospital,14,3,0,0,6,12,17.9,228.18,1,12,16
2024-06-20,Bhopal Memorial Hospital,15,3,0,0,6,22,14.95,268.34,20,18,11
2024-06-20,Bhopal Memorial Hospital,16,3,0,0,6,20,15.5,360.43,11,10,12
2024-06-20,Bhopal Memorial Hospital,17,3,0,0,6,17,12.07,177.42,2,18,15
2024-06-21,AIIMS Bhopal,9,4,0,0,6,22,12.81,290.43,5,25,13
2024-06-21,AIIMS Bhopal,10,4,0,0,6,22,17.68,333.64,22,5,10
2024-06-21,AIIMS Bhopal,11,4,0,0,6,19,15.09,301.7,5,18,0
2024-06-21,AIIMS Bhopal,12,4,0,0,6,12,11.32,142.19,1,30,15
2024-06-21,AIIMS Bhopal,13,4,0,0,6,14,18.88,121.67,10,18,13
2024-06-21,AIIMS Bhopal,14,4,0,0,6,10,18.8,142.75,6,6,8
2024-06-21,AIIMS Bhopal,15,4,0,0,6,19,15.31,364.67,1,6,13
2024-06-21,AIIMS Bhopal,16,4,0,0,6,31,16.18,477.4,25,4,15
2024-06-21,AIIMS Bhopal,17,4,0,0,6,18,15.93,272.96,13,22,19
2024-06-21,Hamidia Hospital,9,4,0,0,6,10,18.64,175.58,6,21,7
2024-06-21,Hamidia Hospital,10,4,0,0,6,16,20.31,227.05,9,13,11
2024-06-21,Hamidia Hospital,11,4,0,0,6,27,13.54,408.39,5,6,9
2024-06-21,Hamidia Hospital,12,4,0,0,6,25,18.43,453.5,25,5,6
2024-06-21,Hamidia Hospital,13,4,0,0,6,13,10.11,83.54,7,21,19
2024-06-21,Hamidia Hospital,14,4,0,0,6,9,15.34,146.72,9,5,10
2024-06-21,Hamidia Hospital,15,4,0,0,6,21,10.4,189.19,2,18,0
2024-06-21,Hamidia Hospital,16,4,0,0,6,24,14.55,244.95,14,22,11
2024-06-21,Hamidia Hospital,17,4,0,0,6,10,19.24,195.7,4,16,3
2024-06-21,Bansal Hospital,9,4,0,0,6,10,16.72,129.39,8,12,1
2024-06-21,Bansal Hospital,10,4,0,0,6,31,14.13,412.57,27,9,0
2024-06-21,Bansal Hospital,11,4,0,0,6,26,10.21,231.7,17,7,2
2024-06-21,Bansal Hospital,12,4,0,0,6,16,13.04,256.76,13,7,16
2024-06-21,Bansal Hospital,13,4,0,0,6,10,20.73,210.03,9,12,1
2024-06-21,Bansal Hospital,14,4,0,0,6,13,17.91,276.18,1,13,12
2024-06-21,Bansal Hospital,15,4,0,0,6,9,12.58,107.89,2,21,3
2024-06-21,Bansal Hospital,16,4,0,0,6,15,14.24,202.0,12,26,17
2024-06-21,Bansal Hospital,17,4,0,0,6,19,14.82,212.65,14,13,8
2024-06-21,Chirayu Medical College,9,4,0,0,6,25,24.8,758.21,9,3,19
2024-06-21,Chirayu Medical College,10,4,0,0,6,19,5.85,96.92,14,14,9
2024-06-21,Chirayu Medical College,11,4,0,0,6,28,21.22,680.4,16,23,1
2024-06-21,Chirayu Medical College,12,4,0,0,6,19,14.9,345.76,17,18,1
2024-06-21,Chirayu Medical College,13,4,0,0,6,12,13.14,168.47,1,30,1
2024-06-21,Chirayu Medical College,14,4,0,0,6,13,14.64,193.04,11,12,8
2024-06-21,Chirayu Medical College,15,4,0,0,6,20,17.62,304.23,4,7,7
2024-06-21,Chirayu Medical College,16,4,0,0,6,23,18.79,460.32,12,30,12
2024-06-21,Chirayu Medical College,17,4,0,0,6,21,19.0,266.66,12,3,11
2024-06-21,People's Hospital,9,4,0,0,6,8,18.96,100.48,6,25,14
2024-06-21,People's Hospital,10,4,0,0,6,27,12.61,414.67,19,9,15
2024-06-21,People's Hospital,11,4,0,0,6,19,7.09,103.78,10,18,8
2024-06-21,People's Hospital,12,4,0,0,6,15,7.06,116.19,14,21,1
2024-06-21,People's Hospital,13,4,0,0,6,9,13.95,138.37,7,28,0
2024-06-21,People's Hospital,14,4,0,0,6,7,19.35,140.46,7,11,15
2024-06-21,People's Hospital,15,4,0,0,6,10,20.77,169.29,5,8,8
2024-06-21,People's Hospital,16,4,0,0,6,19,15.9,326.45,19,4,4
2024-06-21,People's Hospital,17,4,0,0,6,21,10.95,167.48,5,10,15
2024-06-21,Bhopal Memorial Hospital,9,4,0,0,6,22,17.01,473.24,18,6,7
2024-06-21,Bhopal Memorial Hospital,10,4,0,0,6,19,23.69,459.33,18,10,3
2024-06-21,Bhopal Memorial Hospital,11,4,0,0,6,20,13.37,290.6,16,20,0
2024-06-21,Bhopal Memorial Hospital,12,4,0,0,6,14,13.99,221.44,4,26,5
2024-06-21,Bhopal Memorial Hospital,13,4,0,0,6,16,9.7,170.54,12,16,10
2024-06-21,Bhopal Memorial Hospital,14,4,0,0,6,14,23.51,297.27,7,16,17
2024-06-21,Bhopal Memorial Hospital,15,4,0,0,6,9,14.87,66.32,9,4,1
2024-06-21,Bhopal Memorial Hospital,16,4,0,0,6,11,13.12,82.85,10,24,11
2024-06-21,Bhopal Memorial Hospital,17,4,0,0,6,14,11.57,154.07,14,14,1
2024-06-22,AIIMS Bhopal,9,5,1,0,6,6,16.92,88.67,6,20,10
2024-06-22,AIIMS Bhopal,10,5,1,0,6,16,10.04,150.3,2,18,14
2024-06-22,AIIMS Bhopal,11,5,1,0,6,11,10.3,88.54,2,28,9
2024-06-22,AIIMS Bhopal,12,5,1,0,6,14,23.04,306.02,2,14,3
2024-06-22,AIIMS Bhopal,13,5,1,0,6,7,14.46,121.71,5,24,19
2024-06-22,AIIMS Bhopal,14,5,1,0,6,7,14.93,127.51,1,3,13
2024-06-22,AIIMS Bhopal,15,5,1,0,6,11,13.1,152.18,7,15,13
2024-06-22,AIIMS Bhopal,16,5,1,0,6,19,11.87,213.25,11,24,10
2024-06-22,AIIMS Bhopal,17,5,1,0,6,9,15.97,103.56,7,10,15
2024-06-22,Hamidia Hospital,9,5,1,0,6,13,11.62,163.99,10,14,19
2024-06-22,Hamidia Hospital,10,5,1,0,6,6,16.41,110.83,3,27,4
2024-06-22,Hamidia Hospital,11,5,1,0,6,11,19.04,176.22,7,8,5
2024-06-22,Hamidia Hospital,12,5,1,0,6,12,12.14,155.64,5,22,3
2024-06-22,Hamidia Hospital,13,5,1,0,6,9,13.92,116.24,7,8,17
2024-06-22,Hamidia Hospital,14,5,1,0,6,9,15.29,156.77,6,20,1
2024-06-22,Hamidia Hospital,15,5,1,0,6,11,15.03,143.21,11,14,2
2024-06-22,Hamidia Hospital,16,5,1,0,6,10,24.8,312.12,6,16,3
2024-06-22,Hamidia Hospital,17,5,1,0,6,6,23.04,118.72,2,18,16
2024-06-22,Bansal Hospital,9,5,1,0,6,10,11.68,119.92,8,29,18
2024-06-22,Bansal Hospital,10,5,1,0,6,10,8.74,97.14,4,27,19
2024-06-22,Bansal Hospital,11,5,1,0,6,7,11.11,79.44,5,25,13
2024-06-22,Bansal Hospital,12,5,1,0,6,15,16.3,269.81,9,20,10
2024-06-22,Bansal Hospital,13,5,1,0,6,9,24.28,211.59,5,24,6
2024-06-22,Bansal Hospital,14,5,1,0,6,4,16.35,85.34,3,25,15
2024-06-22,Bansal Hospital,15,5,1,0,6,10,19.34,197.36,8,11,0
2024-06-22,Bansal Hospital,16,5,1,0,6,16,16.53,321.23,14,6,15
2024-06-22,Bansal Hospital,17,5,1,0,6,11,11.41,140.31,10,21,1
2024-06-22,Chirayu Medical College,9,5,1,0,6,12,21.06,328.94,12,12,8
2024-06-22,Chirayu Medical College,10,5,1,0,6,9,14.19,137.28,1,22,10
2024-06-22,Chirayu Medical College,11,5,1,0,6,11,14.19,166.97,11,7,9
2024-06-22,Chirayu Medical College,12,5,1,0,6,6,13.57,87.68,4,10,9
2024-06-22,Chirayu Medical College,13,5,1,0,6,10,14.99,161.03,7,30,2
2024-06-22,Chirayu Medical College,14,5,1,0,6,9,22.21,222.35,7,11,19
2024-06-22,Chirayu Medical College,15,5,1,0,6,6,13.81,96.74,2,18,11
2024-06-22,Chirayu Medical College,16,5,1,0,6,9,22.34,210.38,7,22,3
2024-06-22,Chirayu Medical College,17,5,1,0,6,9,9.5,95.64,7,24,9
2024-06-22,People's Hospital,9,5,1,0,6,6,12.32,87.42,2,18,13
2024-06-22,People's Hospital,10,5,1,0,6,18,14.19,336.73,3,9,8
2024-06-22,People's Hospital,11,5,1,0,6,7,11.73,67.93,1,22,0
2024-06-22,People's Hospital,12,5,1,0,6,13,17.96,262.66,11,6,9
2024-06-22,People's Hospital,13,5,1,0,6,7,19.25,155.97,1,11,18
2024-06-22,People's Hospital,14,5,1,0,6,7,11.79,107.78,5,18,6
2024-06-22,People's Hospital,15,5,1,0,6,12,5.48,55.84,8,8,19
2024-06-22,People's Hospital,16,5,1,0,6,15,13.56,210.69,14,19,1
2024-06-22,People's Hospital,17,5,1,0,6,15,14.61,312.15,9,5,12
2024-06-22,Bhopal Memorial Hospital,9,5,1,0,6,15,14.18,234.36,8,25,5
2024-06-22,Bhopal Memorial Hospital,10,5,1,0,6,10,14.5,139.87,10,22,1
2024-06-22,Bhopal Memorial Hospital,11,5,1,0,6,16,21.33,288.85,13,11,8
2024-06-22,Bhopal Memorial Hospital,12,5,1,0,6,10,15.84,158.55,1,15,0
2024-06-22,Bhopal Memorial Hospital,13,5,1,0,6,6,10.98,82.4,6,22,19
2024-06-22,Bhopal Memorial Hospital,14,5,1,0,6,3,7.38,21.52,2,10,6
2024-06-22,Bhopal Memorial Hospital,15,5,1,0,6,5,19.59,102.01,4,10,4
2024-06-22,Bhopal Memorial Hospital,16,5,1,0,6,16,16.11,289.76,16,10,13
2024-06-22,Bhopal Memorial Hospital,17,5,1,0,6,10,22.03,250.5,3,23,12
2024-06-23,AIIMS Bhopal,9,6,1,0,6,5,14.38,75.84,4,10,11
2024-06-23,AIIMS Bhopal,10,6,1,0,6,10,13.97,153.31,7,27,11
2024-06-23,AIIMS Bhopal,11,6,1,0,6,11,13.89,147.44,6,30,6
2024-06-23,AIIMS Bhopal,12,6,1,0,6,13,20.24,205.08,6,6,6
2024-06-23,AIIMS Bhopal,13,6,1,0,6,7,16.94,89.19,3,7,13
2024-06-23,AIIMS Bhopal,14,6,1,0,6,3,10.02,21.72,3,3,19
2024-06-23,AIIMS Bhopal,15,6,1,0,6,15,11.81,149.93,8,11,0
2024-06-23,AIIMS Bhopal,16,6,1,0,6,13,19.93,299.48,4,6,12
2024-06-23,AIIMS Bhopal,17,6,1,0,6,10,16.27,169.36,10,30,2
2024-06-23,Hamidia Hospital,9,6,1,0,6,8,11.18,96.92,1,23,5
2024-06-23,Hamidia Hospital,10,6,1,0,6,14,22.4,253.74,3,16,1
2024-06-23,Hamidia Hospital,11,6,1,0,6,6,10.75,72.85,6,21,5
2024-06-23,Hamidia Hospital,12,6,1,0,6,7,16.15,129.36,3,30,14
2024-06-23,Hamidia Hospital,13,6,1,0,6,5,9.76,45.7,5,12,11
2024-06-23,Hamidia Hospital,14,6,1,0,6,10,12.87,122.7,2,23,15
2024-06-23,Hamidia Hospital,15,6,1,0,6,9,17.37,135.89,5,22,14
2024-06-23,Hamidia Hospital,16,6,1,0,6,16,12.65,232.92,4,8,16
2024-06-23,Hamidia Hospital,17,6,1,0,6,14,12.42,131.2,6,16,6
2024-06-23,Bansal Hospital,9,6,1,0,6,15,16.76,305.44,7,14,14
2024-06-23,Bansal Hospital,10,6,1,0,6,6,16.61,131.18,1,8,4
2024-06-23,Bansal Hospital,11,6,1,0,6,7,15.17,136.67,6,19,15
2024-06-23,Bansal Hospital,12,6,1,0,6,11,16.29,129.16,11,28,8
2024-06-23,Bansal Hospital,13,6,1,0,6,4,17.95,77.06,2,29,10
2024-06-23,Bansal Hospital,14,6,1,0,6,7,11.98,58.6,7,28,14
2024-06-23,Bansal Hospital,15,6,1,0,6,10,10.5,94.95,4,22,13
2024-06-23,Bansal Hospital,16,6,1,0,6,18,20.05,343.89,5,14,4
2024-06-23,Bansal Hospital,17,6,1,0,6,11,16.87,166.52,10,30,6
2024-06-23,Chirayu Medical College,9,6,1,0,6,10,11.55,65.77,6,8,2
2024-06-23,Chirayu Medical College,10,6,1,0,6,14,17.43,256.54,5,28,12
2024-06-23,Chirayu Medical College,11,6,1,0,6,15,15.78,233.42,13,16,17
2024-06-23,Chirayu Medical College,12,6,1,0,6,7,18.03,122.81,1,14,15
2024-06-23,Chirayu Medical College,13,6,1,0,6,7,13.37,98.1,5,4,2
2024-06-23,Chirayu Medical College,14,6,1,0,6,3,17.32,33.71,1,8,3
2024-06-23,Chirayu Medical College,15,6,1,0,6,7,15.91,130.98,3,6,5
2024-06-23,Chirayu Medical College,16,6,1,0,6,7,17.65,103.8,5,10,4
2024-06-23,Chirayu Medical College,17,6,1,0,6,8,17.14,158.2,5,6,8
2024-06-23,People's Hospital,9,6,1,0,6,7,18.77,120.77,2,23,4
2024-06-23,People's Hospital,10,6,1,0,6,15,14.74,147.92,2,12,8
2024-06-23,People's Hospital,11,6,1,0,6,13,16.32,258.28,6,23,1
2024-06-23,People's Hospital,12,6,1,0,6,9,11.69,141.12,7,18,17
2024-06-23,People's Hospital,13,6,1,0,6,9,10.29,93.5,1,27,2
2024-06-23,People's Hospital,14,6,1,0,6,4,10.65,31.54,1,9,5
2024-06-23,People's Hospital,15,6,1,0,6,12,12.5,145.6,3,25,12
2024-06-23,People's Hospital,16,6,1,0,6,10,11.28,146.95,7,22,1
2024-06-23,People's Hospital,17,6,1,0,6,8,16.4,155.51,4,5,1
2024-06-23,Bhopal Memorial Hospital,9,6,1,0,6,10,10.13,110.31,4,8,6
2024-06-23,Bhopal Memorial Hospital,10,6,1,0,6,19,17.69,369.17,11,7,14
2024-06-23,Bhopal Memorial Hospital,11,6,1,0,6,19,14.45,216.19,6,23,12
2024-06-23,Bhopal Memorial Hospital,12,6,1,0,6,4,20.97,60.21,3,16,9
2024-06-23,Bhopal Memorial Hospital,13,6,1,0,6,2,20.28,39.71,1,22,19
2024-06-23,Bhopal Memorial Hospital,14,6,1,0,6,10,10.0,111.1,2,22,11
2024-06-23,Bhopal Memorial Hospital,15,6,1,0,6,4,9.9,40.78,4,21,12
2024-06-23,Bhopal Memorial Hospital,16,6,1,0,6,10,10.16,58.22,10,23,3
2024-06-23,Bhopal Memorial Hospital,17,6,1,0,6,10,8.17,70.23,8,11,12
2024-06-24,AIIMS Bhopal,9,0,0,1,6,15,19.76,431.49,2,22,0
2024-06-24,AIIMS Bhopal,10,0,0,1,6,15,16.1,257.88,6,6,15
2024-06-24,AIIMS Bhopal,11,0,0,1,6,32,11.01,343.61,14,17,6
2024-06-24,AIIMS Bhopal,12,0,0,1,6,25,15.68,437.32,16,4,4
2024-06-24,AIIMS Bhopal,13,0,0,1,6,23,15.85,267.91,13,16,13
2024-06-24,AIIMS Bhopal,14,0,0,1,6,23,7.37,198.64,18,14,17
2024-06-24,AIIMS Bhopal,15,0,0,1,6,22,15.4,367.29,6,5,1
2024-06-24,AIIMS Bhopal,16,0,0,1,6,36,10.26,482.83,6,12,19
2024-06-24,AIIMS Bhopal,17,0,0,1,6,22,16.49,321.54,20,15,11
2024-06-24,Hamidia Hospital,9,0,0,1,6,23,14.99,316.96,11,14,14
2024-06-24,Hamidia Hospital,10,0,0,1,6,41,16.11,676.88,14,24,1
2024-06-24,Hamidia Hospital,11,0,0,1,6,20,9.94,211.32,2,20,17
2024-06-24,Hamidia Hospital,12,0,0,1,6,25,9.76,224.11,20,9,10
2024-06-24,Hamidia Hospital,13,0,0,1,6,23,14.06,370.75,6,9,3
2024-06-24,Hamidia Hospital,14,0,0,1,6,15,8.76,112.86,3,26,3
2024-06-24,Hamidia Hospital,15,0,0,1,6,18,10.43,250.38,18,16,1
2024-06-24,Hamidia Hospital,16,0,0,1,6,37,21.77,1130.88,1,27,19
2024-06-24,Hamidia Hospital,17,0,0,1,6,33,15.94,545.94,18,4,18
2024-06-24,Bansal Hospital,9,0,0,1,6,15,12.08,240.32,5,26,3
2024-06-24,Bansal Hospital,10,0,0,1,6,29,22.04,642.17,18,14,0
2024-06-24,Bansal Hospital,11,0,0,1,6,18,13.29,170.55,16,23,8
2024-06-24,Bansal Hospital,12,0,0,1,6,18,21.0,356.56,8,28,13
2024-06-24,Bansal Hospital,13,0,0,1,6,15,17.28,273.68,13,16,9
2024-06-24,Bansal Hospital,14,0,0,1,6,21,19.04,492.27,8,25,18
2024-06-24,Bansal Hospital,15,0,0,1,6,18,14.39,293.92,13,3,9
2024-06-24,Bansal Hospital,16,0,0,1,6,20,14.89,371.7,3,17,9
2024-06-24,Bansal Hospital,17,0,0,1,6,22,18.86,509.64,19,25,12
2024-06-24,Chirayu Medical College,9,0,0,1,6,33,11.12,267.34,12,17,13
2024-06-24,Chirayu Medical College,10,0,0,1,6,42,15.49,630.34,7,20,17
2024-06-24,Chirayu Medical College,11,0,0,1,6,19,16.73,364.87,13,15,3
2024-06-24,Chirayu Medical College,12,0,0,1,6,22,20.18,340.94,18,4,19
2024-06-24,Chirayu Medical College,13,0,0,1,6,22,15.51,341.25,15,21,0
2024-06-24,Chirayu Medical College,14,0,0,1,6,20,13.27,221.03,4,29,10
2024-06-24,Chirayu Medical College,15,0,0,1,6,14,18.26,276.81,4,10,3
2024-06-24,Chirayu Medical College,16,0,0,1,6,39,20.61,884.83,23,9,7
2024-06-24,Chirayu Medical College,17,0,0,1,6,32,14.81,470.7,25,4,9
2024-06-24,People's Hospital,9,0,0,1,6,21,10.53,231.27,12,20,14
2024-06-24,People's Hospital,10,0,0,1,6,23,15.31,305.64,3,18,4
2024-06-24,People's Hospital,11,0,0,1,6,15,13.59,170.8,4,10,0
2024-06-24,People's Hospital,12,0,0,1,6,11,17.51,266.32,6,15,18
2024-06-24,People's Hospital,13,0,0,1,6,20,14.08,376.37,3,9,7
2024-06-24,People's Hospital,14,0,0,1,6,9,18.33,150.52,7,19,7
2024-06-24,People's Hospital,15,0,0,1,6,23,21.64,484.18,23,12,5
2024-06-24,People's Hospital,16,0,0,1,6,20,11.37,252.84,3,14,9
2024-06-24,People's Hospital,17,0,0,1,6,19,23.19,460.77,1,9,9
2024-06-24,Bhopal Memorial Hospital,9,0,0,1,6,15,15.08,268.55,7,23,10
2024-06-24,Bhopal Memorial Hospital,10,0,0,1,6,24,18.97,344.4,14,18,2
2024-06-24,Bhopal Memorial Hospital,11,0,0,1,6,24,11.61,312.61,23,9,10
2024-06-24,Bhopal Memorial Hospital,12,0,0,1,6,14,14.93,173.66,3,8,16
2024-06-24,Bhopal Memorial Hospital,13,0,0,1,6,11,16.93,260.95,11,9,9
2024-06-24,Bhopal Memorial Hospital,14,0,0,1,6,23,11.55,193.62,23,22,14
2024-06-24,Bhopal Memorial Hospital,15,0,0,1,6,19,13.73,192.57,14,14,14
2024-06-24,Bhopal Memorial Hospital,16,0,0,1,6,39,13.82,612.13,15,14,5
2024-06-24,Bhopal Memorial Hospital,17,0,0,1,6,15,12.72,151.76,11,15,9
2024-06-25,AIIMS Bhopal,9,1,0,0,6,8,18.17,138.58,3,9,2
2024-06-25,AIIMS Bhopal,10,1,0,0,6,23,14.55,372.88,9,17,16
2024-06-25,AIIMS Bhopal,11,1,0,0,6,18,24.67,455.28,11,3,3
2024-06-25,AIIMS Bhopal,12,1,0,0,6,20,16.54,404.09,1,9,8
2024-06-25,AIIMS Bhopal,13,1,0,0,6,7,14.86,145.74,6,14,4
2024-06-25,AIIMS Bhopal,14,1,0,0,6,14,20.34,259.27,4,29,13
2024-06-25,AIIMS Bhopal,15,1,0,0,6,17,19.62,467.95,3,8,12
2024-06-25,AIIMS Bhopal,16,1,0,0,6,20,11.18,126.07,7,15,15
2024-06-25,AIIMS Bhopal,17,1,0,0,6,21,5.4,110.14,16,22,13
2024-06-25,Hamidia Hospital,9,1,0,0,6,23,12.85,246.13,21,30,5
2024-06-25,Hamidia Hospital,10,1,0,0,6,26,11.62,267.12,7,3,2
2024-06-25,Hamidia Hospital,11,1,0,0,6,19,15.58,326.42,18,26,17
2024-06-25,Hamidia Hospital,12,1,0,0,6,12,17.85,139.57,1,8,13
2024-06-25,Hamidia Hospital,13,1,0,0,6,16,18.76,353.47,3,12,19
2024-06-25,Hamidia Hospital,14,1,0,0,6,11,9.35,74.54,6,6,9
2024-06-25,Hamidia Hospital,15,1,0,0,6,22,9.0,274.83,14,26,1
2024-06-25,Hamidia Hospital,16,1,0,0,6,18,9.92,165.39,11,25,4
2024-06-25,Hamidia Hospital,17,1,0,0,6,20,19.1,396.47,6,29,5
2024-06-25,Bansal Hospital,9,1,0,0,6,24,11.65,292.1,13,5,9
2024-06-25,Bansal Hospital,10,1,0,0,6,13,15.11,145.69,7,15,2
2024-06-25,Bansal Hospital,11,1,0,0,6,24,10.82,211.91,7,8,10
2024-06-25,Bansal Hospital,12,1,0,0,6,22,13.79,300.17,18,19,10
2024-06-25,Bansal Hospital,13,1,0,0,6,6,14.38,87.69,1,29,7
2024-06-25,Bansal Hospital,14,1,0,0,6,11,14.12,78.05,2,5,5
2024-06-25,Bansal Hospital,15,1,0,0,6,9,16.8,167.07,3,10,16
2024-06-25,Bansal Hospital,16,1,0,0,6,24,10.12,172.78,23,30,3
2024-06-25,Bansal Hospital,17,1,0,0,6,12,13.07,146.83,1,17,4
2024-06-25,Chirayu Medical College,9,1,0,0,6,12,17.31,276.99,4,14,17
2024-06-25,Chirayu Medical College,10,1,0,0,6,15,15.9,300.06,10,24,11
2024-06-25,Chirayu Medical College,11,1,0,0,6,13,16.59,229.14,4,23,19
2024-06-25,Chirayu Medical College,12,1,0,0,6,23,15.37,274.16,8,20,14
2024-06-25,Chirayu Medical College,13,1,0,0,6,9,5.0,55.36,7,17,17
2024-06-25,Chirayu Medical College,14,1,0,0,6,9,15.01,138.47,9,25,9
2024-06-25,Chirayu Medical College,15,1,0,0,6,13,19.69,320.07,13,30,13
2024-06-25,Chirayu Medical College,16,1,0,0,6,23,17.44,438.63,9,28,16
2024-06-25,Chirayu Medical College,17,1,0,0,6,20,13.32,302.25,1,15,4
2024-06-25,People's Hospital,9,1,0,0,6,8,13.92,116.86,5,28,18
2024-06-25,People's Hospital,10,1,0,0,6,14,9.69,113.52,3,4,5
2024-06-25,People's Hospital,11,1,0,0,6,31,17.4,574.72,25,3,16
2024-06-25,People's Hospital,12,1,0,0,6,16,15.45,318.29,4,12,2
2024-06-25,People's Hospital,13,1,0,0,6,17,24.04,573.9,15,21,13
2024-06-25,People's Hospital,14,1,0,0,6,10,15.65,152.43,6,3,14
2024-06-25,People's Hospital,15,1,0,0,6,16,11.72,172.63,10,12,7
2024-06-25,People's Hospital,16,1,0,0,6,16,8.03,145.87,6,21,17
2024-06-25,People's Hospital,17,1,0,0,6,8,18.04,171.56,5,27,3
2024-06-25,Bhopal Memorial Hospital,9,1,0,0,6,21,18.34,423.82,7,24,13
2024-06-25,Bhopal Memorial Hospital,10,1,0,0,6,16,14.8,253.04,11,30,3
2024-06-25,Bhopal Memorial Hospital,11,1,0,0,6,27,15.32,474.73,4,9,15
2024-06-25,Bhopal Memorial Hospital,12,1,0,0,6,8,21.47,164.38,8,25,9
2024-06-25,Bhopal Memorial Hospital,13,1,0,0,6,7,19.42,143.18,2,8,13
2024-06-25,Bhopal Memorial Hospital,14,1,0,0,6,12,13.36,150.57,6,7,11
2024-06-25,Bhopal Memorial Hospital,15,1,0,0,6,25,15.92,469.46,14,10,10
2024-06-25,Bhopal Memorial Hospital,16,1,0,0,6,29,5.0,135.2,4,16,9
2024-06-25,Bhopal Memorial Hospital,17,1,0,0,6,16,14.09,180.25,9,28,15
2024-06-26,AIIMS Bhopal,9,2,0,0,6,11,16.08,157.53,10,4,3
2024-06-26,AIIMS Bhopal,10,2,0,0,6,11,20.74,172.12,11,6,10
2024-06-26,AIIMS Bhopal,11,2,0,0,6,31,16.27,277.8,22,30,10
2024-06-26,AIIMS Bhopal,12,2,0,0,6,11,17.69,152.83,9,5,3
2024-06-26,AIIMS Bhopal,13,2,0,0,6,6,18.27,121.64,2,9,11
2024-06-26,AIIMS Bhopal,14,2,0,0,6,10,19.37,158.69,10,15,16
2024-06-26,AIIMS Bhopal,15,2,0,0,6,13,14.31,185.64,13,11,1
2024-06-26,AIIMS Bhopal,16,2,0,0,6,32,16.66,571.69,16,13,13
2024-06-26,AIIMS Bhopal,17,2,0,0,6,15,16.54,201.74,14,15,12
2024-06-26,Hamidia Hospital,9,2,0,0,6,9,16.11,155.17,9,21,5
2024-06-26,Hamidia Hospital,10,2,0,0,6,28,9.43,250.61,18,11,14
2024-06-26,Hamidia Hospital,11,2,0,0,6,31,15.95,321.25,31,5,17
2024-06-26,Hamidia Hospital,12,2,0,0,6,10,16.62,148.57,9,10,9
2024-06-26,Hamidia Hospital,13,2,0,0,6,16,12.9,167.31,2,14,2
2024-06-26,Hamidia Hospital,14,2,0,0,6,5,10.96,39.85,3,18,7
2024-06-26,Hamidia Hospital,15,2,0,0,6,8,20.08,158.02,3,19,5
2024-06-26,Hamidia Hospital,16,2,0,0,6,14,16.34,298.52,12,12,16
2024-06-26,Hamidia Hospital,17,2,0,0,6,13,11.88,214.14,2,29,9
2024-06-26,Bansal Hospital,9,2,0,0,6,15,21.7,339.94,5,15,18
2024-06-26,Bansal Hospital,10,2,0,0,6,28,9.78,259.0,5,28,10
2024-06-26,Bansal Hospital,11,2,0,0,6,27,15.95,542.25,27,27,0
2024-06-26,Bansal Hospital,12,2,0,0,6,8,19.83,140.57,7,19,19
2024-06-26,Bansal Hospital,13,2,0,0,6,10,15.08,179.24,1,11,3
2024-06-26,Bansal Hospital,14,2,0,0,6,13,16.44,223.43,11,4,6
2024-06-26,Bansal Hospital,15,2,0,0,6,8,11.28,96.48,7,5,15
2024-06-26,Bansal Hospital,16,2,0,0,6,10,8.0,104.08,7,24,12
2024-06-26,Bansal Hospital,17,2,0,0,6,25,14.2,216.21,10,28,17
2024-06-26,Chirayu Medical College,9,2,0,0,6,12,18.07,104.6,10,19,15
2024-06-26,Chirayu Medical College,10,2,0,0,6,15,8.29,116.1,15,29,2
2024-06-26,Chirayu Medical College,11,2,0,0,6,31,18.13,630.75,13,22,4
2024-06-26,Chirayu Medical College,12,2,0,0,6,15,15.59,198.66,5,4,10
2024-06-26,Chirayu Medical College,13,2,0,0,6,13,7.75,115.21,5,18,14
2024-06-26,Chirayu Medical College,14,2,0,0,6,9,17.46,168.25,7,30,6
2024-06-26,Chirayu Medical College,15,2,0,0,6,20,18.6,467.43,19,5,13
2024-06-26,Chirayu Medical College,16,2,0,0,6,10,25.01,209.74,10,24,9
2024-06-26,Chirayu Medical College,17,2,0,0,6,11,8.85,101.7,4,5,19
2024-06-26,People's Hospital,9,2,0,0,6,8,16.25,133.4,7,16,16
2024-06-26,People's Hospital,10,2,0,0,6,26,15.19,479.78,4,25,17
2024-06-26,People's Hospital,11,2,0,0,6,24,16.2,289.58,12,19,8
2024-06-26,People's Hospital,12,2,0,0,6,9,16.19,122.42,1,27,11
2024-06-26,People's Hospital,13,2,0,0,6,15,22.24,408.36,3,29,13
2024-06-26,People's Hospital,14,2,0,0,6,12,12.18,163.61,12,11,3
2024-06-26,People's Hospital,15,2,0,0,6,21,13.41,332.89,15,6,10
2024-06-26,People's Hospital,16,2,0,0,6,28,16.39,240.44,3,29,3
2024-06-26,People's Hospital,17,2,0,0,6,12,19.53,247.64,2,19,0
2024-06-26,Bhopal Memorial Hospital,9,2,0,0,6,18,10.2,138.87,7,27,11
2024-06-26,Bhopal Memorial Hospital,10,2,0,0,6,27,9.67,265.24,6,28,13
2024-06-26,Bhopal Memorial Hospital,11,2,0,0,6,16,9.78,204.84,5,14,14
2024-06-26,Bhopal Memorial Hospital,12,2,0,0,6,21,15.84,340.26,8,9,11
2024-06-26,Bhopal Memorial Hospital,13,2,0,0,6,16,11.98,154.04,14,5,16
2024-06-26,Bhopal Memorial Hospital,14,2,0,0,6,14,12.21,126.02,11,19,6
2024-06-26,Bhopal Memorial Hospital,15,2,0,0,6,8,16.14,113.27,3,8,18
2024-06-26,Bhopal Memorial Hospital,16,2,0,0,6,29,12.29,344.0,27,30,3
2024-06-26,Bhopal Memorial Hospital,17,2,0,0,6,8,17.73,150.11,4,3,18
2024-06-27,AIIMS Bhopal,9,3,0,0,6,8,14.76,125.32,8,29,13
2024-06-27,AIIMS Bhopal,10,3,0,0,6,24,7.86,164.74,22,21,0
2024-06-27,AIIMS Bhopal,11,3,0,0,6,14,15.92,214.56,6,16,10
2024-06-27,AIIMS Bhopal,12,3,0,0,6,8,17.23,158.4,8,4,19
2024-06-27,AIIMS Bhopal,13,3,0,0,6,6,10.78,53.31,2,24,14
2024-06-27,AIIMS Bhopal,14,3,0,0,6,5,14.65,82.77,5,30,2
2024-06-27,AIIMS Bhopal,15,3,0,0,6,11,12.4,134.52,9,16,8
2024-06-27,AIIMS Bhopal,16,3,0,0,6,31,15.07,406.88,5,16,18
2024-06-27,AIIMS Bhopal,17,3,0,0,6,21,20.45,493.39,13,17,15
2024-06-27,Hamidia Hospital,9,3,0,0,6,10,8.96,97.35,6,8,19
2024-06-27,Hamidia Hospital,10,3,0,0,6,27,13.71,260.86,23,12,5
2024-06-27,Hamidia Hospital,11,3,0,0,6,26,12.3,277.91,9,25,17
2024-06-27,Hamidia Hospital,12,3,0,0,6,22,19.47,379.66,3,24,8
2024-06-27,Hamidia Hospital,13,3,0,0,6,7,13.87,83.12,7,8,14
2024-06-27,Hamidia Hospital,14,3,0,0,6,16,16.09,260.59,16,13,10
2024-06-27,Hamidia Hospital,15,3,0,0,6,9,13.96,139.07,5,29,17
2024-06-27,Hamidia Hospital,16,3,0,0,6,13,5.49,61.9,12,30,17
2024-06-27,Hamidia Hospital,17,3,0,0,6,25,10.21,159.94,15,19,18
2024-06-27,Bansal Hospital,9,3,0,0,6,19,16.21,286.57,19,6,18
2024-06-27,Bansal Hospital,10,3,0,0,6,18,13.58,241.72,9,29,2
2024-06-27,Bansal Hospital,11,3,0,0,6,22,15.6,332.98,8,11,19
2024-06-27,Bansal Hospital,12,3,0,0,6,25,16.74,373.62,24,8,17
2024-06-27,Bansal Hospital,13,3,0,0,6,7,18.17,118.56,3,15,5
2024-06-27,Bansal Hospital,14,3,0,0,6,11,10.76,122.41,4,28,11
2024-06-27,Bansal Hospital,15,3,0,0,6,22,17.29,358.91,14,24,5
2024-06-27,Bansal Hospital,16,3,0,0,6,29,17.51,470.49,17,24,18
2024-06-27,Bansal Hospital,17,3,0,0,6,8,15.18,142.67,5,12,12
2024-06-27,Chirayu Medical College,9,3,0,0,6,24,13.21,450.82,6,29,2
2024-06-27,Chirayu Medical College,10,3,0,0,6,11,18.56,163.09,5,22,12
2024-06-27,Chirayu Medical College,11,3,0,0,6,32,10.97,390.72,13,4,15
2024-06-27,Chirayu Medical College,12,3,0,0,6,8,13.57,104.77,5,15,14
2024-06-27,Chirayu Medical College,13,3,0,0,6,14,15.72,223.63,10,14,3
2024-06-27,Chirayu Medical College,14,3,0,0,6,7,15.04,90.62,7,14,12
2024-06-27,Chirayu Medical College,15,3,0,0,6,13,12.43,206.8,3,5,1
2024-06-27,Chirayu Medical College,16,3,0,0,6,11,15.57,177.41,8,27,18
2024-06-27,Chirayu Medical College,17,3,0,0,6,18,14.38,267.02,2,27,8
2024-06-27,People's Hospital,9,3,0,0,6,17,14.44,290.15,13,24,7
2024-06-27,People's Hospital,10,3,0,0,6,11,18.65,191.67,8,8,15
2024-06-27,People's Hospital,11,3,0,0,6,24,8.42,231.34,6,3,5
2024-06-27,People's Hospital,12,3,0,0,6,11,10.25,121.21,3,29,17
2024-06-27,People's Hospital,13,3,0,0,6,9,14.23,125.92,4,17,0
2024-06-27,People's Hospital,14,3,0,0,6,7,14.79,73.89,6,15,0
2024-06-27,People's Hospital,15,3,0,0,6,22,17.38,487.05,7,7,8
2024-06-27,People's Hospital,16,3,0,0,6,31,17.6,536.86,25,7,7
2024-06-27,People's Hospital,17,3,0,0,6,22,18.55,349.07,12,16,15
2024-06-27,Bhopal Memorial Hospital,9,3,0,0,6,23,12.57,259.44,13,15,17
2024-06-27,Bhopal Memorial Hospital,10,3,0,0,6,23,15.72,406.21,4,27,9
2024-06-27,Bhopal Memorial Hospital,11,3,0,0,6,31,14.14,527.86,18,22,16
2024-06-27,Bhopal Memorial Hospital,12,3,0,0,6,25,13.86,202.94,15,14,15
2024-06-27,Bhopal Memorial Hospital,13,3,0,0,6,11,11.61,136.69,6,24,14
2024-06-27,Bhopal Memorial Hospital,14,3,0,0,6,17,9.86,212.49,12,5,18
2024-06-27,Bhopal Memorial Hospital,15,3,0,0,6,13,14.26,225.28,4,11,12
2024-06-27,Bhopal Memorial Hospital,16,3,0,0,6,32,11.76,243.71,24,5,12
2024-06-27,Bhopal Memorial Hospital,17,3,0,0,6,19,18.65,437.24,16,9,10
2024-06-28,AIIMS Bhopal,9,4,0,0,6,11,18.84,231.28,9,15,7
2024-06-28,AIIMS Bhopal,10,4,0,0,6,20,16.5,329.04,10,20,15
2024-06-28,AIIMS Bhopal,11,4,0,0,6,29,10.95,342.43,14,27,6
2024-06-28,AIIMS Bhopal,12,4,0,0,6,22,14.13,289.91,1,9,2
2024-06-28,AIIMS Bhopal,13,4,0,0,6,16,7.38,107.5,6,18,15
2024-06-28,AIIMS Bhopal,14,4,0,0,6,14,23.0,296.26,11,20,16
2024-06-28,AIIMS Bhopal,15,4,0,0,6,24,12.93,251.91,23,28,9
2024-06-28,AIIMS Bhopal,16,4,0,0,6,16,18.42,278.91,1,24,10
2024-06-28,AIIMS Bhopal,17,4,0,0,6,23,11.73,259.91,6,7,2
2024-06-28,Hamidia Hospital,9,4,0,0,6,20,16.74,446.16,11,5,17
2024-06-28,Hamidia Hospital,10,4,0,0,6,26,19.3,367.21,12,10,2
2024-06-28,Hamidia Hospital,11,4,0,0,6,15,22.78,397.8,11,30,7
2024-06-28,Hamidia Hospital,12,4,0,0,6,24,18.9,542.61,21,29,15
2024-06-28,Hamidia Hospital,13,4,0,0,6,6,7.61,42.25,4,24,16
2024-06-28,Hamidia Hospital,14,4,0,0,6,14,14.24,216.88,11,11,13
2024-06-28,Hamidia Hospital,15,4,0,0,6,21,17.48,247.1,4,18,0
2024-06-28,Hamidia Hospital,16,4,0,0,6,24,9.96,212.15,15,4,3
2024-06-28,Hamidia Hospital,17,4,0,0,6,18,9.51,221.54,6,15,9
2024-06-28,Bansal Hospital,9,4,0,0,6,10,14.76,124.64,7,14,10
2024-06-28,Bansal Hospital,10,4,0,0,6,15,11.46,97.46,10,14,15
2024-06-28,Bansal Hospital,11,4,0,0,6,32,8.21,290.17,13,13,3
2024-06-28,Bansal Hospital,12,4,0,0,6,20,12.89,250.18,6,8,14
2024-06-28,Bansal Hospital,13,4,0,0,6,7,20.05,160.59,5,4,1
2024-06-28,Bansal Hospital,14,4,0,0,6,8,17.81,153.82,1,4,17
2024-06-28,Bansal Hospital,15,4,0,0,6,16,9.3,164.75,11,14,14
2024-06-28,Bansal Hospital,16,4,0,0,6,29,15.13,572.43,7,7,17
2024-06-28,Bansal Hospital,17,4,0,0,6,13,15.72,259.73,4,7,2
2024-06-28,Chirayu Medical College,9,4,0,0,6,25,16.48,299.15,14,15,18
2024-06-28,Chirayu Medical College,10,4,0,0,6,20,12.84,229.58,19,19,0
2024-06-28,Chirayu Medical College,11,4,0,0,6,31,14.27,561.07,27,27,15
2024-06-28,Chirayu Medical College,12,4,0,0,6,14,22.25,444.97,8,13,16
2024-06-28,Chirayu Medical College,13,4,0,0,6,11,15.18,131.81,8,6,6
2024-06-28,Chirayu Medical College,14,4,0,0,6,15,17.1,265.95,15,12,12
2024-06-28,Chirayu Medical College,15,4,0,0,6,24,14.14,425.66,20,26,0
2024-06-28,Chirayu Medical College,16,4,0,0,6,11,8.29,120.08,1,21,9
2024-06-28,Chirayu Medical College,17,4,0,0,6,22,5.0,100.92,14,7,13
2024-06-28,People's Hospital,9,4,0,0,6,17,5.41,121.73,17,20,18
2024-06-28,People's Hospital,10,4,0,0,6,32,5.0,160.18,18,27,9
2024-06-28,People's Hospital,11,4,0,0,6,26,23.86,440.87,3,7,16
2024-06-28,People's Hospital,12,4,0,0,6,16,16.76,189.92,2,21,5
2024-06-28,People's Hospital,13,4,0,0,6,15,13.97,239.11,10,29,1
2024-06-28,People's Hospital,14,4,0,0,6,16,16.37,273.57,5,4,5
2024-06-28,People's Hospital,15,4,0,0,6,10,14.02,150.84,3,23,16
2024-06-28,People's Hospital,16,4,0,0,6,24,18.47,484.35,9,4,10
2024-06-28,People's Hospital,17,4,0,0,6,17,18.4,229.22,11,8,7
2024-06-28,Bhopal Memorial Hospital,9,4,0,0,6,23,21.81,510.14,15,18,15
2024-06-28,Bhopal Memorial Hospital,10,4,0,0,6,24,16.18,400.35,2,9,5
2024-06-28,Bhopal Memorial Hospital,11,4,0,0,6,16,19.14,291.63,16,10,9
2024-06-28,Bhopal Memorial Hospital,12,4,0,0,6,22,11.72,255.23,6,16,14
2024-06-28,Bhopal Memorial Hospital,13,4,0,0,6,11,17.52,170.1,5,23,7
2024-06-28,Bhopal Memorial Hospital,14,4,0,0,6,7,16.22,72.26,2,7,6
2024-06-28,Bhopal Memorial Hospital,15,4,0,0,6,15,9.32,128.4,6,28,8
2024-06-28,Bhopal Memorial Hospital,16,4,0,0,6,19,10.97,223.01,16,10,1
2024-06-28,Bhopal Memorial Hospital,17,4,0,0,6,19,10.25,180.43,3,22,13
