symptom_text,department,label
chest tightness at rest worsening at night,Cardiology,0
back pain mild to moderate,Orthopedics,2
back pain after eating,Orthopedics,2
watery eyes,Ophthalmology,10
seizures with fever,Neurology,1
menopause symptoms after eating,Gynecology,7
swollen face in morning after eating,Nephrology,12
nasal congestion in the morning,ENT,11
heart racing worsening at night,Cardiology,0
excessive sweating,Endocrinology,6
chest pain worsening at night,Cardiology,0
nasal congestion in the morning,ENT,11
anxiety chronic,Psychiatry,9
child rash in the morning,Pediatrics,8
heart racing with fever,Cardiology,0
decreased urine output mild to moderate,Nephrology,12
squinting mild to moderate,Ophthalmology,10
chest pain since 1 week,Cardiology,0
watery eyes chronic,Ophthalmology,10
excessive sweating chronic,Endocrinology,6
child vomiting chronic,Pediatrics,8
OCD symptoms mild to moderate,Psychiatry,9
swollen wrist chronic,Orthopedics,2
chest tightness at rest sudden onset,Cardiology,0
OCD symptoms in the morning,Psychiatry,9
bone pain chronic,Orthopedics,2
heart racing sudden onset,Cardiology,0
hearing loss sudden onset,ENT,11
knee pain chronic,Orthopedics,2
constipation in the morning,Gastroenterology,4
OCD symptoms sudden onset,Psychiatry,9
schizophrenia symptoms mild to moderate,Psychiatry,9
sore throat sudden onset,ENT,11
pelvic pain mild to moderate,Gynecology,7
shoulder stiffness mild to moderate,Orthopedics,2
sinusitis since 1 week,ENT,11
delayed milestones in the morning,Pediatrics,8
frequent chest infections chronic,Pulmonology,5
breathlessness at night in the morning,Pulmonology,5
yellow eyes worsening at night,Gastroenterology,4
menopause symptoms after eating,Gynecology,7
shortness of breath mild to moderate,Cardiology,0
frequent UTI,Nephrology,12
shoulder stiffness since 1 week,Orthopedics,2
seizures with fever,Neurology,1
menopause symptoms sudden onset,Gynecology,7
asthma attack mild to moderate,Pulmonology,5
vertigo since 1 week,ENT,11
breathlessness on exertion in the morning,Cardiology,0
vision blurring suddenly since 1 week,Neurology,1
hair thinning mild to moderate,Endocrinology,6
slurred speech since 2 days,Neurology,1
chest pressure,Cardiology,0
hair loss,Dermatology,3
snoring with fever,ENT,11
tonsillitis in the morning,ENT,11
cold intolerance since 1 week,Endocrinology,6
breathlessness on exertion since 1 week,Cardiology,0
chest congestion since 1 week,Pulmonology,5
snoring since 1 week,ENT,11
vertigo since 2 days,ENT,11
liver pain sudden onset,Gastroenterology,4
snoring with fever,ENT,11
child rash after eating,Pediatrics,8
stomach pain chronic,Gastroenterology,4
palpitations in the morning,Cardiology,0
vision blurring suddenly since 1 week,Neurology,1
OCD symptoms since 2 days,Psychiatry,9
child rash mild to moderate,Pediatrics,8
increased thirst sudden onset,Endocrinology,6
chest congestion worsening at night,Pulmonology,5
menstrual cramps since 1 week,Gynecology,7
breathlessness at night since 2 days,Pulmonology,5
dengue symptoms chronic,General Medicine,13
sinusitis chronic,ENT,11
infant not feeding sudden onset,Pediatrics,8
weakness chronic,General Medicine,13
irregular periods worsening at night,Gynecology,7
diabetes symptoms worsening at night,Endocrinology,6
blurry vision since 1 week,Ophthalmology,10
hair loss sudden onset,Dermatology,3
wheezing sudden onset,Pulmonology,5
vomiting mild to moderate,Gastroenterology,4
dialysis related worsening at night,Nephrology,12
insulin resistance in the morning,Endocrinology,6
child fever sudden onset,Pediatrics,8
vaginal discharge since 1 week,Gynecology,7
diabetes symptoms chronic,Endocrinology,6
glaucoma symptoms chronic,Ophthalmology,10
cataract since 2 days,Ophthalmology,10
anxiety mild to moderate,Psychiatry,9
PCOD symptoms mild to moderate,Gynecology,7
kidney pain,Nephrology,12
kidney pain,Nephrology,12
suicidal thoughts after eating,Psychiatry,9
blood in urine since 1 week,Nephrology,12
squinting since 2 days,Ophthalmology,10
snoring with fever,ENT,11
constipation worsening at night,Gastroenterology,4
tingling in hands worsening at night,Neurology,1
glaucoma symptoms with fever,Ophthalmology,10
floaters in vision,Ophthalmology,10
frequent urination in the morning,Endocrinology,6
sinusitis mild to moderate,ENT,11
health certificate since 1 week,General Medicine,13
insomnia,Psychiatry,9
hormonal imbalance with fever,Gynecology,7
depression since 2 days,Psychiatry,9
fracture since 2 days,Orthopedics,2
pregnancy symptoms with fever,Gynecology,7
insomnia chronic,Psychiatry,9
fainting since 2 days,Neurology,1
chest congestion sudden onset,Pulmonology,5
shortness of breath,Cardiology,0
hair thinning sudden onset,Endocrinology,6
floaters in vision,Ophthalmology,10
sore throat worsening at night,ENT,11
thyroid swelling mild to moderate,Endocrinology,6
blood in stool in the morning,Gastroenterology,4
delayed milestones chronic,Pediatrics,8
general checkup sudden onset,General Medicine,13
eczema flare since 1 week,Dermatology,3
neck stiffness in the morning,Orthopedics,2
excessive sweating in the morning,Endocrinology,6
child rash mild to moderate,Pediatrics,8
smoking related cough since 2 days,Pulmonology,5
OCD symptoms mild to moderate,Psychiatry,9
weakness worsening at night,General Medicine,13
dizziness in the morning,Neurology,1
fever with fever,General Medicine,13
coughing blood chronic,Pulmonology,5
childhood asthma,Pediatrics,8
wheezing,Pulmonology,5
tonsillitis after eating,ENT,11
dizziness in the morning,Neurology,1
malaria symptoms chronic,General Medicine,13
red eye mild to moderate,Ophthalmology,10
blood in urine worsening at night,Nephrology,12
floaters in vision since 1 week,Ophthalmology,10
newborn jaundice chronic,Pediatrics,8
dialysis related since 1 week,Nephrology,12
thyroid swelling since 2 days,Endocrinology,6
severe headache,Neurology,1
frequent chest infections,Pulmonology,5
TB symptoms sudden onset,Pulmonology,5
child rash after eating,Pediatrics,8
skin rash since 1 week,Dermatology,3
vertigo chronic,ENT,11
asthma attack in the morning,Pulmonology,5
delayed milestones in the morning,Pediatrics,8
blood in stool since 1 week,Gastroenterology,4
chest tightness at rest chronic,Cardiology,0
sudden weight gain since 1 week,Endocrinology,6
child vomiting since 1 week,Pediatrics,8
blood in stool since 2 days,Gastroenterology,4
stress since 2 days,Psychiatry,9
bone pain mild to moderate,Orthopedics,2
decreased urine output chronic,Nephrology,12
fatigue chronic,Endocrinology,6
itching worsening at night,Dermatology,3
hearing loss with fever,ENT,11
itching in the morning,Dermatology,3
child vomiting sudden onset,Pediatrics,8
confusion after eating,Neurology,1
bone pain after eating,Orthopedics,2
allergic skin reaction since 1 week,Dermatology,3
chest pressure since 2 days,Cardiology,0
body ache worsening at night,General Medicine,13
malaria symptoms mild to moderate,General Medicine,13
phobia since 2 days,Psychiatry,9
sinusitis in the morning,ENT,11
tonsillitis after eating,ENT,11
child ear pain in the morning,Pediatrics,8
malaria symptoms chronic,General Medicine,13
chest tightness at rest sudden onset,Cardiology,0
diarrhea after eating,Gastroenterology,4
dialysis related with fever,Nephrology,12
blood in urine chronic,Nephrology,12
kidney pain after eating,Nephrology,12
eczema flare mild to moderate,Dermatology,3
blood in stool sudden onset,Gastroenterology,4
frequent chest infections since 2 days,Pulmonology,5
foamy urine since 1 week,Nephrology,12
child ear pain sudden onset,Pediatrics,8
memory loss since 1 week,Neurology,1
body ache mild to moderate,General Medicine,13
vaginal discharge since 2 days,Gynecology,7
dizziness sudden onset,Neurology,1
bloating chronic,Gastroenterology,4
watery eyes after eating,Ophthalmology,10
shoulder stiffness after eating,Orthopedics,2
fatigue with fever,General Medicine,13
stomach pain with fever,Gastroenterology,4
psoriasis patches mild to moderate,Dermatology,3
hair loss since 1 week,Dermatology,3
body ache chronic,General Medicine,13
tonsillitis in the morning,ENT,11
vaginal discharge mild to moderate,Gynecology,7
cold and cough mild to moderate,General Medicine,13
vomiting chronic,Gastroenterology,4
runny nose chronic,ENT,11
neck stiffness,Orthopedics,2
chest pain since 1 week,Cardiology,0
shortness of breath since 1 week,Cardiology,0
swollen ankles mild to moderate,Cardiology,0
yellow eyes since 2 days,Gastroenterology,4
hormonal imbalance after eating,Gynecology,7
irregular heartbeat chronic,Cardiology,0
cataract since 2 days,Ophthalmology,10
confusion mild to moderate,Neurology,1
sore throat since 2 days,ENT,11
sudden weight gain sudden onset,Endocrinology,6
panic attacks in the morning,Psychiatry,9
breathlessness on exertion since 1 week,Cardiology,0
typhoid symptoms after eating,General Medicine,13
general checkup since 1 week,General Medicine,13
confusion since 2 days,Neurology,1
vaginal discharge worsening at night,Gynecology,7
shoulder stiffness after eating,Orthopedics,2
dizziness while climbing stairs chronic,Cardiology,0
hair loss worsening at night,Dermatology,3
back pain,Orthopedics,2
health certificate after eating,General Medicine,13
psoriasis patches with fever,Dermatology,3
anxiety since 2 days,Psychiatry,9
general checkup in the morning,General Medicine,13
weakness on one side with fever,Neurology,1
shoulder stiffness sudden onset,Orthopedics,2
wheezing,Pulmonology,5
kidney pain chronic,Nephrology,12
kidney pain since 1 week,Nephrology,12
diabetes symptoms chronic,Endocrinology,6
chest tightness at rest worsening at night,Cardiology,0
coughing blood worsening at night,Pulmonology,5
joint swelling chronic,Orthopedics,2
frequent UTI worsening at night,Nephrology,12
foot pain in morning mild to moderate,Orthopedics,2
stress,Psychiatry,9
bone pain since 1 week,Orthopedics,2
difficulty swallowing,Gastroenterology,4
nasal congestion,ENT,11
blood in urine since 2 days,Nephrology,12
allergic skin reaction since 2 days,Dermatology,3
chest pain,Cardiology,0
confusion since 1 week,Neurology,1
hair loss with fever,Dermatology,3
back pain since 2 days,Orthopedics,2
darkening of skin worsening at night,Dermatology,3
typhoid symptoms sudden onset,General Medicine,13
anxiety since 1 week,Psychiatry,9
nausea with fever,Gastroenterology,4
darkening of skin mild to moderate,Dermatology,3
swollen face in morning in the morning,Nephrology,12
hip pain while walking since 1 week,Orthopedics,2
sinusitis sudden onset,ENT,11
chest pain chronic,Cardiology,0
menopause symptoms with fever,Gynecology,7
blood in stool chronic,Gastroenterology,4
wheezing mild to moderate,Pulmonology,5
infant not feeding,Pediatrics,8
dialysis related worsening at night,Nephrology,12
fracture,Orthopedics,2
palpitations since 2 days,Cardiology,0
nausea mild to moderate,Gastroenterology,4
vaccination since 1 week,Pediatrics,8
swollen ankles worsening at night,Cardiology,0
blood in urine after eating,Nephrology,12
nausea since 1 week,Gastroenterology,4
glaucoma symptoms chronic,Ophthalmology,10
dizziness in the morning,Neurology,1
swollen face in morning after eating,Nephrology,12
diarrhea chronic,Gastroenterology,4
squinting in the morning,Ophthalmology,10
smoking related cough with fever,Pulmonology,5
vaccination sudden onset,Pediatrics,8
dialysis related chronic,Nephrology,12
weakness on one side sudden onset,Neurology,1
red eye chronic,Ophthalmology,10
blurry vision chronic,Ophthalmology,10
menopause symptoms sudden onset,Gynecology,7
dizziness while climbing stairs chronic,Cardiology,0
swollen ankles chronic,Cardiology,0
fever,General Medicine,13
back pain since 1 week,Orthopedics,2
mood swings mild to moderate,Psychiatry,9
floaters in vision since 1 week,Ophthalmology,10
numbness in face since 1 week,Neurology,1
vertigo,ENT,11
menstrual cramps worsening at night,Gynecology,7
pelvic pain worsening at night,Gynecology,7
fracture with fever,Orthopedics,2
back pain worsening at night,Orthopedics,2
increased thirst chronic,Endocrinology,6
panic attacks since 2 days,Psychiatry,9
nasal congestion since 2 days,ENT,11
vaginal discharge chronic,Gynecology,7
swollen ankles chronic,Cardiology,0
yellow eyes,Gastroenterology,4
palpitations after eating,Cardiology,0
nausea in the morning,Gastroenterology,4
tingling in hands mild to moderate,Neurology,1
red eye after eating,Ophthalmology,10
depression in the morning,Psychiatry,9
chest pain,Cardiology,0
nasal congestion worsening at night,ENT,11
infant not feeding,Pediatrics,8
delayed milestones mild to moderate,Pediatrics,8
glaucoma symptoms since 2 days,Ophthalmology,10
skin rash since 1 week,Dermatology,3
vaccination since 2 days,Pediatrics,8
sinusitis since 1 week,ENT,11
irregular periods,Gynecology,7
child vomiting in the morning,Pediatrics,8
slurred speech chronic,Neurology,1
swollen ankles with fever,Cardiology,0
fatigue chronic,Endocrinology,6
allergic skin reaction since 2 days,Dermatology,3
swollen face in morning worsening at night,Nephrology,12
eye pain with fever,Ophthalmology,10
smoking related cough since 2 days,Pulmonology,5
dizziness after eating,Neurology,1
excessive sweating mild to moderate,Endocrinology,6
swollen face in morning,Nephrology,12
heart racing after eating,Cardiology,0
dengue symptoms in the morning,General Medicine,13
thyroid swelling sudden onset,Endocrinology,6
bone pain since 2 days,Orthopedics,2
blurry vision after eating,Ophthalmology,10
TB symptoms since 2 days,Pulmonology,5
irregular periods since 1 week,Gynecology,7
swollen face in morning since 1 week,Nephrology,12
breathlessness on exertion mild to moderate,Cardiology,0
neck stiffness in the morning,Orthopedics,2
delayed milestones sudden onset,Pediatrics,8
vaginal discharge worsening at night,Gynecology,7
vision blurring suddenly sudden onset,Neurology,1
foamy urine mild to moderate,Nephrology,12
squinting with fever,Ophthalmology,10
OCD symptoms chronic,Psychiatry,9
swollen face in morning since 1 week,Nephrology,12
tingling in hands sudden onset,Neurology,1
snoring after eating,ENT,11
decreased urine output in the morning,Nephrology,12
skin rash in the morning,Dermatology,3
runny nose sudden onset,ENT,11
tingling in hands sudden onset,Neurology,1
thyroid swelling mild to moderate,Endocrinology,6
foot pain in morning since 1 week,Orthopedics,2
nasal congestion worsening at night,ENT,11
sudden weight gain with fever,Endocrinology,6
dizziness while climbing stairs chronic,Cardiology,0
squinting since 2 days,Ophthalmology,10
hip pain while walking worsening at night,Orthopedics,2
pregnancy symptoms,Gynecology,7
foamy urine chronic,Nephrology,12
vaccination after eating,Pediatrics,8
blood in urine since 2 days,Nephrology,12
sudden weight gain in the morning,Endocrinology,6
coughing blood sudden onset,Pulmonology,5
child ear pain sudden onset,Pediatrics,8
palpitations since 2 days,Cardiology,0
acid reflux after eating,Gastroenterology,4
anxiety worsening at night,Psychiatry,9
fracture sudden onset,Orthopedics,2
foamy urine with fever,Nephrology,12
suicidal thoughts mild to moderate,Psychiatry,9
tingling in hands since 2 days,Neurology,1
phobia with fever,Psychiatry,9
smoking related cough with fever,Pulmonology,5
weakness sudden onset,General Medicine,13
chest pain since 1 week,Cardiology,0
tonsillitis with fever,ENT,11
childhood asthma sudden onset,Pediatrics,8
coughing blood since 1 week,Pulmonology,5
TB symptoms with fever,Pulmonology,5
shortness of breath since 2 days,Cardiology,0
bloating in the morning,Gastroenterology,4
TB symptoms worsening at night,Pulmonology,5
joint swelling,Orthopedics,2
fatigue after eating,Endocrinology,6
eye pain since 2 days,Ophthalmology,10
swollen wrist with fever,Orthopedics,2
back pain since 1 week,Orthopedics,2
dizziness worsening at night,Neurology,1
cough for 3 weeks chronic,Pulmonology,5
pelvic pain with fever,Gynecology,7
hearing loss with fever,ENT,11
palpitations in the morning,Cardiology,0
excessive sweating in the morning,Endocrinology,6
chest congestion after eating,Pulmonology,5
coughing blood since 1 week,Pulmonology,5
fracture since 1 week,Orthopedics,2
watery eyes,Ophthalmology,10
red eye since 1 week,Ophthalmology,10
yellow eyes in the morning,Gastroenterology,4
pelvic pain sudden onset,Gynecology,7
swollen ankles worsening at night,Cardiology,0
joint swelling since 2 days,Orthopedics,2
swollen wrist,Orthopedics,2
frequent chest infections,Pulmonology,5
dialysis related chronic,Nephrology,12
malaria symptoms in the morning,General Medicine,13
irregular heartbeat with fever,Cardiology,0
fatigue,General Medicine,13
eye pain after eating,Ophthalmology,10
confusion mild to moderate,Neurology,1
diarrhea chronic,Gastroenterology,4
chest congestion after eating,Pulmonology,5
wheezing mild to moderate,Pulmonology,5
bone pain,Orthopedics,2
dizziness while climbing stairs chronic,Cardiology,0
PCOD symptoms after eating,Gynecology,7
shortness of breath in the morning,Cardiology,0
dizziness while climbing stairs in the morning,Cardiology,0
hair loss,Dermatology,3
fracture chronic,Orthopedics,2
fainting since 1 week,Neurology,1
confusion mild to moderate,Neurology,1
decreased urine output worsening at night,Nephrology,12
severe headache since 2 days,Neurology,1
weakness since 2 days,General Medicine,13
childhood asthma sudden onset,Pediatrics,8
irregular periods with fever,Gynecology,7
suicidal thoughts mild to moderate,Psychiatry,9
cataract worsening at night,Ophthalmology,10
tonsillitis after eating,ENT,11
acid reflux mild to moderate,Gastroenterology,4
breast lump since 2 days,Gynecology,7
insomnia,Psychiatry,9
kidney pain worsening at night,Nephrology,12
yellow eyes since 2 days,Gastroenterology,4
snoring since 1 week,ENT,11
breast lump mild to moderate,Gynecology,7
acne with fever,Dermatology,3
ear pain sudden onset,ENT,11
numbness in face sudden onset,Neurology,1
memory loss,Neurology,1
bone pain since 1 week,Orthopedics,2
malaria symptoms sudden onset,General Medicine,13
floaters in vision after eating,Ophthalmology,10
chest tightness at rest sudden onset,Cardiology,0
hair loss since 1 week,Dermatology,3
suicidal thoughts in the morning,Psychiatry,9
tingling in hands with fever,Neurology,1
red eye in the morning,Ophthalmology,10
back pain chronic,Orthopedics,2
floaters in vision,Ophthalmology,10
shoulder stiffness since 1 week,Orthopedics,2
insulin resistance mild to moderate,Endocrinology,6
increased thirst since 1 week,Endocrinology,6
chest tightness at rest with fever,Cardiology,0
frequent UTI sudden onset,Nephrology,12
yellow eyes mild to moderate,Gastroenterology,4
mood swings in the morning,Psychiatry,9
asthma attack sudden onset,Pulmonology,5
fever with fever,General Medicine,13
shortness of breath sudden onset,Cardiology,0
nausea chronic,Gastroenterology,4
body ache sudden onset,General Medicine,13
weakness mild to moderate,General Medicine,13
menstrual cramps since 2 days,Gynecology,7
smoking related cough after eating,Pulmonology,5
swollen face in morning,Nephrology,12
hormonal imbalance,Gynecology,7
menstrual cramps with fever,Gynecology,7
darkening of skin mild to moderate,Dermatology,3
boil on skin since 1 week,Dermatology,3
blood in urine,Nephrology,12
irregular periods with fever,Gynecology,7
pregnancy symptoms since 1 week,Gynecology,7
typhoid symptoms chronic,General Medicine,13
shoulder stiffness with fever,Orthopedics,2
child fever with fever,Pediatrics,8
suicidal thoughts since 1 week,Psychiatry,9
infant not feeding chronic,Pediatrics,8
vomiting chronic,Gastroenterology,4
PCOD symptoms chronic,Gynecology,7
wheezing in the morning,Pulmonology,5
watery eyes since 2 days,Ophthalmology,10
sinusitis,ENT,11
depression with fever,Psychiatry,9
frequent chest infections chronic,Pulmonology,5
vision blurring suddenly sudden onset,Neurology,1
foot pain in morning in the morning,Orthopedics,2
fatigue in the morning,Endocrinology,6
childhood asthma since 1 week,Pediatrics,8
chest pain mild to moderate,Cardiology,0
vision blurring suddenly worsening at night,Neurology,1
dizziness since 2 days,Neurology,1
anxiety since 1 week,Psychiatry,9
smoking related cough after eating,Pulmonology,5
diarrhea,Gastroenterology,4
irregular periods mild to moderate,Gynecology,7
pelvic pain,Gynecology,7
frequent UTI sudden onset,Nephrology,12
infant not feeding in the morning,Pediatrics,8
child rash since 1 week,Pediatrics,8
sinusitis mild to moderate,ENT,11
confusion mild to moderate,Neurology,1
hearing loss worsening at night,ENT,11
vaginal discharge chronic,Gynecology,7
bone pain since 2 days,Orthopedics,2
back pain in the morning,Orthopedics,2
darkening of skin after eating,Dermatology,3
weakness on one side mild to moderate,Neurology,1
eczema flare worsening at night,Dermatology,3
chest pain chronic,Cardiology,0
asthma attack after eating,Pulmonology,5
confusion chronic,Neurology,1
frequent urination,Endocrinology,6
phobia mild to moderate,Psychiatry,9
suicidal thoughts chronic,Psychiatry,9
TB symptoms sudden onset,Pulmonology,5
malaria symptoms mild to moderate,General Medicine,13
diabetes symptoms in the morning,Endocrinology,6
delayed milestones since 1 week,Pediatrics,8
vomiting mild to moderate,Gastroenterology,4
squinting in the morning,Ophthalmology,10
decreased urine output mild to moderate,Nephrology,12
joint swelling after eating,Orthopedics,2
weakness with fever,General Medicine,13
dengue symptoms since 2 days,General Medicine,13
severe headache worsening at night,Neurology,1
anxiety worsening at night,Psychiatry,9
schizophrenia symptoms in the morning,Psychiatry,9
general checkup sudden onset,General Medicine,13
body ache with fever,General Medicine,13
menstrual cramps mild to moderate,Gynecology,7
shortness of breath chronic,Cardiology,0
body ache in the morning,General Medicine,13
vision blurring suddenly since 2 days,Neurology,1
frequent urination chronic,Endocrinology,6
child fever,Pediatrics,8
mood swings with fever,Psychiatry,9
floaters in vision since 2 days,Ophthalmology,10
sinusitis mild to moderate,ENT,11
menstrual cramps mild to moderate,Gynecology,7
kidney pain in the morning,Nephrology,12
sinusitis sudden onset,ENT,11
squinting since 2 days,Ophthalmology,10
weakness on one side sudden onset,Neurology,1
confusion since 2 days,Neurology,1
infant not feeding with fever,Pediatrics,8
sudden weight gain since 2 days,Endocrinology,6
nausea mild to moderate,Gastroenterology,4
body ache chronic,General Medicine,13
cold and cough mild to moderate,General Medicine,13
typhoid symptoms in the morning,General Medicine,13
nail discoloration since 1 week,Dermatology,3
kidney pain since 2 days,Nephrology,12
chest pressure since 2 days,Cardiology,0
loss of appetite worsening at night,General Medicine,13
dizziness in the morning,Neurology,1
typhoid symptoms since 2 days,General Medicine,13
fainting after eating,Neurology,1
OCD symptoms after eating,Psychiatry,9
vision blurring suddenly,Neurology,1
itching since 1 week,Dermatology,3
fracture chronic,Orthopedics,2
squinting after eating,Ophthalmology,10
frequent urination since 1 week,Endocrinology,6
sudden weight gain,Endocrinology,6
smoking related cough worsening at night,Pulmonology,5
hormonal imbalance since 2 days,Gynecology,7
fatigue after eating,Endocrinology,6
shortness of breath sudden onset,Cardiology,0
fainting after eating,Neurology,1
kidney pain with fever,Nephrology,12
acid reflux since 2 days,Gastroenterology,4
itching since 1 week,Dermatology,3
floaters in vision chronic,Ophthalmology,10
newborn jaundice sudden onset,Pediatrics,8
fever with fever,General Medicine,13
ear pain in the morning,ENT,11
blood in urine,Nephrology,12
kidney pain mild to moderate,Nephrology,12
red eye sudden onset,Ophthalmology,10
fatigue since 2 days,General Medicine,13
child ear pain sudden onset,Pediatrics,8
psoriasis patches with fever,Dermatology,3
hip pain while walking with fever,Orthopedics,2
difficulty swallowing with fever,Gastroenterology,4
dizziness worsening at night,Neurology,1
menopause symptoms since 2 days,Gynecology,7
malaria symptoms since 1 week,General Medicine,13
nail discoloration since 1 week,Dermatology,3
watery eyes in the morning,Ophthalmology,10
menopause symptoms since 1 week,Gynecology,7
eye pain chronic,Ophthalmology,10
squinting in the morning,Ophthalmology,10
dialysis related chronic,Nephrology,12
kidney pain with fever,Nephrology,12
swollen face in morning,Nephrology,12
kidney pain since 1 week,Nephrology,12
depression in the morning,Psychiatry,9
red eye,Ophthalmology,10
irregular heartbeat sudden onset,Cardiology,0
skin rash,Dermatology,3
stress worsening at night,Psychiatry,9
red eye since 1 week,Ophthalmology,10
child rash,Pediatrics,8
swollen face in morning sudden onset,Nephrology,12
tingling in hands mild to moderate,Neurology,1
swollen face in morning,Nephrology,12
TB symptoms in the morning,Pulmonology,5
acne chronic,Dermatology,3
diabetes symptoms sudden onset,Endocrinology,6
runny nose in the morning,ENT,11
insomnia worsening at night,Psychiatry,9
child fever worsening at night,Pediatrics,8
stress in the morning,Psychiatry,9
tonsillitis since 1 week,ENT,11
smoking related cough,Pulmonology,5
shortness of breath mild to moderate,Cardiology,0
cold intolerance worsening at night,Endocrinology,6
panic attacks since 1 week,Psychiatry,9
bloating sudden onset,Gastroenterology,4
vertigo in the morning,ENT,11
foamy urine with fever,Nephrology,12
constipation in the morning,Gastroenterology,4
foamy urine,Nephrology,12
back pain since 1 week,Orthopedics,2
typhoid symptoms since 1 week,General Medicine,13
panic attacks worsening at night,Psychiatry,9
thyroid swelling in the morning,Endocrinology,6
diabetes symptoms chronic,Endocrinology,6
boil on skin mild to moderate,Dermatology,3
menopause symptoms,Gynecology,7
smoking related cough sudden onset,Pulmonology,5
yellow eyes mild to moderate,Gastroenterology,4
phobia mild to moderate,Psychiatry,9
dizziness while climbing stairs,Cardiology,0
irregular periods,Gynecology,7
hip pain while walking sudden onset,Orthopedics,2
yellow eyes in the morning,Gastroenterology,4
insomnia in the morning,Psychiatry,9
insomnia since 1 week,Psychiatry,9
sore throat sudden onset,ENT,11
thyroid swelling in the morning,Endocrinology,6
phobia chronic,Psychiatry,9
eye pain since 2 days,Ophthalmology,10
child vomiting,Pediatrics,8
blood in stool chronic,Gastroenterology,4
child ear pain chronic,Pediatrics,8
wheezing worsening at night,Pulmonology,5
acid reflux chronic,Gastroenterology,4
floaters in vision,Ophthalmology,10
blood in stool in the morning,Gastroenterology,4
acid reflux since 1 week,Gastroenterology,4
fracture worsening at night,Orthopedics,2
weakness with fever,General Medicine,13
back pain chronic,Orthopedics,2
vomiting chronic,Gastroenterology,4
anxiety mild to moderate,Psychiatry,9
vaginal discharge,Gynecology,7
eczema flare after eating,Dermatology,3
newborn jaundice,Pediatrics,8
runny nose worsening at night,ENT,11
child fever,Pediatrics,8
hip pain while walking since 1 week,Orthopedics,2
back pain sudden onset,Orthopedics,2
weakness on one side chronic,Neurology,1
runny nose,ENT,11
darkening of skin in the morning,Dermatology,3
cold and cough in the morning,General Medicine,13
newborn jaundice after eating,Pediatrics,8
smoking related cough after eating,Pulmonology,5
TB symptoms in the morning,Pulmonology,5
vertigo mild to moderate,ENT,11
TB symptoms since 2 days,Pulmonology,5
vaccination sudden onset,Pediatrics,8
bone pain since 1 week,Orthopedics,2
heart racing,Cardiology,0
dialysis related chronic,Nephrology,12
hair loss worsening at night,Dermatology,3
child ear pain chronic,Pediatrics,8
swollen face in morning with fever,Nephrology,12
breathlessness on exertion,Cardiology,0
typhoid symptoms since 1 week,General Medicine,13
shortness of breath sudden onset,Cardiology,0
hormonal imbalance worsening at night,Gynecology,7
memory loss since 1 week,Neurology,1
knee pain since 2 days,Orthopedics,2
pregnancy symptoms with fever,Gynecology,7
weakness on one side with fever,Neurology,1
stomach pain sudden onset,Gastroenterology,4
runny nose since 1 week,ENT,11
allergic skin reaction chronic,Dermatology,3
memory loss in the morning,Neurology,1
foot pain in morning since 1 week,Orthopedics,2
fever,General Medicine,13
depression since 1 week,Psychiatry,9
knee pain,Orthopedics,2
frequent chest infections chronic,Pulmonology,5
bloating worsening at night,Gastroenterology,4
swollen face in morning since 2 days,Nephrology,12
breast lump chronic,Gynecology,7
newborn jaundice since 1 week,Pediatrics,8
breathlessness on exertion chronic,Cardiology,0
boil on skin sudden onset,Dermatology,3
breathlessness on exertion with fever,Cardiology,0
chest pain chronic,Cardiology,0
decreased urine output since 2 days,Nephrology,12
severe headache in the morning,Neurology,1
difficulty swallowing in the morning,Gastroenterology,4
childhood asthma after eating,Pediatrics,8
mood swings in the morning,Psychiatry,9
numbness in face chronic,Neurology,1
smoking related cough sudden onset,Pulmonology,5
stress with fever,Psychiatry,9
menopause symptoms since 1 week,Gynecology,7
frequent chest infections after eating,Pulmonology,5
heart racing since 2 days,Cardiology,0
frequent chest infections after eating,Pulmonology,5
vertigo sudden onset,ENT,11
kidney pain since 2 days,Nephrology,12
glaucoma symptoms mild to moderate,Ophthalmology,10
fracture with fever,Orthopedics,2
cough for 3 weeks sudden onset,Pulmonology,5
menstrual cramps worsening at night,Gynecology,7
weakness since 2 days,General Medicine,13
hair loss sudden onset,Dermatology,3
tonsillitis since 1 week,ENT,11
asthma attack with fever,Pulmonology,5
nausea since 1 week,Gastroenterology,4
chest tightness at rest mild to moderate,Cardiology,0
severe headache mild to moderate,Neurology,1
coughing blood sudden onset,Pulmonology,5
stomach pain since 1 week,Gastroenterology,4
neck stiffness since 1 week,Orthopedics,2
cold and cough mild to moderate,General Medicine,13
foot pain in morning worsening at night,Orthopedics,2
stress since 2 days,Psychiatry,9
excessive sweating in the morning,Endocrinology,6
slurred speech in the morning,Neurology,1
chest pressure with fever,Cardiology,0
fainting chronic,Neurology,1
acne sudden onset,Dermatology,3
hair thinning with fever,Endocrinology,6
cough for 3 weeks with fever,Pulmonology,5
itching sudden onset,Dermatology,3
wheezing worsening at night,Pulmonology,5
depression since 1 week,Psychiatry,9
child fever after eating,Pediatrics,8
kidney pain chronic,Nephrology,12
schizophrenia symptoms after eating,Psychiatry,9
shortness of breath chronic,Cardiology,0
pregnancy symptoms since 2 days,Gynecology,7
delayed milestones since 1 week,Pediatrics,8
mood swings sudden onset,Psychiatry,9
childhood asthma in the morning,Pediatrics,8
allergic skin reaction after eating,Dermatology,3
infant not feeding since 2 days,Pediatrics,8
phobia worsening at night,Psychiatry,9
back pain after eating,Orthopedics,2
back pain,Orthopedics,2
chest tightness at rest after eating,Cardiology,0
seizures after eating,Neurology,1
blood in urine chronic,Nephrology,12
confusion,Neurology,1
neck stiffness chronic,Orthopedics,2
bone pain with fever,Orthopedics,2
PCOD symptoms chronic,Gynecology,7
acne after eating,Dermatology,3
tonsillitis chronic,ENT,11
stress mild to moderate,Psychiatry,9
weakness on one side,Neurology,1
newborn jaundice sudden onset,Pediatrics,8
childhood asthma sudden onset,Pediatrics,8
coughing blood since 1 week,Pulmonology,5
hormonal imbalance worsening at night,Gynecology,7
pelvic pain worsening at night,Gynecology,7
hair thinning sudden onset,Endocrinology,6
panic attacks in the morning,Psychiatry,9
weakness since 2 days,General Medicine,13
squinting mild to moderate,Ophthalmology,10
acid reflux,Gastroenterology,4
weakness on one side,Neurology,1
loss of appetite since 1 week,General Medicine,13
breathlessness at night in the morning,Pulmonology,5
cough for 3 weeks chronic,Pulmonology,5
vaccination chronic,Pediatrics,8
fatigue in the morning,Endocrinology,6
nausea with fever,Gastroenterology,4
vomiting since 2 days,Gastroenterology,4
hair thinning with fever,Endocrinology,6
blood in stool with fever,Gastroenterology,4
fatigue,General Medicine,13
hearing loss with fever,ENT,11
typhoid symptoms chronic,General Medicine,13
liver pain mild to moderate,Gastroenterology,4
foot pain in morning after eating,Orthopedics,2
shortness of breath,Cardiology,0
eczema flare since 2 days,Dermatology,3
childhood asthma worsening at night,Pediatrics,8
chest congestion with fever,Pulmonology,5
body ache chronic,General Medicine,13
insomnia in the morning,Psychiatry,9
blood in urine mild to moderate,Nephrology,12
vaginal discharge with fever,Gynecology,7
smoking related cough after eating,Pulmonology,5
cold intolerance,Endocrinology,6
depression since 1 week,Psychiatry,9
cough for 3 weeks with fever,Pulmonology,5
glaucoma symptoms mild to moderate,Ophthalmology,10
irregular heartbeat since 1 week,Cardiology,0
acid reflux since 2 days,Gastroenterology,4
runny nose worsening at night,ENT,11
palpitations in the morning,Cardiology,0
allergic skin reaction mild to moderate,Dermatology,3
frequent urination worsening at night,Endocrinology,6
ear pain chronic,ENT,11
pelvic pain chronic,Gynecology,7
fatigue since 2 days,Endocrinology,6
breathlessness at night since 2 days,Pulmonology,5
fatigue since 2 days,Endocrinology,6
chest congestion since 2 days,Pulmonology,5
childhood asthma since 1 week,Pediatrics,8
kidney pain with fever,Nephrology,12
nasal congestion mild to moderate,ENT,11
cold and cough worsening at night,General Medicine,13
squinting with fever,Ophthalmology,10
vomiting worsening at night,Gastroenterology,4
swollen ankles in the morning,Cardiology,0
floaters in vision,Ophthalmology,10
skin rash since 1 week,Dermatology,3
general checkup worsening at night,General Medicine,13
snoring,ENT,11
allergic skin reaction sudden onset,Dermatology,3
cold intolerance mild to moderate,Endocrinology,6
breathlessness on exertion,Cardiology,0
vomiting after eating,Gastroenterology,4
decreased urine output sudden onset,Nephrology,12
floaters in vision since 2 days,Ophthalmology,10
liver pain,Gastroenterology,4
coughing blood chronic,Pulmonology,5
ear pain,ENT,11
schizophrenia symptoms worsening at night,Psychiatry,9
constipation mild to moderate,Gastroenterology,4
frequent urination with fever,Endocrinology,6
palpitations worsening at night,Cardiology,0
malaria symptoms after eating,General Medicine,13
smoking related cough after eating,Pulmonology,5
memory loss after eating,Neurology,1
numbness in face,Neurology,1
red eye worsening at night,Ophthalmology,10
irregular heartbeat chronic,Cardiology,0
breast lump since 1 week,Gynecology,7
nail discoloration after eating,Dermatology,3
runny nose with fever,ENT,11
fatigue sudden onset,Endocrinology,6
nausea,Gastroenterology,4
vertigo sudden onset,ENT,11
eye pain,Ophthalmology,10
PCOD symptoms since 1 week,Gynecology,7
cold and cough sudden onset,General Medicine,13
watery eyes,Ophthalmology,10
watery eyes with fever,Ophthalmology,10
schizophrenia symptoms in the morning,Psychiatry,9
swollen ankles after eating,Cardiology,0
typhoid symptoms after eating,General Medicine,13
ear pain chronic,ENT,11
boil on skin sudden onset,Dermatology,3
frequent UTI since 1 week,Nephrology,12
vertigo since 2 days,ENT,11
dizziness since 1 week,Neurology,1
anxiety worsening at night,Psychiatry,9
irregular heartbeat worsening at night,Cardiology,0
seizures worsening at night,Neurology,1
blood in urine worsening at night,Nephrology,12
cough for 3 weeks since 2 days,Pulmonology,5
decreased urine output chronic,Nephrology,12
slurred speech worsening at night,Neurology,1
weakness mild to moderate,General Medicine,13
hair loss,Dermatology,3
phobia after eating,Psychiatry,9
snoring since 1 week,ENT,11
childhood asthma,Pediatrics,8
newborn jaundice in the morning,Pediatrics,8
eye pain after eating,Ophthalmology,10
sudden weight gain,Endocrinology,6
glaucoma symptoms worsening at night,Ophthalmology,10
palpitations with fever,Cardiology,0
suicidal thoughts since 1 week,Psychiatry,9
diabetes symptoms worsening at night,Endocrinology,6
frequent UTI mild to moderate,Nephrology,12
frequent UTI sudden onset,Nephrology,12
weakness on one side chronic,Neurology,1
yellow eyes sudden onset,Gastroenterology,4
tonsillitis chronic,ENT,11
hair loss chronic,Dermatology,3
boil on skin worsening at night,Dermatology,3
phobia since 1 week,Psychiatry,9
hip pain while walking mild to moderate,Orthopedics,2
floaters in vision since 1 week,Ophthalmology,10
weakness,General Medicine,13
vaccination worsening at night,Pediatrics,8
darkening of skin in the morning,Dermatology,3
panic attacks worsening at night,Psychiatry,9
TB symptoms with fever,Pulmonology,5
watery eyes,Ophthalmology,10
hair loss since 2 days,Dermatology,3
menstrual cramps after eating,Gynecology,7
pregnancy symptoms chronic,Gynecology,7
swollen ankles after eating,Cardiology,0
child fever in the morning,Pediatrics,8
nausea chronic,Gastroenterology,4
fever in the morning,General Medicine,13
ear pain after eating,ENT,11
severe headache with fever,Neurology,1
nasal congestion,ENT,11
knee pain sudden onset,Orthopedics,2
nail discoloration since 2 days,Dermatology,3
menopause symptoms sudden onset,Gynecology,7
acne chronic,Dermatology,3
blood in stool with fever,Gastroenterology,4
increased thirst after eating,Endocrinology,6
typhoid symptoms in the morning,General Medicine,13
fatigue since 1 week,General Medicine,13
chest congestion mild to moderate,Pulmonology,5
eczema flare since 2 days,Dermatology,3
sore throat,ENT,11
tingling in hands worsening at night,Neurology,1
darkening of skin after eating,Dermatology,3
vaginal discharge since 2 days,Gynecology,7
cataract since 1 week,Ophthalmology,10
hearing loss chronic,ENT,11
insulin resistance sudden onset,Endocrinology,6
diarrhea after eating,Gastroenterology,4
child ear pain,Pediatrics,8
cough for 3 weeks after eating,Pulmonology,5
bone pain worsening at night,Orthopedics,2
child rash since 2 days,Pediatrics,8
shoulder stiffness after eating,Orthopedics,2
glaucoma symptoms mild to moderate,Ophthalmology,10
palpitations in the morning,Cardiology,0
pregnancy symptoms mild to moderate,Gynecology,7
slurred speech since 2 days,Neurology,1
heart racing,Cardiology,0
boil on skin mild to moderate,Dermatology,3
chest tightness at rest after eating,Cardiology,0
frequent chest infections worsening at night,Pulmonology,5
phobia,Psychiatry,9
runny nose with fever,ENT,11
nasal congestion worsening at night,ENT,11
frequent chest infections mild to moderate,Pulmonology,5
frequent UTI sudden onset,Nephrology,12
hormonal imbalance chronic,Gynecology,7
OCD symptoms in the morning,Psychiatry,9
breathlessness at night since 1 week,Pulmonology,5
shortness of breath with fever,Cardiology,0
diarrhea sudden onset,Gastroenterology,4
child rash with fever,Pediatrics,8
memory loss since 1 week,Neurology,1
general checkup sudden onset,General Medicine,13
excessive sweating after eating,Endocrinology,6
skin rash since 2 days,Dermatology,3
phobia,Psychiatry,9
shoulder stiffness mild to moderate,Orthopedics,2
breast lump mild to moderate,Gynecology,7
stress chronic,Psychiatry,9
bloating,Gastroenterology,4
cold intolerance sudden onset,Endocrinology,6
hip pain while walking chronic,Orthopedics,2
panic attacks in the morning,Psychiatry,9
dialysis related since 2 days,Nephrology,12
seizures since 1 week,Neurology,1
decreased urine output worsening at night,Nephrology,12
PCOD symptoms sudden onset,Gynecology,7
weakness on one side since 1 week,Neurology,1
panic attacks with fever,Psychiatry,9
vomiting with fever,Gastroenterology,4
skin rash after eating,Dermatology,3
newborn jaundice chronic,Pediatrics,8
darkening of skin with fever,Dermatology,3
acne in the morning,Dermatology,3
chest tightness at rest mild to moderate,Cardiology,0
dialysis related after eating,Nephrology,12
dengue symptoms after eating,General Medicine,13
dizziness while climbing stairs mild to moderate,Cardiology,0
confusion,Neurology,1
fatigue sudden onset,Endocrinology,6
smoking related cough with fever,Pulmonology,5
chest tightness at rest mild to moderate,Cardiology,0
coughing blood sudden onset,Pulmonology,5
weakness on one side chronic,Neurology,1
menstrual cramps mild to moderate,Gynecology,7
hormonal imbalance mild to moderate,Gynecology,7
blood in urine worsening at night,Nephrology,12
frequent UTI sudden onset,Nephrology,12
vaccination since 2 days,Pediatrics,8
stomach pain since 2 days,Gastroenterology,4
nausea sudden onset,Gastroenterology,4
numbness in face since 2 days,Neurology,1
nausea sudden onset,Gastroenterology,4
menstrual cramps sudden onset,Gynecology,7
red eye sudden onset,Ophthalmology,10
severe headache mild to moderate,Neurology,1
runny nose,ENT,11
pelvic pain since 2 days,Gynecology,7
foamy urine mild to moderate,Nephrology,12
bone pain worsening at night,Orthopedics,2
squinting mild to moderate,Ophthalmology,10
swollen face in morning with fever,Nephrology,12
vaginal discharge after eating,Gynecology,7
difficulty swallowing,Gastroenterology,4
menopause symptoms since 1 week,Gynecology,7
frequent urination chronic,Endocrinology,6
stress worsening at night,Psychiatry,9
hormonal imbalance sudden onset,Gynecology,7
neck stiffness after eating,Orthopedics,2
asthma attack sudden onset,Pulmonology,5
panic attacks mild to moderate,Psychiatry,9
sore throat chronic,ENT,11
dengue symptoms mild to moderate,General Medicine,13
frequent urination mild to moderate,Endocrinology,6
hormonal imbalance chronic,Gynecology,7
child vomiting worsening at night,Pediatrics,8
insulin resistance worsening at night,Endocrinology,6
insulin resistance in the morning,Endocrinology,6
darkening of skin chronic,Dermatology,3
menopause symptoms since 2 days,Gynecology,7
pelvic pain chronic,Gynecology,7
tingling in hands since 1 week,Neurology,1
frequent UTI since 1 week,Nephrology,12
excessive sweating sudden onset,Endocrinology,6
frequent urination with fever,Endocrinology,6
difficulty swallowing with fever,Gastroenterology,4
foamy urine mild to moderate,Nephrology,12
irregular periods sudden onset,Gynecology,7
hormonal imbalance sudden onset,Gynecology,7
neck stiffness chronic,Orthopedics,2
mood swings chronic,Psychiatry,9
knee pain sudden onset,Orthopedics,2
cough for 3 weeks since 2 days,Pulmonology,5
child rash sudden onset,Pediatrics,8
anxiety worsening at night,Psychiatry,9
numbness in face chronic,Neurology,1
eczema flare since 2 days,Dermatology,3
nausea in the morning,Gastroenterology,4
kidney pain worsening at night,Nephrology,12
memory loss sudden onset,Neurology,1
breathlessness at night in the morning,Pulmonology,5
child rash in the morning,Pediatrics,8
schizophrenia symptoms,Psychiatry,9
itching worsening at night,Dermatology,3
sudden weight gain mild to moderate,Endocrinology,6
fever since 2 days,General Medicine,13
panic attacks worsening at night,Psychiatry,9
pelvic pain after eating,Gynecology,7
swollen ankles with fever,Cardiology,0
floaters in vision in the morning,Ophthalmology,10
sore throat with fever,ENT,11
child vomiting in the morning,Pediatrics,8
child vomiting in the morning,Pediatrics,8
asthma attack since 1 week,Pulmonology,5
bloating sudden onset,Gastroenterology,4
heart racing since 1 week,Cardiology,0
childhood asthma in the morning,Pediatrics,8
severe headache sudden onset,Neurology,1
floaters in vision after eating,Ophthalmology,10
typhoid symptoms after eating,General Medicine,13
constipation sudden onset,Gastroenterology,4
dengue symptoms chronic,General Medicine,13
chest congestion mild to moderate,Pulmonology,5
fracture after eating,Orthopedics,2
fever,General Medicine,13
skin rash chronic,Dermatology,3
phobia mild to moderate,Psychiatry,9
acid reflux mild to moderate,Gastroenterology,4
sudden weight gain with fever,Endocrinology,6
swollen face in morning with fever,Nephrology,12
decreased urine output since 1 week,Nephrology,12
newborn jaundice since 2 days,Pediatrics,8
weakness with fever,General Medicine,13
decreased urine output worsening at night,Nephrology,12
nail discoloration chronic,Dermatology,3
TB symptoms,Pulmonology,5
suicidal thoughts in the morning,Psychiatry,9
irregular heartbeat worsening at night,Cardiology,0
liver pain,Gastroenterology,4
fever mild to moderate,General Medicine,13
swollen face in morning mild to moderate,Nephrology,12
foot pain in morning after eating,Orthopedics,2
asthma attack mild to moderate,Pulmonology,5
cold and cough after eating,General Medicine,13
diabetes symptoms with fever,Endocrinology,6
excessive sweating since 1 week,Endocrinology,6
weakness worsening at night,General Medicine,13
watery eyes in the morning,Ophthalmology,10
delayed milestones since 2 days,Pediatrics,8
yellow eyes worsening at night,Gastroenterology,4
skin rash since 1 week,Dermatology,3
nail discoloration sudden onset,Dermatology,3
acid reflux sudden onset,Gastroenterology,4
asthma attack since 2 days,Pulmonology,5
liver pain sudden onset,Gastroenterology,4
frequent UTI,Nephrology,12
bone pain worsening at night,Orthopedics,2
yellow eyes since 1 week,Gastroenterology,4
dialysis related sudden onset,Nephrology,12
bone pain chronic,Orthopedics,2
snoring,ENT,11
vaccination in the morning,Pediatrics,8
suicidal thoughts since 2 days,Psychiatry,9
decreased urine output after eating,Nephrology,12
knee pain mild to moderate,Orthopedics,2
runny nose mild to moderate,ENT,11
runny nose since 1 week,ENT,11
panic attacks since 2 days,Psychiatry,9
difficulty swallowing sudden onset,Gastroenterology,4
severe headache mild to moderate,Neurology,1
suicidal thoughts worsening at night,Psychiatry,9
confusion mild to moderate,Neurology,1
schizophrenia symptoms chronic,Psychiatry,9
decreased urine output sudden onset,Nephrology,12
irregular periods chronic,Gynecology,7
kidney pain with fever,Nephrology,12
fainting in the morning,Neurology,1
child vomiting with fever,Pediatrics,8
swollen wrist worsening at night,Orthopedics,2
vaccination since 1 week,Pediatrics,8
bloating with fever,Gastroenterology,4
runny nose since 1 week,ENT,11
palpitations sudden onset,Cardiology,0
tonsillitis after eating,ENT,11
red eye in the morning,Ophthalmology,10
cold and cough chronic,General Medicine,13
boil on skin since 2 days,Dermatology,3
tingling in hands,Neurology,1
chest congestion in the morning,Pulmonology,5
glaucoma symptoms with fever,Ophthalmology,10
chest tightness at rest since 2 days,Cardiology,0
swollen face in morning in the morning,Nephrology,12
floaters in vision since 1 week,Ophthalmology,10
sore throat chronic,ENT,11
neck stiffness since 1 week,Orthopedics,2
heart racing after eating,Cardiology,0
glaucoma symptoms worsening at night,Ophthalmology,10
itching since 2 days,Dermatology,3
squinting sudden onset,Ophthalmology,10
child ear pain,Pediatrics,8
chest pressure since 2 days,Cardiology,0
child vomiting in the morning,Pediatrics,8
sudden weight gain since 1 week,Endocrinology,6
watery eyes in the morning,Ophthalmology,10
seizures with fever,Neurology,1
tonsillitis chronic,ENT,11
pelvic pain since 1 week,Gynecology,7
typhoid symptoms after eating,General Medicine,13
decreased urine output since 2 days,Nephrology,12
kidney pain with fever,Nephrology,12
wheezing worsening at night,Pulmonology,5
typhoid symptoms with fever,General Medicine,13
PCOD symptoms chronic,Gynecology,7
heart racing,Cardiology,0
OCD symptoms worsening at night,Psychiatry,9
fatigue with fever,General Medicine,13
frequent urination worsening at night,Endocrinology,6
yellow eyes with fever,Gastroenterology,4
childhood asthma after eating,Pediatrics,8
newborn jaundice after eating,Pediatrics,8
child fever since 1 week,Pediatrics,8
squinting,Ophthalmology,10
hearing loss in the morning,ENT,11
slurred speech with fever,Neurology,1
tonsillitis after eating,ENT,11
insomnia after eating,Psychiatry,9
insomnia since 1 week,Psychiatry,9
decreased urine output worsening at night,Nephrology,12
stomach pain since 1 week,Gastroenterology,4
breathlessness on exertion since 1 week,Cardiology,0
heart racing after eating,Cardiology,0
weakness since 1 week,General Medicine,13
irregular periods since 2 days,Gynecology,7
confusion since 1 week,Neurology,1
nail discoloration since 2 days,Dermatology,3
floaters in vision in the morning,Ophthalmology,10
eczema flare mild to moderate,Dermatology,3
general checkup mild to moderate,General Medicine,13
boil on skin after eating,Dermatology,3
menstrual cramps since 2 days,Gynecology,7
foamy urine worsening at night,Nephrology,12
mood swings chronic,Psychiatry,9
vertigo worsening at night,ENT,11
pelvic pain after eating,Gynecology,7
wheezing mild to moderate,Pulmonology,5
body ache with fever,General Medicine,13
nausea sudden onset,Gastroenterology,4
foamy urine,Nephrology,12
runny nose with fever,ENT,11
decreased urine output in the morning,Nephrology,12
weakness mild to moderate,General Medicine,13
pelvic pain chronic,Gynecology,7
blood in urine chronic,Nephrology,12
difficulty swallowing sudden onset,Gastroenterology,4
smoking related cough,Pulmonology,5
vision blurring suddenly since 2 days,Neurology,1
insulin resistance chronic,Endocrinology,6
increased thirst with fever,Endocrinology,6
TB symptoms,Pulmonology,5
insomnia chronic,Psychiatry,9
malaria symptoms mild to moderate,General Medicine,13
chest tightness at rest worsening at night,Cardiology,0
shortness of breath worsening at night,Cardiology,0
pelvic pain in the morning,Gynecology,7
chest tightness at rest,Cardiology,0
allergic skin reaction mild to moderate,Dermatology,3
cold intolerance after eating,Endocrinology,6
snoring with fever,ENT,11
weakness chronic,General Medicine,13
confusion,Neurology,1
breathlessness on exertion worsening at night,Cardiology,0
wheezing,Pulmonology,5
cold intolerance sudden onset,Endocrinology,6
constipation after eating,Gastroenterology,4
swollen face in morning worsening at night,Nephrology,12
insulin resistance since 2 days,Endocrinology,6
hormonal imbalance chronic,Gynecology,7
acne chronic,Dermatology,3
blood in stool worsening at night,Gastroenterology,4
TB symptoms in the morning,Pulmonology,5
thyroid swelling sudden onset,Endocrinology,6
red eye since 1 week,Ophthalmology,10
OCD symptoms since 2 days,Psychiatry,9
numbness in face since 2 days,Neurology,1
blood in urine in the morning,Nephrology,12
boil on skin after eating,Dermatology,3
blood in urine sudden onset,Nephrology,12
ear pain,ENT,11
sudden weight gain with fever,Endocrinology,6
health certificate since 2 days,General Medicine,13
dengue symptoms,General Medicine,13
vaginal discharge mild to moderate,Gynecology,7
boil on skin mild to moderate,Dermatology,3
anxiety after eating,Psychiatry,9
kidney pain sudden onset,Nephrology,12
slurred speech after eating,Neurology,1
swollen ankles in the morning,Cardiology,0
excessive sweating in the morning,Endocrinology,6
fatigue chronic,General Medicine,13
pelvic pain mild to moderate,Gynecology,7
child fever after eating,Pediatrics,8
hair loss mild to moderate,Dermatology,3
vision blurring suddenly since 1 week,Neurology,1
hair thinning with fever,Endocrinology,6
tonsillitis sudden onset,ENT,11
breathlessness at night mild to moderate,Pulmonology,5
glaucoma symptoms after eating,Ophthalmology,10
vision blurring suddenly after eating,Neurology,1
severe headache in the morning,Neurology,1
cold and cough after eating,General Medicine,13
menstrual cramps since 2 days,Gynecology,7
nasal congestion with fever,ENT,11
boil on skin,Dermatology,3
breathlessness on exertion worsening at night,Cardiology,0
squinting worsening at night,Ophthalmology,10
thyroid swelling mild to moderate,Endocrinology,6
pregnancy symptoms chronic,Gynecology,7
anxiety sudden onset,Psychiatry,9
infant not feeding in the morning,Pediatrics,8
child fever mild to moderate,Pediatrics,8
weakness on one side sudden onset,Neurology,1
chest tightness at rest since 1 week,Cardiology,0
fatigue chronic,General Medicine,13
chest pain after eating,Cardiology,0
cold intolerance since 2 days,Endocrinology,6
asthma attack chronic,Pulmonology,5
darkening of skin chronic,Dermatology,3
typhoid symptoms after eating,General Medicine,13
runny nose since 2 days,ENT,11
general checkup sudden onset,General Medicine,13
chest pressure chronic,Cardiology,0
child vomiting in the morning,Pediatrics,8
vomiting sudden onset,Gastroenterology,4
nausea chronic,Gastroenterology,4
decreased urine output in the morning,Nephrology,12
suicidal thoughts after eating,Psychiatry,9
joint swelling chronic,Orthopedics,2
slurred speech chronic,Neurology,1
hair thinning after eating,Endocrinology,6
childhood asthma worsening at night,Pediatrics,8
breathlessness at night in the morning,Pulmonology,5
stress in the morning,Psychiatry,9
eye pain sudden onset,Ophthalmology,10
acid reflux since 1 week,Gastroenterology,4
child rash sudden onset,Pediatrics,8
blurry vision since 2 days,Ophthalmology,10
psoriasis patches after eating,Dermatology,3
heart racing with fever,Cardiology,0
knee pain since 2 days,Orthopedics,2
panic attacks worsening at night,Psychiatry,9
knee pain since 2 days,Orthopedics,2
diabetes symptoms worsening at night,Endocrinology,6
numbness in face chronic,Neurology,1
irregular periods with fever,Gynecology,7
weakness on one side sudden onset,Neurology,1
back pain since 2 days,Orthopedics,2
chest tightness at rest with fever,Cardiology,0
sudden weight gain since 2 days,Endocrinology,6
chest tightness at rest after eating,Cardiology,0
general checkup mild to moderate,General Medicine,13
acne worsening at night,Dermatology,3
pregnancy symptoms with fever,Gynecology,7
breathlessness on exertion since 2 days,Cardiology,0
slurred speech mild to moderate,Neurology,1
thyroid swelling,Endocrinology,6
loss of appetite with fever,General Medicine,13
cough for 3 weeks worsening at night,Pulmonology,5
fainting after eating,Neurology,1
thyroid swelling mild to moderate,Endocrinology,6
irregular periods worsening at night,Gynecology,7
bloating sudden onset,Gastroenterology,4
menstrual cramps,Gynecology,7
skin rash with fever,Dermatology,3
severe headache,Neurology,1
increased thirst worsening at night,Endocrinology,6
child ear pain worsening at night,Pediatrics,8
hair thinning mild to moderate,Endocrinology,6
vomiting after eating,Gastroenterology,4
chest congestion worsening at night,Pulmonology,5
dizziness mild to moderate,Neurology,1
vaginal discharge worsening at night,Gynecology,7
child fever since 1 week,Pediatrics,8
vomiting after eating,Gastroenterology,4
vaccination sudden onset,Pediatrics,8
skin rash with fever,Dermatology,3
blood in urine sudden onset,Nephrology,12
child vomiting since 2 days,Pediatrics,8
blurry vision worsening at night,Ophthalmology,10
skin rash chronic,Dermatology,3
chest pain,Cardiology,0
tonsillitis mild to moderate,ENT,11
diabetes symptoms since 2 days,Endocrinology,6
suicidal thoughts after eating,Psychiatry,9
hair loss since 2 days,Dermatology,3
blurry vision chronic,Ophthalmology,10
cough for 3 weeks,Pulmonology,5
bone pain mild to moderate,Orthopedics,2
menstrual cramps worsening at night,Gynecology,7
thyroid swelling mild to moderate,Endocrinology,6
palpitations since 1 week,Cardiology,0
insomnia with fever,Psychiatry,9
frequent UTI chronic,Nephrology,12
dialysis related after eating,Nephrology,12
hair loss mild to moderate,Dermatology,3
swollen wrist since 1 week,Orthopedics,2
chest congestion since 1 week,Pulmonology,5
bloating,Gastroenterology,4
PCOD symptoms since 2 days,Gynecology,7
swollen face in morning chronic,Nephrology,12
nail discoloration with fever,Dermatology,3
vaccination in the morning,Pediatrics,8
ear pain after eating,ENT,11
stomach pain since 1 week,Gastroenterology,4
depression worsening at night,Psychiatry,9
body ache worsening at night,General Medicine,13
panic attacks mild to moderate,Psychiatry,9
child vomiting,Pediatrics,8
fever sudden onset,General Medicine,13
dialysis related,Nephrology,12
tonsillitis after eating,ENT,11
acne since 1 week,Dermatology,3
hearing loss,ENT,11
weakness worsening at night,General Medicine,13
dialysis related after eating,Nephrology,12
child ear pain since 2 days,Pediatrics,8
weakness on one side mild to moderate,Neurology,1
swollen face in morning worsening at night,Nephrology,12
cough for 3 weeks in the morning,Pulmonology,5
blurry vision since 2 days,Ophthalmology,10
psoriasis patches mild to moderate,Dermatology,3
fever after eating,General Medicine,13
fainting chronic,Neurology,1
delayed milestones after eating,Pediatrics,8
mood swings since 1 week,Psychiatry,9
chest pressure sudden onset,Cardiology,0
acne since 1 week,Dermatology,3
watery eyes chronic,Ophthalmology,10
joint swelling in the morning,Orthopedics,2
malaria symptoms worsening at night,General Medicine,13
cataract since 1 week,Ophthalmology,10
smoking related cough,Pulmonology,5
diarrhea since 1 week,Gastroenterology,4
schizophrenia symptoms chronic,Psychiatry,9
neck stiffness in the morning,Orthopedics,2
vertigo mild to moderate,ENT,11
depression chronic,Psychiatry,9
chest tightness at rest worsening at night,Cardiology,0
pelvic pain chronic,Gynecology,7
phobia since 1 week,Psychiatry,9
hair loss in the morning,Dermatology,3
stomach pain chronic,Gastroenterology,4
chest pressure with fever,Cardiology,0
anxiety after eating,Psychiatry,9
wheezing with fever,Pulmonology,5
smoking related cough mild to moderate,Pulmonology,5
heart racing worsening at night,Cardiology,0
general checkup since 2 days,General Medicine,13
blurry vision with fever,Ophthalmology,10
child fever in the morning,Pediatrics,8
stress with fever,Psychiatry,9
cough for 3 weeks since 2 days,Pulmonology,5
cough for 3 weeks with fever,Pulmonology,5
fever since 2 days,General Medicine,13
eczema flare in the morning,Dermatology,3
fatigue sudden onset,Endocrinology,6
psoriasis patches chronic,Dermatology,3
confusion since 2 days,Neurology,1
chest pressure after eating,Cardiology,0
tingling in hands mild to moderate,Neurology,1
decreased urine output,Nephrology,12
newborn jaundice in the morning,Pediatrics,8
kidney pain in the morning,Nephrology,12
child vomiting worsening at night,Pediatrics,8
vomiting worsening at night,Gastroenterology,4
acid reflux with fever,Gastroenterology,4
panic attacks worsening at night,Psychiatry,9
boil on skin since 1 week,Dermatology,3
severe headache in the morning,Neurology,1
mood swings mild to moderate,Psychiatry,9
hair loss,Dermatology,3
suicidal thoughts since 2 days,Psychiatry,9
memory loss mild to moderate,Neurology,1
vertigo in the morning,ENT,11
child vomiting sudden onset,Pediatrics,8
nail discoloration since 2 days,Dermatology,3
chest congestion since 2 days,Pulmonology,5
seizures in the morning,Neurology,1
chest pain sudden onset,Cardiology,0
acid reflux mild to moderate,Gastroenterology,4
shoulder stiffness in the morning,Orthopedics,2
depression after eating,Psychiatry,9
menopause symptoms worsening at night,Gynecology,7
boil on skin chronic,Dermatology,3
TB symptoms mild to moderate,Pulmonology,5
eye pain sudden onset,Ophthalmology,10
frequent chest infections,Pulmonology,5
loss of appetite chronic,General Medicine,13
cataract mild to moderate,Ophthalmology,10
nail discoloration since 2 days,Dermatology,3
fatigue since 1 week,Endocrinology,6
hip pain while walking after eating,Orthopedics,2
floaters in vision sudden onset,Ophthalmology,10
child fever,Pediatrics,8
health certificate mild to moderate,General Medicine,13
swollen wrist mild to moderate,Orthopedics,2
squinting sudden onset,Ophthalmology,10
foamy urine since 2 days,Nephrology,12
child rash with fever,Pediatrics,8
loss of appetite since 1 week,General Medicine,13
glaucoma symptoms mild to moderate,Ophthalmology,10
hip pain while walking chronic,Orthopedics,2
palpitations sudden onset,Cardiology,0
mood swings chronic,Psychiatry,9
panic attacks mild to moderate,Psychiatry,9
yellow eyes worsening at night,Gastroenterology,4
sudden weight gain after eating,Endocrinology,6
blood in urine,Nephrology,12
health certificate mild to moderate,General Medicine,13
body ache after eating,General Medicine,13
thyroid swelling worsening at night,Endocrinology,6
irregular heartbeat mild to moderate,Cardiology,0
cold intolerance chronic,Endocrinology,6
swollen face in morning mild to moderate,Nephrology,12
child rash mild to moderate,Pediatrics,8
snoring in the morning,ENT,11
general checkup sudden onset,General Medicine,13
delayed milestones chronic,Pediatrics,8
hair thinning,Endocrinology,6
depression since 2 days,Psychiatry,9
pregnancy symptoms mild to moderate,Gynecology,7
heart racing since 1 week,Cardiology,0
ear pain worsening at night,ENT,11
snoring after eating,ENT,11
vertigo since 2 days,ENT,11
child vomiting chronic,Pediatrics,8
stomach pain worsening at night,Gastroenterology,4
skin rash worsening at night,Dermatology,3
eye pain with fever,Ophthalmology,10
phobia since 1 week,Psychiatry,9
nail discoloration after eating,Dermatology,3
skin rash chronic,Dermatology,3
fever worsening at night,General Medicine,13
menstrual cramps,Gynecology,7
dizziness,Neurology,1
breast lump after eating,Gynecology,7
loss of appetite with fever,General Medicine,13
phobia after eating,Psychiatry,9
child fever mild to moderate,Pediatrics,8
pregnancy symptoms with fever,Gynecology,7
cough for 3 weeks mild to moderate,Pulmonology,5
asthma attack since 2 days,Pulmonology,5
childhood asthma since 2 days,Pediatrics,8
child vomiting with fever,Pediatrics,8
severe headache since 1 week,Neurology,1
numbness in face mild to moderate,Neurology,1
floaters in vision worsening at night,Ophthalmology,10
red eye since 2 days,Ophthalmology,10
dizziness chronic,Neurology,1
cold and cough mild to moderate,General Medicine,13
sinusitis mild to moderate,ENT,11
fatigue worsening at night,Endocrinology,6
asthma attack,Pulmonology,5
chest pain in the morning,Cardiology,0
severe headache after eating,Neurology,1
cataract,Ophthalmology,10
dizziness in the morning,Neurology,1
cold and cough in the morning,General Medicine,13
child ear pain in the morning,Pediatrics,8
red eye with fever,Ophthalmology,10
delayed milestones chronic,Pediatrics,8
swollen face in morning with fever,Nephrology,12
constipation worsening at night,Gastroenterology,4
snoring since 1 week,ENT,11
cold and cough worsening at night,General Medicine,13
general checkup since 2 days,General Medicine,13
fainting,Neurology,1
newborn jaundice after eating,Pediatrics,8
tonsillitis chronic,ENT,11
menopause symptoms,Gynecology,7
swollen ankles after eating,Cardiology,0
foot pain in morning chronic,Orthopedics,2
coughing blood since 2 days,Pulmonology,5
asthma attack,Pulmonology,5
schizophrenia symptoms mild to moderate,Psychiatry,9
suicidal thoughts in the morning,Psychiatry,9
swollen wrist with fever,Orthopedics,2
breathlessness at night with fever,Pulmonology,5
pelvic pain sudden onset,Gynecology,7
back pain worsening at night,Orthopedics,2
foot pain in morning with fever,Orthopedics,2
phobia sudden onset,Psychiatry,9
fatigue sudden onset,Endocrinology,6
chest pain chronic,Cardiology,0
hip pain while walking mild to moderate,Orthopedics,2
fever worsening at night,General Medicine,13
TB symptoms,Pulmonology,5
breathlessness on exertion mild to moderate,Cardiology,0
watery eyes,Ophthalmology,10
fainting after eating,Neurology,1
sinusitis with fever,ENT,11
nail discoloration since 1 week,Dermatology,3
decreased urine output in the morning,Nephrology,12
eye pain in the morning,Ophthalmology,10
floaters in vision with fever,Ophthalmology,10
schizophrenia symptoms worsening at night,Psychiatry,9
vomiting mild to moderate,Gastroenterology,4
foamy urine worsening at night,Nephrology,12
bloating worsening at night,Gastroenterology,4
smoking related cough in the morning,Pulmonology,5
diabetes symptoms mild to moderate,Endocrinology,6
irregular periods after eating,Gynecology,7
typhoid symptoms in the morning,General Medicine,13
shortness of breath chronic,Cardiology,0
seizures since 1 week,Neurology,1
frequent urination,Endocrinology,6
pregnancy symptoms with fever,Gynecology,7
floaters in vision sudden onset,Ophthalmology,10
snoring sudden onset,ENT,11
bone pain since 1 week,Orthopedics,2
irregular periods chronic,Gynecology,7
body ache mild to moderate,General Medicine,13
confusion chronic,Neurology,1
vaginal discharge since 2 days,Gynecology,7
delayed milestones since 1 week,Pediatrics,8
numbness in face,Neurology,1
thyroid swelling,Endocrinology,6
foot pain in morning sudden onset,Orthopedics,2
heart racing in the morning,Cardiology,0
delayed milestones since 2 days,Pediatrics,8
eczema flare with fever,Dermatology,3
vision blurring suddenly mild to moderate,Neurology,1
floaters in vision since 1 week,Ophthalmology,10
body ache since 2 days,General Medicine,13
eye pain since 1 week,Ophthalmology,10
cold intolerance since 2 days,Endocrinology,6
difficulty swallowing after eating,Gastroenterology,4
acid reflux mild to moderate,Gastroenterology,4
weakness on one side mild to moderate,Neurology,1
eye pain mild to moderate,Ophthalmology,10
dialysis related since 2 days,Nephrology,12
frequent UTI,Nephrology,12
increased thirst mild to moderate,Endocrinology,6
childhood asthma mild to moderate,Pediatrics,8
foot pain in morning since 2 days,Orthopedics,2
dengue symptoms since 2 days,General Medicine,13
fatigue after eating,General Medicine,13
nausea worsening at night,Gastroenterology,4
slurred speech sudden onset,Neurology,1
vaccination sudden onset,Pediatrics,8
fatigue sudden onset,Endocrinology,6
delayed milestones worsening at night,Pediatrics,8
irregular periods chronic,Gynecology,7
tonsillitis sudden onset,ENT,11
snoring,ENT,11
wheezing since 1 week,Pulmonology,5
sinusitis after eating,ENT,11
skin rash sudden onset,Dermatology,3
bone pain worsening at night,Orthopedics,2
ear pain worsening at night,ENT,11
anxiety since 1 week,Psychiatry,9
irregular heartbeat since 2 days,Cardiology,0
hair thinning sudden onset,Endocrinology,6
fatigue in the morning,General Medicine,13
severe headache,Neurology,1
menopause symptoms after eating,Gynecology,7
fever with fever,General Medicine,13
skin rash sudden onset,Dermatology,3
yellow eyes chronic,Gastroenterology,4
acne after eating,Dermatology,3
dengue symptoms worsening at night,General Medicine,13
hormonal imbalance mild to moderate,Gynecology,7
weakness mild to moderate,General Medicine,13
acid reflux with fever,Gastroenterology,4
fracture since 1 week,Orthopedics,2
fatigue after eating,Endocrinology,6
hair thinning with fever,Endocrinology,6
dialysis related in the morning,Nephrology,12
wheezing in the morning,Pulmonology,5
cold intolerance in the morning,Endocrinology,6
fracture with fever,Orthopedics,2
excessive sweating chronic,Endocrinology,6
hearing loss since 1 week,ENT,11
foamy urine since 1 week,Nephrology,12
vertigo after eating,ENT,11
tonsillitis with fever,ENT,11
vertigo with fever,ENT,11
foamy urine since 2 days,Nephrology,12
nail discoloration after eating,Dermatology,3
kidney pain after eating,Nephrology,12
smoking related cough sudden onset,Pulmonology,5
excessive sweating,Endocrinology,6
cold intolerance worsening at night,Endocrinology,6
suicidal thoughts worsening at night,Psychiatry,9
insomnia since 1 week,Psychiatry,9
watery eyes after eating,Ophthalmology,10
boil on skin worsening at night,Dermatology,3
weakness with fever,General Medicine,13
glaucoma symptoms with fever,Ophthalmology,10
OCD symptoms,Psychiatry,9
asthma attack since 1 week,Pulmonology,5
constipation,Gastroenterology,4
insulin resistance,Endocrinology,6
dengue symptoms mild to moderate,General Medicine,13
smoking related cough chronic,Pulmonology,5
breathlessness on exertion mild to moderate,Cardiology,0
squinting chronic,Ophthalmology,10
anxiety since 2 days,Psychiatry,9
back pain in the morning,Orthopedics,2
swollen wrist,Orthopedics,2
stress after eating,Psychiatry,9
stomach pain since 2 days,Gastroenterology,4
dizziness chronic,Neurology,1
shortness of breath chronic,Cardiology,0
irregular heartbeat mild to moderate,Cardiology,0
phobia chronic,Psychiatry,9
memory loss after eating,Neurology,1
hair thinning,Endocrinology,6
breathlessness at night mild to moderate,Pulmonology,5
swollen ankles after eating,Cardiology,0
child ear pain worsening at night,Pediatrics,8
cough for 3 weeks sudden onset,Pulmonology,5
anxiety sudden onset,Psychiatry,9
nail discoloration worsening at night,Dermatology,3
irregular periods worsening at night,Gynecology,7
joint swelling,Orthopedics,2
kidney pain since 2 days,Nephrology,12
menstrual cramps chronic,Gynecology,7
palpitations in the morning,Cardiology,0
diarrhea with fever,Gastroenterology,4
runny nose with fever,ENT,11
diabetes symptoms since 1 week,Endocrinology,6
bone pain mild to moderate,Orthopedics,2
difficulty swallowing in the morning,Gastroenterology,4
child ear pain in the morning,Pediatrics,8
OCD symptoms chronic,Psychiatry,9
fatigue in the morning,Endocrinology,6
ear pain since 2 days,ENT,11
frequent chest infections,Pulmonology,5
child ear pain worsening at night,Pediatrics,8
back pain since 2 days,Orthopedics,2
panic attacks mild to moderate,Psychiatry,9
liver pain sudden onset,Gastroenterology,4
PCOD symptoms chronic,Gynecology,7
severe headache,Neurology,1
hair thinning worsening at night,Endocrinology,6
joint swelling since 2 days,Orthopedics,2
sore throat,ENT,11
knee pain,Orthopedics,2
vision blurring suddenly worsening at night,Neurology,1
irregular periods with fever,Gynecology,7
smoking related cough with fever,Pulmonology,5
shoulder stiffness with fever,Orthopedics,2
severe headache with fever,Neurology,1
malaria symptoms worsening at night,General Medicine,13
weakness on one side since 1 week,Neurology,1
eczema flare sudden onset,Dermatology,3
foamy urine since 2 days,Nephrology,12
typhoid symptoms with fever,General Medicine,13
fever since 1 week,General Medicine,13
red eye with fever,Ophthalmology,10
heart racing after eating,Cardiology,0
eczema flare since 1 week,Dermatology,3
difficulty swallowing worsening at night,Gastroenterology,4
joint swelling after eating,Orthopedics,2
numbness in face with fever,Neurology,1
swollen ankles sudden onset,Cardiology,0
watery eyes since 2 days,Ophthalmology,10
anxiety worsening at night,Psychiatry,9
breathlessness on exertion chronic,Cardiology,0
neck stiffness,Orthopedics,2
thyroid swelling after eating,Endocrinology,6
infant not feeding since 1 week,Pediatrics,8
difficulty swallowing since 1 week,Gastroenterology,4
palpitations since 1 week,Cardiology,0
hormonal imbalance in the morning,Gynecology,7
fatigue mild to moderate,Endocrinology,6
sudden weight gain,Endocrinology,6
joint swelling mild to moderate,Orthopedics,2
smoking related cough worsening at night,Pulmonology,5
child ear pain worsening at night,Pediatrics,8
menopause symptoms since 2 days,Gynecology,7
watery eyes worsening at night,Ophthalmology,10
swollen ankles sudden onset,Cardiology,0
menopause symptoms since 2 days,Gynecology,7
TB symptoms worsening at night,Pulmonology,5
blurry vision chronic,Ophthalmology,10
infant not feeding in the morning,Pediatrics,8
floaters in vision chronic,Ophthalmology,10
nausea mild to moderate,Gastroenterology,4
liver pain sudden onset,Gastroenterology,4
weakness since 1 week,General Medicine,13
memory loss with fever,Neurology,1
menopause symptoms since 2 days,Gynecology,7
vertigo in the morning,ENT,11
breathlessness on exertion after eating,Cardiology,0
heart racing mild to moderate,Cardiology,0
pregnancy symptoms chronic,Gynecology,7
nasal congestion since 2 days,ENT,11
hair thinning since 1 week,Endocrinology,6
vertigo after eating,ENT,11
loss of appetite since 2 days,General Medicine,13
hormonal imbalance with fever,Gynecology,7
OCD symptoms mild to moderate,Psychiatry,9
ear pain in the morning,ENT,11
bone pain with fever,Orthopedics,2
frequent UTI after eating,Nephrology,12
insulin resistance after eating,Endocrinology,6
cataract mild to moderate,Ophthalmology,10
acne since 1 week,Dermatology,3
TB symptoms mild to moderate,Pulmonology,5
OCD symptoms chronic,Psychiatry,9
slurred speech since 1 week,Neurology,1
fracture with fever,Orthopedics,2
runny nose sudden onset,ENT,11
asthma attack sudden onset,Pulmonology,5
hearing loss chronic,ENT,11
memory loss since 1 week,Neurology,1
health certificate mild to moderate,General Medicine,13
nasal congestion after eating,ENT,11
child vomiting mild to moderate,Pediatrics,8
fatigue since 2 days,General Medicine,13
chest pain with fever,Cardiology,0
acid reflux since 1 week,Gastroenterology,4
hair loss in the morning,Dermatology,3
watery eyes after eating,Ophthalmology,10
excessive sweating after eating,Endocrinology,6
eye pain with fever,Ophthalmology,10
TB symptoms with fever,Pulmonology,5
cold and cough since 2 days,General Medicine,13
insulin resistance,Endocrinology,6
child rash chronic,Pediatrics,8
difficulty swallowing since 2 days,Gastroenterology,4
vaginal discharge chronic,Gynecology,7
hearing loss since 1 week,ENT,11
nasal congestion,ENT,11
chest pain chronic,Cardiology,0
nail discoloration in the morning,Dermatology,3
vaccination mild to moderate,Pediatrics,8
vomiting after eating,Gastroenterology,4
neck stiffness since 2 days,Orthopedics,2
dialysis related,Nephrology,12
blood in stool in the morning,Gastroenterology,4
heart racing chronic,Cardiology,0
acne since 1 week,Dermatology,3
dizziness while climbing stairs chronic,Cardiology,0
boil on skin after eating,Dermatology,3
back pain mild to moderate,Orthopedics,2
glaucoma symptoms chronic,Ophthalmology,10
watery eyes since 1 week,Ophthalmology,10
nausea worsening at night,Gastroenterology,4
child fever after eating,Pediatrics,8
child rash mild to moderate,Pediatrics,8
diabetes symptoms chronic,Endocrinology,6
darkening of skin,Dermatology,3
irregular periods worsening at night,Gynecology,7
sore throat since 2 days,ENT,11
runny nose in the morning,ENT,11
infant not feeding worsening at night,Pediatrics,8
panic attacks worsening at night,Psychiatry,9
hip pain while walking after eating,Orthopedics,2
sinusitis with fever,ENT,11
floaters in vision since 1 week,Ophthalmology,10
sudden weight gain,Endocrinology,6
dengue symptoms with fever,General Medicine,13
ear pain mild to moderate,ENT,11
depression with fever,Psychiatry,9
coughing blood,Pulmonology,5
neck stiffness after eating,Orthopedics,2
acid reflux sudden onset,Gastroenterology,4
coughing blood since 1 week,Pulmonology,5
diabetes symptoms after eating,Endocrinology,6
coughing blood worsening at night,Pulmonology,5
vaccination after eating,Pediatrics,8
diabetes symptoms since 2 days,Endocrinology,6
breathlessness at night worsening at night,Pulmonology,5
thyroid swelling since 1 week,Endocrinology,6
child ear pain in the morning,Pediatrics,8
shoulder stiffness chronic,Orthopedics,2
mood swings sudden onset,Psychiatry,9
joint swelling sudden onset,Orthopedics,2
child vomiting in the morning,Pediatrics,8
ear pain since 2 days,ENT,11
smoking related cough in the morning,Pulmonology,5
smoking related cough after eating,Pulmonology,5
frequent urination after eating,Endocrinology,6
foamy urine since 2 days,Nephrology,12
difficulty swallowing worsening at night,Gastroenterology,4
chest tightness at rest since 1 week,Cardiology,0
chest pain in the morning,Cardiology,0
suicidal thoughts after eating,Psychiatry,9
chest pain in the morning,Cardiology,0
red eye mild to moderate,Ophthalmology,10
seizures sudden onset,Neurology,1
palpitations sudden onset,Cardiology,0
suicidal thoughts since 2 days,Psychiatry,9
insomnia chronic,Psychiatry,9
bone pain,Orthopedics,2
boil on skin since 1 week,Dermatology,3
kidney pain mild to moderate,Nephrology,12
hormonal imbalance,Gynecology,7
blood in urine worsening at night,Nephrology,12
watery eyes after eating,Ophthalmology,10
menstrual cramps in the morning,Gynecology,7
stress with fever,Psychiatry,9
child fever sudden onset,Pediatrics,8
hip pain while walking after eating,Orthopedics,2
sudden weight gain since 1 week,Endocrinology,6
bloating sudden onset,Gastroenterology,4
depression,Psychiatry,9
nail discoloration sudden onset,Dermatology,3
hearing loss in the morning,ENT,11
breathlessness on exertion with fever,Cardiology,0
child fever,Pediatrics,8
weakness worsening at night,General Medicine,13
swollen wrist chronic,Orthopedics,2
breathlessness at night mild to moderate,Pulmonology,5
TB symptoms since 1 week,Pulmonology,5
memory loss mild to moderate,Neurology,1
cataract with fever,Ophthalmology,10
typhoid symptoms chronic,General Medicine,13
dengue symptoms after eating,General Medicine,13
heart racing since 2 days,Cardiology,0
blood in stool in the morning,Gastroenterology,4
kidney pain since 2 days,Nephrology,12
pregnancy symptoms sudden onset,Gynecology,7
hearing loss sudden onset,ENT,11
acne chronic,Dermatology,3
palpitations after eating,Cardiology,0
asthma attack,Pulmonology,5
health certificate since 1 week,General Medicine,13
sudden weight gain with fever,Endocrinology,6
body ache in the morning,General Medicine,13
hip pain while walking in the morning,Orthopedics,2
seizures after eating,Neurology,1
childhood asthma sudden onset,Pediatrics,8
typhoid symptoms with fever,General Medicine,13
chest tightness at rest after eating,Cardiology,0
OCD symptoms with fever,Psychiatry,9
phobia after eating,Psychiatry,9
heart racing,Cardiology,0
swollen face in morning with fever,Nephrology,12
vaginal discharge chronic,Gynecology,7
irregular periods,Gynecology,7
chest congestion after eating,Pulmonology,5
nail discoloration worsening at night,Dermatology,3
blurry vision mild to moderate,Ophthalmology,10
fainting mild to moderate,Neurology,1
pregnancy symptoms sudden onset,Gynecology,7
phobia in the morning,Psychiatry,9
child rash since 1 week,Pediatrics,8
OCD symptoms sudden onset,Psychiatry,9
decreased urine output after eating,Nephrology,12
coughing blood in the morning,Pulmonology,5
allergic skin reaction in the morning,Dermatology,3
insomnia worsening at night,Psychiatry,9
nausea chronic,Gastroenterology,4
loss of appetite sudden onset,General Medicine,13
asthma attack worsening at night,Pulmonology,5
swollen face in morning since 1 week,Nephrology,12
weakness on one side chronic,Neurology,1
yellow eyes worsening at night,Gastroenterology,4
typhoid symptoms,General Medicine,13
irregular periods since 2 days,Gynecology,7
difficulty swallowing with fever,Gastroenterology,4
ear pain,ENT,11
back pain since 2 days,Orthopedics,2
panic attacks mild to moderate,Psychiatry,9
fracture,Orthopedics,2
depression after eating,Psychiatry,9
irregular heartbeat sudden onset,Cardiology,0
heart racing mild to moderate,Cardiology,0
hormonal imbalance worsening at night,Gynecology,7
body ache sudden onset,General Medicine,13
cataract after eating,Ophthalmology,10
mood swings chronic,Psychiatry,9
snoring,ENT,11
typhoid symptoms with fever,General Medicine,13
breathlessness at night chronic,Pulmonology,5
yellow eyes chronic,Gastroenterology,4
swollen ankles,Cardiology,0
anxiety in the morning,Psychiatry,9
wheezing sudden onset,Pulmonology,5
OCD symptoms worsening at night,Psychiatry,9
excessive sweating with fever,Endocrinology,6
floaters in vision since 2 days,Ophthalmology,10
general checkup sudden onset,General Medicine,13
darkening of skin,Dermatology,3
allergic skin reaction sudden onset,Dermatology,3
fainting after eating,Neurology,1
memory loss after eating,Neurology,1
sinusitis sudden onset,ENT,11
fever,General Medicine,13
darkening of skin chronic,Dermatology,3
shortness of breath since 1 week,Cardiology,0
fatigue worsening at night,Endocrinology,6
dizziness while climbing stairs,Cardiology,0
blood in stool after eating,Gastroenterology,4
severe headache after eating,Neurology,1
hormonal imbalance since 2 days,Gynecology,7
menstrual cramps mild to moderate,Gynecology,7
pelvic pain,Gynecology,7
breast lump worsening at night,Gynecology,7
phobia worsening at night,Psychiatry,9
malaria symptoms since 2 days,General Medicine,13
menopause symptoms,Gynecology,7
menstrual cramps with fever,Gynecology,7
vaccination mild to moderate,Pediatrics,8
blood in urine since 2 days,Nephrology,12
eye pain chronic,Ophthalmology,10
acid reflux in the morning,Gastroenterology,4
watery eyes,Ophthalmology,10
child fever sudden onset,Pediatrics,8
runny nose since 2 days,ENT,11
hair thinning,Endocrinology,6
red eye sudden onset,Ophthalmology,10
infant not feeding,Pediatrics,8
yellow eyes since 1 week,Gastroenterology,4
ear pain after eating,ENT,11
cold intolerance in the morning,Endocrinology,6
kidney pain in the morning,Nephrology,12
child fever sudden onset,Pediatrics,8
numbness in face sudden onset,Neurology,1
fever in the morning,General Medicine,13
irregular heartbeat worsening at night,Cardiology,0
bone pain since 1 week,Orthopedics,2
watery eyes chronic,Ophthalmology,10
dialysis related since 1 week,Nephrology,12
squinting with fever,Ophthalmology,10
bone pain in the morning,Orthopedics,2
tonsillitis with fever,ENT,11
memory loss worsening at night,Neurology,1
menstrual cramps since 2 days,Gynecology,7
frequent UTI after eating,Nephrology,12
glaucoma symptoms sudden onset,Ophthalmology,10
red eye since 1 week,Ophthalmology,10
menopause symptoms mild to moderate,Gynecology,7
sudden weight gain since 1 week,Endocrinology,6
breast lump chronic,Gynecology,7
floaters in vision in the morning,Ophthalmology,10
eye pain with fever,Ophthalmology,10
cold intolerance after eating,Endocrinology,6
fainting since 1 week,Neurology,1
nail discoloration in the morning,Dermatology,3
wheezing,Pulmonology,5
memory loss chronic,Neurology,1
boil on skin with fever,Dermatology,3
swollen face in morning after eating,Nephrology,12
diarrhea since 2 days,Gastroenterology,4
allergic skin reaction mild to moderate,Dermatology,3
phobia worsening at night,Psychiatry,9
chest tightness at rest chronic,Cardiology,0
excessive sweating sudden onset,Endocrinology,6
snoring sudden onset,ENT,11
newborn jaundice,Pediatrics,8
nail discoloration after eating,Dermatology,3
panic attacks worsening at night,Psychiatry,9
acid reflux with fever,Gastroenterology,4
severe headache since 1 week,Neurology,1
vomiting,Gastroenterology,4
back pain chronic,Orthopedics,2
menstrual cramps since 1 week,Gynecology,7
blurry vision,Ophthalmology,10
TB symptoms in the morning,Pulmonology,5
fatigue chronic,Endocrinology,6
chest pain,Cardiology,0
newborn jaundice worsening at night,Pediatrics,8
schizophrenia symptoms,Psychiatry,9
eye pain after eating,Ophthalmology,10
child ear pain since 2 days,Pediatrics,8
cataract since 1 week,Ophthalmology,10
OCD symptoms in the morning,Psychiatry,9
blood in urine worsening at night,Nephrology,12
decreased urine output,Nephrology,12
depression since 1 week,Psychiatry,9
general checkup in the morning,General Medicine,13
vaccination sudden onset,Pediatrics,8
OCD symptoms since 1 week,Psychiatry,9
cough for 3 weeks in the morning,Pulmonology,5
increased thirst worsening at night,Endocrinology,6
darkening of skin mild to moderate,Dermatology,3
asthma attack since 2 days,Pulmonology,5
seizures in the morning,Neurology,1
cold intolerance after eating,Endocrinology,6
TB symptoms after eating,Pulmonology,5
shoulder stiffness in the morning,Orthopedics,2
eczema flare after eating,Dermatology,3
sore throat chronic,ENT,11
diarrhea sudden onset,Gastroenterology,4
hearing loss chronic,ENT,11
vaccination worsening at night,Pediatrics,8
fracture in the morning,Orthopedics,2
thyroid swelling mild to moderate,Endocrinology,6
swollen face in morning worsening at night,Nephrology,12
eye pain worsening at night,Ophthalmology,10
cataract in the morning,Ophthalmology,10
psoriasis patches with fever,Dermatology,3
floaters in vision after eating,Ophthalmology,10
PCOD symptoms after eating,Gynecology,7
yellow eyes in the morning,Gastroenterology,4
swollen face in morning after eating,Nephrology,12
cataract,Ophthalmology,10
stress,Psychiatry,9
acne since 2 days,Dermatology,3
memory loss after eating,Neurology,1
darkening of skin,Dermatology,3
snoring sudden onset,ENT,11
excessive sweating in the morning,Endocrinology,6
nasal congestion with fever,ENT,11
breathlessness at night sudden onset,Pulmonology,5
vaginal discharge with fever,Gynecology,7
coughing blood since 2 days,Pulmonology,5
irregular periods sudden onset,Gynecology,7
excessive sweating worsening at night,Endocrinology,6
suicidal thoughts with fever,Psychiatry,9
foot pain in morning with fever,Orthopedics,2
skin rash since 2 days,Dermatology,3
vertigo since 2 days,ENT,11
blurry vision after eating,Ophthalmology,10
bloating,Gastroenterology,4
hair thinning worsening at night,Endocrinology,6
breathlessness at night mild to moderate,Pulmonology,5
child rash after eating,Pediatrics,8
smoking related cough worsening at night,Pulmonology,5
psoriasis patches chronic,Dermatology,3
numbness in face mild to moderate,Neurology,1
snoring with fever,ENT,11
nausea mild to moderate,Gastroenterology,4
blood in urine with fever,Nephrology,12
breathlessness on exertion since 2 days,Cardiology,0
dialysis related since 1 week,Nephrology,12
kidney pain sudden onset,Nephrology,12
nail discoloration sudden onset,Dermatology,3
dizziness chronic,Neurology,1
pregnancy symptoms since 1 week,Gynecology,7
infant not feeding sudden onset,Pediatrics,8
sinusitis in the morning,ENT,11
menstrual cramps worsening at night,Gynecology,7
smoking related cough with fever,Pulmonology,5
blurry vision since 1 week,Ophthalmology,10
OCD symptoms with fever,Psychiatry,9
panic attacks since 2 days,Psychiatry,9
foamy urine sudden onset,Nephrology,12
cough for 3 weeks with fever,Pulmonology,5
glaucoma symptoms since 2 days,Ophthalmology,10
knee pain worsening at night,Orthopedics,2
wheezing after eating,Pulmonology,5
sore throat worsening at night,ENT,11
breathlessness on exertion mild to moderate,Cardiology,0
childhood asthma sudden onset,Pediatrics,8
insulin resistance since 1 week,Endocrinology,6
neck stiffness worsening at night,Orthopedics,2
slurred speech after eating,Neurology,1
dizziness while climbing stairs,Cardiology,0
mood swings worsening at night,Psychiatry,9
yellow eyes worsening at night,Gastroenterology,4
shortness of breath in the morning,Cardiology,0
malaria symptoms worsening at night,General Medicine,13
breathlessness at night sudden onset,Pulmonology,5
eye pain since 2 days,Ophthalmology,10
menopause symptoms worsening at night,Gynecology,7
diabetes symptoms in the morning,Endocrinology,6
tonsillitis worsening at night,ENT,11
loss of appetite since 1 week,General Medicine,13
child rash mild to moderate,Pediatrics,8
breathlessness at night worsening at night,Pulmonology,5
weakness on one side mild to moderate,Neurology,1
shoulder stiffness after eating,Orthopedics,2
child rash since 1 week,Pediatrics,8
fatigue sudden onset,Endocrinology,6
tonsillitis chronic,ENT,11
diabetes symptoms since 2 days,Endocrinology,6
severe headache worsening at night,Neurology,1
foamy urine in the morning,Nephrology,12
boil on skin since 2 days,Dermatology,3
stress since 2 days,Psychiatry,9
decreased urine output in the morning,Nephrology,12
acne since 1 week,Dermatology,3
acid reflux,Gastroenterology,4
chest tightness at rest sudden onset,Cardiology,0
yellow eyes since 1 week,Gastroenterology,4
insulin resistance worsening at night,Endocrinology,6
schizophrenia symptoms chronic,Psychiatry,9
confusion mild to moderate,Neurology,1
dizziness mild to moderate,Neurology,1
squinting chronic,Ophthalmology,10
infant not feeding worsening at night,Pediatrics,8
blurry vision since 2 days,Ophthalmology,10
menstrual cramps since 1 week,Gynecology,7
sinusitis with fever,ENT,11
floaters in vision since 1 week,Ophthalmology,10
smoking related cough in the morning,Pulmonology,5
difficulty swallowing sudden onset,Gastroenterology,4
vomiting after eating,Gastroenterology,4
body ache sudden onset,General Medicine,13
fatigue worsening at night,Endocrinology,6
acne chronic,Dermatology,3
back pain chronic,Orthopedics,2
frequent urination chronic,Endocrinology,6
yellow eyes worsening at night,Gastroenterology,4
excessive sweating mild to moderate,Endocrinology,6
hormonal imbalance after eating,Gynecology,7
hip pain while walking after eating,Orthopedics,2
stress,Psychiatry,9
foot pain in morning since 1 week,Orthopedics,2
irregular periods since 1 week,Gynecology,7
eczema flare mild to moderate,Dermatology,3
back pain after eating,Orthopedics,2
liver pain since 2 days,Gastroenterology,4
dizziness with fever,Neurology,1
diabetes symptoms chronic,Endocrinology,6
malaria symptoms,General Medicine,13
vomiting in the morning,Gastroenterology,4
boil on skin after eating,Dermatology,3
palpitations chronic,Cardiology,0
glaucoma symptoms since 2 days,Ophthalmology,10
nail discoloration sudden onset,Dermatology,3
frequent chest infections in the morning,Pulmonology,5
coughing blood since 1 week,Pulmonology,5
vision blurring suddenly in the morning,Neurology,1
decreased urine output since 2 days,Nephrology,12
chest pressure since 1 week,Cardiology,0
asthma attack sudden onset,Pulmonology,5
fatigue sudden onset,Endocrinology,6
panic attacks in the morning,Psychiatry,9
heart racing after eating,Cardiology,0
hair loss chronic,Dermatology,3
shortness of breath,Cardiology,0
floaters in vision,Ophthalmology,10
delayed milestones,Pediatrics,8
acid reflux chronic,Gastroenterology,4
suicidal thoughts chronic,Psychiatry,9
sinusitis worsening at night,ENT,11
blood in urine sudden onset,Nephrology,12
asthma attack with fever,Pulmonology,5
darkening of skin worsening at night,Dermatology,3
fatigue mild to moderate,Endocrinology,6
hormonal imbalance chronic,Gynecology,7
frequent UTI since 1 week,Nephrology,12
runny nose mild to moderate,ENT,11
childhood asthma since 1 week,Pediatrics,8
blurry vision worsening at night,Ophthalmology,10
acne mild to moderate,Dermatology,3
dialysis related chronic,Nephrology,12
frequent chest infections with fever,Pulmonology,5
child fever mild to moderate,Pediatrics,8
acne since 2 days,Dermatology,3
floaters in vision worsening at night,Ophthalmology,10
irregular periods worsening at night,Gynecology,7
swollen wrist after eating,Orthopedics,2
thyroid swelling in the morning,Endocrinology,6
diarrhea mild to moderate,Gastroenterology,4
dizziness after eating,Neurology,1
sinusitis since 1 week,ENT,11
newborn jaundice mild to moderate,Pediatrics,8
weakness after eating,General Medicine,13
menstrual cramps since 1 week,Gynecology,7
delayed milestones,Pediatrics,8
irregular heartbeat worsening at night,Cardiology,0
vaccination since 1 week,Pediatrics,8
shoulder stiffness sudden onset,Orthopedics,2
dengue symptoms,General Medicine,13
smoking related cough mild to moderate,Pulmonology,5
insulin resistance in the morning,Endocrinology,6
vaginal discharge with fever,Gynecology,7
dialysis related,Nephrology,12
frequent chest infections worsening at night,Pulmonology,5
foot pain in morning since 2 days,Orthopedics,2
swollen wrist since 1 week,Orthopedics,2
fatigue with fever,General Medicine,13
vertigo worsening at night,ENT,11
nausea since 1 week,Gastroenterology,4
chest pressure in the morning,Cardiology,0
runny nose chronic,ENT,11
bone pain after eating,Orthopedics,2
loss of appetite worsening at night,General Medicine,13
nail discoloration since 1 week,Dermatology,3
cold intolerance mild to moderate,Endocrinology,6
allergic skin reaction mild to moderate,Dermatology,3
boil on skin since 2 days,Dermatology,3
sinusitis worsening at night,ENT,11
hip pain while walking worsening at night,Orthopedics,2
asthma attack mild to moderate,Pulmonology,5
kidney pain chronic,Nephrology,12
stress with fever,Psychiatry,9
loss of appetite since 2 days,General Medicine,13
swollen face in morning after eating,Nephrology,12
chest tightness at rest sudden onset,Cardiology,0
sudden weight gain mild to moderate,Endocrinology,6
cataract in the morning,Ophthalmology,10
fatigue,Endocrinology,6
pelvic pain worsening at night,Gynecology,7
runny nose chronic,ENT,11
hip pain while walking with fever,Orthopedics,2
neck stiffness sudden onset,Orthopedics,2
stomach pain worsening at night,Gastroenterology,4
coughing blood mild to moderate,Pulmonology,5
red eye chronic,Ophthalmology,10
thyroid swelling worsening at night,Endocrinology,6
palpitations sudden onset,Cardiology,0
increased thirst chronic,Endocrinology,6
nasal congestion,ENT,11
confusion sudden onset,Neurology,1
dialysis related after eating,Nephrology,12
thyroid swelling mild to moderate,Endocrinology,6
thyroid swelling since 2 days,Endocrinology,6
chest congestion,Pulmonology,5
squinting since 1 week,Ophthalmology,10
floaters in vision after eating,Ophthalmology,10
eczema flare worsening at night,Dermatology,3
excessive sweating with fever,Endocrinology,6
swollen ankles since 1 week,Cardiology,0
cold intolerance since 2 days,Endocrinology,6
anxiety after eating,Psychiatry,9
fever mild to moderate,General Medicine,13
diabetes symptoms in the morning,Endocrinology,6
fainting in the morning,Neurology,1
insomnia with fever,Psychiatry,9
frequent UTI,Nephrology,12
suicidal thoughts sudden onset,Psychiatry,9
thyroid swelling since 1 week,Endocrinology,6
snoring worsening at night,ENT,11
yellow eyes after eating,Gastroenterology,4
foot pain in morning after eating,Orthopedics,2
sudden weight gain in the morning,Endocrinology,6
hip pain while walking,Orthopedics,2
anxiety after eating,Psychiatry,9
kidney pain in the morning,Nephrology,12
allergic skin reaction with fever,Dermatology,3
allergic skin reaction,Dermatology,3
chest pain since 2 days,Cardiology,0
breathlessness at night mild to moderate,Pulmonology,5
vaccination mild to moderate,Pediatrics,8
dizziness after eating,Neurology,1
chest congestion since 1 week,Pulmonology,5
swollen face in morning chronic,Nephrology,12
pregnancy symptoms after eating,Gynecology,7
skin rash chronic,Dermatology,3
stress,Psychiatry,9
joint swelling after eating,Orthopedics,2
pregnancy symptoms,Gynecology,7
stress mild to moderate,Psychiatry,9
swollen face in morning with fever,Nephrology,12
menopause symptoms with fever,Gynecology,7
coughing blood worsening at night,Pulmonology,5
newborn jaundice since 1 week,Pediatrics,8
fracture after eating,Orthopedics,2
heart racing,Cardiology,0
chest congestion with fever,Pulmonology,5
neck stiffness mild to moderate,Orthopedics,2
tonsillitis,ENT,11
general checkup after eating,General Medicine,13
heart racing after eating,Cardiology,0
eye pain sudden onset,Ophthalmology,10
fatigue in the morning,Endocrinology,6
diabetes symptoms with fever,Endocrinology,6
eye pain in the morning,Ophthalmology,10
cold and cough mild to moderate,General Medicine,13
cough for 3 weeks sudden onset,Pulmonology,5
mood swings with fever,Psychiatry,9
runny nose since 2 days,ENT,11
psoriasis patches chronic,Dermatology,3
general checkup,General Medicine,13
panic attacks sudden onset,Psychiatry,9
chest congestion worsening at night,Pulmonology,5
diabetes symptoms,Endocrinology,6
darkening of skin with fever,Dermatology,3
thyroid swelling mild to moderate,Endocrinology,6
TB symptoms in the morning,Pulmonology,5
stomach pain since 2 days,Gastroenterology,4
hearing loss with fever,ENT,11
boil on skin since 1 week,Dermatology,3
heart racing since 2 days,Cardiology,0
dizziness while climbing stairs in the morning,Cardiology,0
seizures,Neurology,1
child ear pain in the morning,Pediatrics,8
hair thinning after eating,Endocrinology,6
thyroid swelling worsening at night,Endocrinology,6
yellow eyes with fever,Gastroenterology,4
irregular heartbeat chronic,Cardiology,0
vaginal discharge after eating,Gynecology,7
nail discoloration sudden onset,Dermatology,3
hair thinning in the morning,Endocrinology,6
foamy urine mild to moderate,Nephrology,12
decreased urine output since 2 days,Nephrology,12
skin rash since 2 days,Dermatology,3
breathlessness on exertion worsening at night,Cardiology,0
swollen face in morning,Nephrology,12
nail discoloration after eating,Dermatology,3
wheezing after eating,Pulmonology,5
numbness in face mild to moderate,Neurology,1
child rash mild to moderate,Pediatrics,8
breathlessness on exertion since 2 days,Cardiology,0
squinting worsening at night,Ophthalmology,10
psoriasis patches after eating,Dermatology,3
shoulder stiffness mild to moderate,Orthopedics,2
breathlessness on exertion in the morning,Cardiology,0
hair loss with fever,Dermatology,3
swollen face in morning worsening at night,Nephrology,12
heart racing,Cardiology,0
constipation chronic,Gastroenterology,4
breathlessness on exertion after eating,Cardiology,0
pregnancy symptoms chronic,Gynecology,7
chest tightness at rest mild to moderate,Cardiology,0
swollen wrist sudden onset,Orthopedics,2
sore throat with fever,ENT,11
PCOD symptoms since 2 days,Gynecology,7
coughing blood chronic,Pulmonology,5
constipation worsening at night,Gastroenterology,4
numbness in face worsening at night,Neurology,1
fatigue,General Medicine,13
vomiting after eating,Gastroenterology,4
infant not feeding chronic,Pediatrics,8
red eye sudden onset,Ophthalmology,10
kidney pain with fever,Nephrology,12
fever in the morning,General Medicine,13
palpitations since 2 days,Cardiology,0
menstrual cramps since 2 days,Gynecology,7
slurred speech mild to moderate,Neurology,1
knee pain in the morning,Orthopedics,2
hormonal imbalance with fever,Gynecology,7
shortness of breath since 2 days,Cardiology,0
dizziness while climbing stairs mild to moderate,Cardiology,0
nasal congestion with fever,ENT,11
vaccination,Pediatrics,8
acid reflux sudden onset,Gastroenterology,4
anxiety in the morning,Psychiatry,9
blurry vision in the morning,Ophthalmology,10
squinting worsening at night,Ophthalmology,10
blood in urine since 1 week,Nephrology,12
numbness in face sudden onset,Neurology,1
child fever mild to moderate,Pediatrics,8
breast lump,Gynecology,7
swollen face in morning chronic,Nephrology,12
vaginal discharge since 1 week,Gynecology,7
depression chronic,Psychiatry,9
shoulder stiffness in the morning,Orthopedics,2
psoriasis patches mild to moderate,Dermatology,3
joint swelling since 2 days,Orthopedics,2
foamy urine sudden onset,Nephrology,12
allergic skin reaction since 2 days,Dermatology,3
asthma attack with fever,Pulmonology,5
breathlessness at night sudden onset,Pulmonology,5
diabetes symptoms worsening at night,Endocrinology,6
infant not feeding in the morning,Pediatrics,8
vaginal discharge sudden onset,Gynecology,7
constipation chronic,Gastroenterology,4
diabetes symptoms since 2 days,Endocrinology,6
dizziness while climbing stairs mild to moderate,Cardiology,0
childhood asthma since 2 days,Pediatrics,8
smoking related cough mild to moderate,Pulmonology,5
frequent UTI in the morning,Nephrology,12
vomiting with fever,Gastroenterology,4
vertigo mild to moderate,ENT,11
chest pressure mild to moderate,Cardiology,0
dizziness since 1 week,Neurology,1
fracture worsening at night,Orthopedics,2
boil on skin,Dermatology,3
psoriasis patches worsening at night,Dermatology,3
diarrhea after eating,Gastroenterology,4
difficulty swallowing,Gastroenterology,4
dengue symptoms after eating,General Medicine,13
suicidal thoughts worsening at night,Psychiatry,9
irregular heartbeat sudden onset,Cardiology,0
frequent chest infections worsening at night,Pulmonology,5
chest congestion in the morning,Pulmonology,5
slurred speech since 1 week,Neurology,1
coughing blood since 2 days,Pulmonology,5
frequent urination worsening at night,Endocrinology,6
neck stiffness mild to moderate,Orthopedics,2
frequent chest infections since 1 week,Pulmonology,5
nausea after eating,Gastroenterology,4
irregular heartbeat mild to moderate,Cardiology,0
general checkup in the morning,General Medicine,13
body ache with fever,General Medicine,13
fracture mild to moderate,Orthopedics,2
blurry vision sudden onset,Ophthalmology,10
weakness on one side since 1 week,Neurology,1
weakness since 2 days,General Medicine,13
smoking related cough worsening at night,Pulmonology,5
psoriasis patches in the morning,Dermatology,3
anxiety since 1 week,Psychiatry,9
red eye sudden onset,Ophthalmology,10
numbness in face chronic,Neurology,1
chest congestion since 1 week,Pulmonology,5
vomiting sudden onset,Gastroenterology,4
back pain in the morning,Orthopedics,2
general checkup since 1 week,General Medicine,13
health certificate since 1 week,General Medicine,13
joint swelling worsening at night,Orthopedics,2
tingling in hands sudden onset,Neurology,1
joint swelling since 1 week,Orthopedics,2
difficulty swallowing worsening at night,Gastroenterology,4
darkening of skin,Dermatology,3
irregular periods sudden onset,Gynecology,7
decreased urine output after eating,Nephrology,12
slurred speech chronic,Neurology,1
bloating after eating,Gastroenterology,4
seizures worsening at night,Neurology,1
foot pain in morning since 2 days,Orthopedics,2
childhood asthma with fever,Pediatrics,8
increased thirst since 2 days,Endocrinology,6
palpitations with fever,Cardiology,0
allergic skin reaction worsening at night,Dermatology,3
confusion worsening at night,Neurology,1
sore throat since 2 days,ENT,11
typhoid symptoms,General Medicine,13
pelvic pain after eating,Gynecology,7
psoriasis patches sudden onset,Dermatology,3
frequent urination since 2 days,Endocrinology,6
acid reflux chronic,Gastroenterology,4
neck stiffness in the morning,Orthopedics,2
decreased urine output mild to moderate,Nephrology,12
blurry vision mild to moderate,Ophthalmology,10
diarrhea chronic,Gastroenterology,4
child fever worsening at night,Pediatrics,8
back pain chronic,Orthopedics,2
blurry vision worsening at night,Ophthalmology,10
cataract after eating,Ophthalmology,10
general checkup mild to moderate,General Medicine,13
eye pain in the morning,Ophthalmology,10
body ache chronic,General Medicine,13
malaria symptoms mild to moderate,General Medicine,13
snoring with fever,ENT,11
typhoid symptoms worsening at night,General Medicine,13
foot pain in morning since 2 days,Orthopedics,2
typhoid symptoms mild to moderate,General Medicine,13
squinting chronic,Ophthalmology,10
chest congestion since 2 days,Pulmonology,5
child fever since 1 week,Pediatrics,8
memory loss after eating,Neurology,1
liver pain after eating,Gastroenterology,4
chest pain in the morning,Cardiology,0
joint swelling,Orthopedics,2
vaccination with fever,Pediatrics,8
delayed milestones with fever,Pediatrics,8
sore throat,ENT,11
swollen face in morning worsening at night,Nephrology,12
child fever worsening at night,Pediatrics,8
itching worsening at night,Dermatology,3
fainting mild to moderate,Neurology,1
cough for 3 weeks after eating,Pulmonology,5
asthma attack sudden onset,Pulmonology,5
child ear pain with fever,Pediatrics,8
sinusitis with fever,ENT,11
heart racing worsening at night,Cardiology,0
constipation,Gastroenterology,4
vision blurring suddenly worsening at night,Neurology,1
eczema flare worsening at night,Dermatology,3
excessive sweating with fever,Endocrinology,6
increased thirst after eating,Endocrinology,6
foamy urine after eating,Nephrology,12
breathlessness on exertion chronic,Cardiology,0
fracture,Orthopedics,2
watery eyes since 1 week,Ophthalmology,10
itching chronic,Dermatology,3
newborn jaundice with fever,Pediatrics,8
excessive sweating with fever,Endocrinology,6
hormonal imbalance with fever,Gynecology,7
squinting after eating,Ophthalmology,10
dengue symptoms in the morning,General Medicine,13
watery eyes since 2 days,Ophthalmology,10
nasal congestion since 1 week,ENT,11
knee pain with fever,Orthopedics,2
fatigue after eating,Endocrinology,6
breast lump since 1 week,Gynecology,7
swollen face in morning with fever,Nephrology,12
frequent urination mild to moderate,Endocrinology,6
eye pain worsening at night,Ophthalmology,10
body ache chronic,General Medicine,13
hip pain while walking after eating,Orthopedics,2
general checkup since 1 week,General Medicine,13
asthma attack sudden onset,Pulmonology,5
TB symptoms sudden onset,Pulmonology,5
childhood asthma worsening at night,Pediatrics,8
cataract chronic,Ophthalmology,10
nail discoloration chronic,Dermatology,3
glaucoma symptoms worsening at night,Ophthalmology,10
hearing loss with fever,ENT,11
dialysis related mild to moderate,Nephrology,12
thyroid swelling with fever,Endocrinology,6
bloating sudden onset,Gastroenterology,4
suicidal thoughts with fever,Psychiatry,9
smoking related cough since 1 week,Pulmonology,5
increased thirst chronic,Endocrinology,6
malaria symptoms after eating,General Medicine,13
schizophrenia symptoms after eating,Psychiatry,9
panic attacks sudden onset,Psychiatry,9
frequent UTI sudden onset,Nephrology,12
vaginal discharge sudden onset,Gynecology,7
dialysis related after eating,Nephrology,12
health certificate mild to moderate,General Medicine,13
smoking related cough,Pulmonology,5
psoriasis patches,Dermatology,3
pelvic pain worsening at night,Gynecology,7
slurred speech sudden onset,Neurology,1
depression since 1 week,Psychiatry,9
child fever with fever,Pediatrics,8
foot pain in morning mild to moderate,Orthopedics,2
acid reflux after eating,Gastroenterology,4
vaccination mild to moderate,Pediatrics,8
eczema flare with fever,Dermatology,3
nail discoloration worsening at night,Dermatology,3
neck stiffness chronic,Orthopedics,2
vertigo worsening at night,ENT,11
child rash worsening at night,Pediatrics,8
hip pain while walking with fever,Orthopedics,2
menopause symptoms chronic,Gynecology,7
floaters in vision since 2 days,Ophthalmology,10
sore throat mild to moderate,ENT,11
irregular heartbeat in the morning,Cardiology,0
nausea,Gastroenterology,4
childhood asthma after eating,Pediatrics,8
eczema flare,Dermatology,3
skin rash,Dermatology,3
chest tightness at rest with fever,Cardiology,0
malaria symptoms after eating,General Medicine,13
decreased urine output after eating,Nephrology,12
sudden weight gain chronic,Endocrinology,6
knee pain sudden onset,Orthopedics,2
constipation,Gastroenterology,4
frequent urination with fever,Endocrinology,6
sore throat since 2 days,ENT,11
asthma attack since 2 days,Pulmonology,5
malaria symptoms chronic,General Medicine,13
cold intolerance sudden onset,Endocrinology,6
frequent UTI chronic,Nephrology,12
hip pain while walking worsening at night,Orthopedics,2
decreased urine output in the morning,Nephrology,12
child fever mild to moderate,Pediatrics,8
hormonal imbalance in the morning,Gynecology,7
frequent urination chronic,Endocrinology,6
kidney pain in the morning,Nephrology,12
weakness since 1 week,General Medicine,13
excessive sweating since 2 days,Endocrinology,6
thyroid swelling after eating,Endocrinology,6
typhoid symptoms worsening at night,General Medicine,13
darkening of skin sudden onset,Dermatology,3
knee pain,Orthopedics,2
tonsillitis sudden onset,ENT,11
fatigue since 2 days,Endocrinology,6
squinting in the morning,Ophthalmology,10
swollen ankles after eating,Cardiology,0
difficulty swallowing with fever,Gastroenterology,4
newborn jaundice in the morning,Pediatrics,8
bone pain mild to moderate,Orthopedics,2
dialysis related since 2 days,Nephrology,12
hair thinning since 2 days,Endocrinology,6
swollen ankles in the morning,Cardiology,0
frequent UTI chronic,Nephrology,12
excessive sweating worsening at night,Endocrinology,6
breathlessness on exertion,Cardiology,0
foot pain in morning,Orthopedics,2
fever with fever,General Medicine,13
irregular periods after eating,Gynecology,7
irregular heartbeat since 2 days,Cardiology,0
hearing loss since 1 week,ENT,11
glaucoma symptoms mild to moderate,Ophthalmology,10
liver pain after eating,Gastroenterology,4
childhood asthma chronic,Pediatrics,8
vertigo worsening at night,ENT,11
fatigue since 1 week,General Medicine,13
blood in urine sudden onset,Nephrology,12
blood in urine,Nephrology,12
shortness of breath,Cardiology,0
TB symptoms,Pulmonology,5
mood swings chronic,Psychiatry,9
nasal congestion after eating,ENT,11
floaters in vision in the morning,Ophthalmology,10
knee pain mild to moderate,Orthopedics,2
diabetes symptoms in the morning,Endocrinology,6
blood in urine with fever,Nephrology,12
tonsillitis worsening at night,ENT,11
blood in urine with fever,Nephrology,12
runny nose since 1 week,ENT,11
frequent urination in the morning,Endocrinology,6
fatigue sudden onset,Endocrinology,6
anxiety sudden onset,Psychiatry,9
shortness of breath chronic,Cardiology,0
runny nose since 2 days,ENT,11
increased thirst after eating,Endocrinology,6
depression since 2 days,Psychiatry,9
memory loss worsening at night,Neurology,1
yellow eyes,Gastroenterology,4
general checkup after eating,General Medicine,13
thyroid swelling worsening at night,Endocrinology,6
acne worsening at night,Dermatology,3
typhoid symptoms since 2 days,General Medicine,13
frequent chest infections since 2 days,Pulmonology,5
PCOD symptoms in the morning,Gynecology,7
blood in urine with fever,Nephrology,12
psoriasis patches sudden onset,Dermatology,3
hair loss after eating,Dermatology,3
numbness in face,Neurology,1
breathlessness at night in the morning,Pulmonology,5
squinting sudden onset,Ophthalmology,10
menopause symptoms with fever,Gynecology,7
hair thinning with fever,Endocrinology,6
child ear pain with fever,Pediatrics,8
neck stiffness mild to moderate,Orthopedics,2
ear pain after eating,ENT,11
squinting since 2 days,Ophthalmology,10
cataract after eating,Ophthalmology,10
malaria symptoms since 1 week,General Medicine,13
foamy urine since 2 days,Nephrology,12
chest pressure worsening at night,Cardiology,0
bone pain worsening at night,Orthopedics,2
sinusitis,ENT,11
weakness on one side since 2 days,Neurology,1
dengue symptoms chronic,General Medicine,13
eye pain with fever,Ophthalmology,10
liver pain,Gastroenterology,4
schizophrenia symptoms in the morning,Psychiatry,9
difficulty swallowing,Gastroenterology,4
blurry vision chronic,Ophthalmology,10
neck stiffness since 2 days,Orthopedics,2
heart racing,Cardiology,0
health certificate sudden onset,General Medicine,13
frequent chest infections in the morning,Pulmonology,5
yellow eyes since 2 days,Gastroenterology,4
constipation mild to moderate,Gastroenterology,4
phobia worsening at night,Psychiatry,9
seizures,Neurology,1
child rash,Pediatrics,8
breathlessness at night since 1 week,Pulmonology,5
vision blurring suddenly chronic,Neurology,1
cough for 3 weeks in the morning,Pulmonology,5
dizziness while climbing stairs worsening at night,Cardiology,0
nasal congestion after eating,ENT,11
pelvic pain in the morning,Gynecology,7
blood in urine with fever,Nephrology,12
back pain after eating,Orthopedics,2
depression since 1 week,Psychiatry,9
health certificate with fever,General Medicine,13
nausea,Gastroenterology,4
suicidal thoughts worsening at night,Psychiatry,9
nausea sudden onset,Gastroenterology,4
diarrhea sudden onset,Gastroenterology,4
cataract after eating,Ophthalmology,10
loss of appetite since 2 days,General Medicine,13
weakness on one side with fever,Neurology,1
dialysis related chronic,Nephrology,12
squinting,Ophthalmology,10
pregnancy symptoms since 1 week,Gynecology,7
depression sudden onset,Psychiatry,9
frequent chest infections sudden onset,Pulmonology,5
loss of appetite sudden onset,General Medicine,13
frequent UTI with fever,Nephrology,12
liver pain since 1 week,Gastroenterology,4
fatigue after eating,General Medicine,13
stress after eating,Psychiatry,9
mood swings after eating,Psychiatry,9
ear pain sudden onset,ENT,11
dizziness since 1 week,Neurology,1
back pain sudden onset,Orthopedics,2
blood in stool since 2 days,Gastroenterology,4
swollen wrist chronic,Orthopedics,2
cataract sudden onset,Ophthalmology,10
difficulty swallowing worsening at night,Gastroenterology,4
snoring in the morning,ENT,11
typhoid symptoms in the morning,General Medicine,13
tonsillitis since 2 days,ENT,11
foamy urine worsening at night,Nephrology,12
frequent urination,Endocrinology,6
shortness of breath with fever,Cardiology,0
blood in stool worsening at night,Gastroenterology,4
sore throat after eating,ENT,11
weakness since 2 days,General Medicine,13
child rash chronic,Pediatrics,8
stress worsening at night,Psychiatry,9
snoring with fever,ENT,11
snoring mild to moderate,ENT,11
stress,Psychiatry,9
yellow eyes since 1 week,Gastroenterology,4
snoring worsening at night,ENT,11
shortness of breath worsening at night,Cardiology,0
cold and cough since 2 days,General Medicine,13
hormonal imbalance since 2 days,Gynecology,7
mood swings worsening at night,Psychiatry,9
vaginal discharge sudden onset,Gynecology,7
newborn jaundice mild to moderate,Pediatrics,8
stomach pain with fever,Gastroenterology,4
pregnancy symptoms chronic,Gynecology,7
hormonal imbalance after eating,Gynecology,7
yellow eyes after eating,Gastroenterology,4
seizures in the morning,Neurology,1
loss of appetite with fever,General Medicine,13
darkening of skin chronic,Dermatology,3
back pain after eating,Orthopedics,2
chest pain after eating,Cardiology,0
sore throat with fever,ENT,11
eye pain mild to moderate,Ophthalmology,10
shoulder stiffness sudden onset,Orthopedics,2
blurry vision in the morning,Ophthalmology,10
vaccination in the morning,Pediatrics,8
floaters in vision worsening at night,Ophthalmology,10
smoking related cough after eating,Pulmonology,5
yellow eyes,Gastroenterology,4
hair thinning with fever,Endocrinology,6
squinting sudden onset,Ophthalmology,10
chest pain sudden onset,Cardiology,0
menopause symptoms chronic,Gynecology,7
pregnancy symptoms with fever,Gynecology,7
stomach pain after eating,Gastroenterology,4
shoulder stiffness with fever,Orthopedics,2
joint swelling after eating,Orthopedics,2
hearing loss since 1 week,ENT,11
breathlessness at night mild to moderate,Pulmonology,5
irregular heartbeat,Cardiology,0
psoriasis patches mild to moderate,Dermatology,3
breast lump chronic,Gynecology,7
asthma attack,Pulmonology,5
coughing blood since 1 week,Pulmonology,5
psoriasis patches worsening at night,Dermatology,3
runny nose worsening at night,ENT,11
smoking related cough sudden onset,Pulmonology,5
bone pain in the morning,Orthopedics,2
sudden weight gain after eating,Endocrinology,6
swollen wrist mild to moderate,Orthopedics,2
diarrhea worsening at night,Gastroenterology,4
newborn jaundice with fever,Pediatrics,8
infant not feeding sudden onset,Pediatrics,8
breast lump with fever,Gynecology,7
newborn jaundice mild to moderate,Pediatrics,8
tonsillitis since 1 week,ENT,11
cold intolerance chronic,Endocrinology,6
acid reflux after eating,Gastroenterology,4
back pain,Orthopedics,2
eczema flare after eating,Dermatology,3
eye pain,Ophthalmology,10
fracture since 2 days,Orthopedics,2
fainting since 2 days,Neurology,1
frequent UTI,Nephrology,12
delayed milestones,Pediatrics,8
fatigue after eating,Endocrinology,6
frequent UTI since 2 days,Nephrology,12
child ear pain sudden onset,Pediatrics,8
ear pain,ENT,11
hip pain while walking worsening at night,Orthopedics,2
anxiety since 2 days,Psychiatry,9
delayed milestones since 1 week,Pediatrics,8
increased thirst sudden onset,Endocrinology,6
chest congestion mild to moderate,Pulmonology,5
stomach pain with fever,Gastroenterology,4
mood swings in the morning,Psychiatry,9
cataract sudden onset,Ophthalmology,10
breathlessness on exertion mild to moderate,Cardiology,0
schizophrenia symptoms worsening at night,Psychiatry,9
tonsillitis in the morning,ENT,11
cough for 3 weeks chronic,Pulmonology,5
slurred speech in the morning,Neurology,1
stomach pain chronic,Gastroenterology,4
smoking related cough chronic,Pulmonology,5
anxiety since 1 week,Psychiatry,9
dialysis related chronic,Nephrology,12
vomiting sudden onset,Gastroenterology,4
squinting after eating,Ophthalmology,10
foot pain in morning sudden onset,Orthopedics,2
liver pain in the morning,Gastroenterology,4
breathlessness on exertion,Cardiology,0
hair loss in the morning,Dermatology,3
eye pain mild to moderate,Ophthalmology,10
cough for 3 weeks chronic,Pulmonology,5
malaria symptoms after eating,General Medicine,13
constipation worsening at night,Gastroenterology,4
stomach pain sudden onset,Gastroenterology,4
diarrhea with fever,Gastroenterology,4
diarrhea chronic,Gastroenterology,4
glaucoma symptoms after eating,Ophthalmology,10
vomiting sudden onset,Gastroenterology,4
eye pain since 2 days,Ophthalmology,10
tingling in hands mild to moderate,Neurology,1
kidney pain chronic,Nephrology,12
smoking related cough in the morning,Pulmonology,5
chest congestion since 1 week,Pulmonology,5
difficulty swallowing sudden onset,Gastroenterology,4
general checkup mild to moderate,General Medicine,13
acid reflux sudden onset,Gastroenterology,4
vaginal discharge chronic,Gynecology,7
dengue symptoms worsening at night,General Medicine,13
watery eyes since 2 days,Ophthalmology,10
coughing blood since 2 days,Pulmonology,5
child vomiting since 1 week,Pediatrics,8
suicidal thoughts sudden onset,Psychiatry,9
blood in urine since 1 week,Nephrology,12
foot pain in morning,Orthopedics,2
TB symptoms chronic,Pulmonology,5
vomiting in the morning,Gastroenterology,4
psoriasis patches since 1 week,Dermatology,3
vision blurring suddenly since 2 days,Neurology,1
eczema flare in the morning,Dermatology,3
panic attacks since 2 days,Psychiatry,9
child ear pain after eating,Pediatrics,8
itching worsening at night,Dermatology,3
diarrhea mild to moderate,Gastroenterology,4
PCOD symptoms,Gynecology,7
menopause symptoms sudden onset,Gynecology,7
wheezing since 1 week,Pulmonology,5
frequent UTI mild to moderate,Nephrology,12
fatigue,General Medicine,13
difficulty swallowing in the morning,Gastroenterology,4
hair loss,Dermatology,3
fever since 1 week,General Medicine,13
cold and cough chronic,General Medicine,13
squinting worsening at night,Ophthalmology,10
delayed milestones in the morning,Pediatrics,8
cold and cough in the morning,General Medicine,13
ear pain since 2 days,ENT,11
menstrual cramps with fever,Gynecology,7
itching in the morning,Dermatology,3
phobia mild to moderate,Psychiatry,9
heart racing mild to moderate,Cardiology,0
kidney pain worsening at night,Nephrology,12
cold and cough in the morning,General Medicine,13
nausea sudden onset,Gastroenterology,4
OCD symptoms with fever,Psychiatry,9
child ear pain in the morning,Pediatrics,8
childhood asthma,Pediatrics,8
blood in stool mild to moderate,Gastroenterology,4
diarrhea since 1 week,Gastroenterology,4
stomach pain since 2 days,Gastroenterology,4
liver pain since 2 days,Gastroenterology,4
irregular heartbeat with fever,Cardiology,0
weakness on one side worsening at night,Neurology,1
suicidal thoughts after eating,Psychiatry,9
sinusitis since 1 week,ENT,11
cataract worsening at night,Ophthalmology,10
allergic skin reaction after eating,Dermatology,3
blood in urine worsening at night,Nephrology,12
frequent chest infections with fever,Pulmonology,5
foamy urine worsening at night,Nephrology,12
dizziness since 2 days,Neurology,1
fainting,Neurology,1
weakness on one side since 2 days,Neurology,1
vertigo mild to moderate,ENT,11
severe headache chronic,Neurology,1
glaucoma symptoms,Ophthalmology,10
ear pain after eating,ENT,11
palpitations chronic,Cardiology,0
swollen ankles,Cardiology,0
menstrual cramps sudden onset,Gynecology,7
cough for 3 weeks in the morning,Pulmonology,5
tingling in hands mild to moderate,Neurology,1
diabetes symptoms mild to moderate,Endocrinology,6
fatigue worsening at night,Endocrinology,6
vaccination mild to moderate,Pediatrics,8
acid reflux after eating,Gastroenterology,4
heart racing worsening at night,Cardiology,0
allergic skin reaction with fever,Dermatology,3
kidney pain since 2 days,Nephrology,12
menopause symptoms chronic,Gynecology,7
frequent UTI sudden onset,Nephrology,12
excessive sweating,Endocrinology,6
frequent UTI since 2 days,Nephrology,12
itching in the morning,Dermatology,3
nasal congestion after eating,ENT,11
foamy urine since 2 days,Nephrology,12
allergic skin reaction mild to moderate,Dermatology,3
malaria symptoms worsening at night,General Medicine,13
squinting mild to moderate,Ophthalmology,10
menopause symptoms,Gynecology,7
skin rash since 1 week,Dermatology,3
swollen ankles since 2 days,Cardiology,0
joint swelling in the morning,Orthopedics,2
malaria symptoms in the morning,General Medicine,13
schizophrenia symptoms after eating,Psychiatry,9
red eye after eating,Ophthalmology,10
numbness in face worsening at night,Neurology,1
acne sudden onset,Dermatology,3
floaters in vision after eating,Ophthalmology,10
mood swings since 2 days,Psychiatry,9
typhoid symptoms chronic,General Medicine,13
acne since 2 days,Dermatology,3
fatigue mild to moderate,Endocrinology,6
sinusitis after eating,ENT,11
pregnancy symptoms after eating,Gynecology,7
fever after eating,General Medicine,13
depression since 1 week,Psychiatry,9
malaria symptoms chronic,General Medicine,13
knee pain in the morning,Orthopedics,2
confusion after eating,Neurology,1
blurry vision,Ophthalmology,10
dengue symptoms mild to moderate,General Medicine,13
increased thirst worsening at night,Endocrinology,6
psoriasis patches in the morning,Dermatology,3
blurry vision,Ophthalmology,10
watery eyes since 1 week,Ophthalmology,10
hearing loss,ENT,11
hearing loss mild to moderate,ENT,11
sinusitis sudden onset,ENT,11
shoulder stiffness worsening at night,Orthopedics,2
excessive sweating since 2 days,Endocrinology,6
neck stiffness worsening at night,Orthopedics,2
delayed milestones with fever,Pediatrics,8
hair thinning since 2 days,Endocrinology,6
glaucoma symptoms chronic,Ophthalmology,10
suicidal thoughts with fever,Psychiatry,9
kidney pain since 2 days,Nephrology,12
acne chronic,Dermatology,3
stomach pain worsening at night,Gastroenterology,4
excessive sweating sudden onset,Endocrinology,6
shortness of breath chronic,Cardiology,0
irregular periods worsening at night,Gynecology,7
confusion sudden onset,Neurology,1
dialysis related chronic,Nephrology,12
cold and cough in the morning,General Medicine,13
child rash since 1 week,Pediatrics,8
hearing loss sudden onset,ENT,11
menstrual cramps,Gynecology,7
dialysis related sudden onset,Nephrology,12
breast lump worsening at night,Gynecology,7
sore throat mild to moderate,ENT,11
eczema flare,Dermatology,3
fracture mild to moderate,Orthopedics,2
swollen ankles since 2 days,Cardiology,0
acne since 1 week,Dermatology,3
sudden weight gain with fever,Endocrinology,6
OCD symptoms,Psychiatry,9
child fever chronic,Pediatrics,8
bone pain after eating,Orthopedics,2
wheezing since 1 week,Pulmonology,5
sudden weight gain mild to moderate,Endocrinology,6
chest pressure mild to moderate,Cardiology,0
nausea after eating,Gastroenterology,4
childhood asthma,Pediatrics,8
liver pain since 1 week,Gastroenterology,4
TB symptoms chronic,Pulmonology,5
nausea since 2 days,Gastroenterology,4
child vomiting in the morning,Pediatrics,8
psoriasis patches in the morning,Dermatology,3
vaccination with fever,Pediatrics,8
foot pain in morning worsening at night,Orthopedics,2
foot pain in morning since 2 days,Orthopedics,2
knee pain worsening at night,Orthopedics,2
chest pain mild to moderate,Cardiology,0
fatigue since 2 days,Endocrinology,6
pregnancy symptoms in the morning,Gynecology,7
squinting worsening at night,Ophthalmology,10
hip pain while walking,Orthopedics,2
acid reflux mild to moderate,Gastroenterology,4
vomiting with fever,Gastroenterology,4
health certificate in the morning,General Medicine,13
ear pain since 2 days,ENT,11
vertigo sudden onset,ENT,11
child ear pain since 1 week,Pediatrics,8
itching mild to moderate,Dermatology,3
phobia after eating,Psychiatry,9
chest tightness at rest mild to moderate,Cardiology,0
loss of appetite since 2 days,General Medicine,13
sinusitis since 2 days,ENT,11
chest pain in the morning,Cardiology,0
tingling in hands since 2 days,Neurology,1
foot pain in morning in the morning,Orthopedics,2
shoulder stiffness with fever,Orthopedics,2
irregular periods in the morning,Gynecology,7
body ache with fever,General Medicine,13
chest congestion with fever,Pulmonology,5
cough for 3 weeks mild to moderate,Pulmonology,5
cold intolerance since 2 days,Endocrinology,6
blood in urine after eating,Nephrology,12
memory loss in the morning,Neurology,1
floaters in vision since 1 week,Ophthalmology,10
PCOD symptoms sudden onset,Gynecology,7
cold and cough after eating,General Medicine,13
bone pain after eating,Orthopedics,2
allergic skin reaction with fever,Dermatology,3
increased thirst after eating,Endocrinology,6
hip pain while walking sudden onset,Orthopedics,2
back pain after eating,Orthopedics,2
sinusitis,ENT,11
floaters in vision in the morning,Ophthalmology,10
phobia since 2 days,Psychiatry,9
fracture since 2 days,Orthopedics,2
skin rash since 2 days,Dermatology,3
weakness on one side since 1 week,Neurology,1
frequent chest infections since 2 days,Pulmonology,5
cold intolerance in the morning,Endocrinology,6
stomach pain mild to moderate,Gastroenterology,4
confusion with fever,Neurology,1
anxiety worsening at night,Psychiatry,9
insomnia chronic,Psychiatry,9
sinusitis since 1 week,ENT,11
TB symptoms with fever,Pulmonology,5
vision blurring suddenly in the morning,Neurology,1
snoring worsening at night,ENT,11
breathlessness at night since 1 week,Pulmonology,5
pelvic pain since 2 days,Gynecology,7
nail discoloration sudden onset,Dermatology,3
yellow eyes with fever,Gastroenterology,4
dialysis related chronic,Nephrology,12
darkening of skin since 2 days,Dermatology,3
stress sudden onset,Psychiatry,9
floaters in vision sudden onset,Ophthalmology,10
cataract in the morning,Ophthalmology,10
shortness of breath sudden onset,Cardiology,0
hair thinning in the morning,Endocrinology,6
OCD symptoms with fever,Psychiatry,9
insomnia worsening at night,Psychiatry,9
swollen wrist since 2 days,Orthopedics,2
fatigue with fever,Endocrinology,6
frequent urination since 1 week,Endocrinology,6
vaginal discharge after eating,Gynecology,7
skin rash,Dermatology,3
watery eyes chronic,Ophthalmology,10
anxiety after eating,Psychiatry,9
mood swings,Psychiatry,9
chest pain,Cardiology,0
tonsillitis since 2 days,ENT,11
dizziness after eating,Neurology,1
red eye since 2 days,Ophthalmology,10
fatigue after eating,General Medicine,13
sudden weight gain worsening at night,Endocrinology,6
acne since 2 days,Dermatology,3
vision blurring suddenly mild to moderate,Neurology,1
hearing loss since 1 week,ENT,11
anxiety worsening at night,Psychiatry,9
liver pain in the morning,Gastroenterology,4
skin rash chronic,Dermatology,3
dizziness mild to moderate,Neurology,1
general checkup since 2 days,General Medicine,13
vaginal discharge since 1 week,Gynecology,7
skin rash mild to moderate,Dermatology,3
bone pain sudden onset,Orthopedics,2
pregnancy symptoms sudden onset,Gynecology,7
blurry vision in the morning,Ophthalmology,10
diarrhea sudden onset,Gastroenterology,4
stomach pain after eating,Gastroenterology,4
fainting with fever,Neurology,1
diarrhea with fever,Gastroenterology,4
confusion with fever,Neurology,1
chest tightness at rest in the morning,Cardiology,0
vertigo after eating,ENT,11
chest pressure with fever,Cardiology,0
blood in urine since 2 days,Nephrology,12
snoring sudden onset,ENT,11
cataract since 1 week,Ophthalmology,10
insulin resistance,Endocrinology,6
red eye with fever,Ophthalmology,10
irregular periods since 1 week,Gynecology,7
numbness in face worsening at night,Neurology,1
loss of appetite with fever,General Medicine,13
newborn jaundice chronic,Pediatrics,8
chest tightness at rest with fever,Cardiology,0
OCD symptoms since 1 week,Psychiatry,9
frequent urination mild to moderate,Endocrinology,6
fatigue chronic,General Medicine,13
chest congestion,Pulmonology,5
excessive sweating after eating,Endocrinology,6
health certificate sudden onset,General Medicine,13
TB symptoms with fever,Pulmonology,5
watery eyes mild to moderate,Ophthalmology,10
acid reflux since 1 week,Gastroenterology,4
diabetes symptoms worsening at night,Endocrinology,6
bloating in the morning,Gastroenterology,4
dizziness while climbing stairs in the morning,Cardiology,0
foot pain in morning worsening at night,Orthopedics,2
child fever in the morning,Pediatrics,8
body ache worsening at night,General Medicine,13
shortness of breath with fever,Cardiology,0
decreased urine output chronic,Nephrology,12
hair thinning sudden onset,Endocrinology,6
dialysis related since 1 week,Nephrology,12
darkening of skin since 2 days,Dermatology,3
schizophrenia symptoms sudden onset,Psychiatry,9
child rash worsening at night,Pediatrics,8
suicidal thoughts since 2 days,Psychiatry,9
foot pain in morning since 1 week,Orthopedics,2
cataract worsening at night,Ophthalmology,10
eczema flare worsening at night,Dermatology,3
tingling in hands with fever,Neurology,1
coughing blood with fever,Pulmonology,5
depression worsening at night,Psychiatry,9
skin rash chronic,Dermatology,3
kidney pain,Nephrology,12
foot pain in morning in the morning,Orthopedics,2
tingling in hands,Neurology,1
dizziness while climbing stairs with fever,Cardiology,0
child ear pain after eating,Pediatrics,8
body ache since 2 days,General Medicine,13
boil on skin after eating,Dermatology,3
vaginal discharge in the morning,Gynecology,7
depression in the morning,Psychiatry,9
vision blurring suddenly worsening at night,Neurology,1
runny nose after eating,ENT,11
wheezing after eating,Pulmonology,5
vomiting mild to moderate,Gastroenterology,4
child rash with fever,Pediatrics,8
confusion chronic,Neurology,1
insomnia since 1 week,Psychiatry,9
irregular periods in the morning,Gynecology,7
chest congestion,Pulmonology,5
child fever sudden onset,Pediatrics,8
depression since 2 days,Psychiatry,9
acid reflux mild to moderate,Gastroenterology,4
sinusitis sudden onset,ENT,11
vomiting with fever,Gastroenterology,4
skin rash since 2 days,Dermatology,3
mood swings chronic,Psychiatry,9
OCD symptoms chronic,Psychiatry,9
chest tightness at rest,Cardiology,0
squinting since 2 days,Ophthalmology,10
tonsillitis,ENT,11
child fever since 2 days,Pediatrics,8
foamy urine mild to moderate,Nephrology,12
tonsillitis worsening at night,ENT,11
tingling in hands in the morning,Neurology,1
smoking related cough chronic,Pulmonology,5
insulin resistance since 1 week,Endocrinology,6
joint swelling sudden onset,Orthopedics,2
insulin resistance worsening at night,Endocrinology,6
irregular periods since 1 week,Gynecology,7
menopause symptoms after eating,Gynecology,7
vaginal discharge worsening at night,Gynecology,7
vision blurring suddenly mild to moderate,Neurology,1
liver pain chronic,Gastroenterology,4
eye pain after eating,Ophthalmology,10
stomach pain worsening at night,Gastroenterology,4
kidney pain since 2 days,Nephrology,12
cough for 3 weeks chronic,Pulmonology,5
delayed milestones sudden onset,Pediatrics,8
back pain after eating,Orthopedics,2
body ache in the morning,General Medicine,13
phobia sudden onset,Psychiatry,9
excessive sweating sudden onset,Endocrinology,6
anxiety after eating,Psychiatry,9
stress in the morning,Psychiatry,9
PCOD symptoms mild to moderate,Gynecology,7
cataract in the morning,Ophthalmology,10
PCOD symptoms chronic,Gynecology,7
typhoid symptoms since 2 days,General Medicine,13
severe headache chronic,Neurology,1
liver pain since 1 week,Gastroenterology,4
skin rash in the morning,Dermatology,3
irregular periods,Gynecology,7
acne,Dermatology,3
diarrhea since 1 week,Gastroenterology,4
palpitations worsening at night,Cardiology,0
schizophrenia symptoms sudden onset,Psychiatry,9
breathlessness at night chronic,Pulmonology,5
diabetes symptoms with fever,Endocrinology,6
squinting since 2 days,Ophthalmology,10
skin rash chronic,Dermatology,3
shortness of breath since 1 week,Cardiology,0
tingling in hands,Neurology,1
malaria symptoms worsening at night,General Medicine,13
menstrual cramps since 1 week,Gynecology,7
decreased urine output after eating,Nephrology,12
chest tightness at rest in the morning,Cardiology,0
frequent chest infections since 1 week,Pulmonology,5
menopause symptoms since 1 week,Gynecology,7
runny nose,ENT,11
vertigo worsening at night,ENT,11
child ear pain since 2 days,Pediatrics,8
shoulder stiffness since 2 days,Orthopedics,2
acne,Dermatology,3
acne,Dermatology,3
blood in urine,Nephrology,12
slurred speech,Neurology,1
delayed milestones,Pediatrics,8
childhood asthma since 2 days,Pediatrics,8
pregnancy symptoms,Gynecology,7
dialysis related after eating,Nephrology,12
fever with fever,General Medicine,13
pregnancy symptoms after eating,Gynecology,7
general checkup worsening at night,General Medicine,13
snoring since 1 week,ENT,11
stomach pain mild to moderate,Gastroenterology,4
cough for 3 weeks worsening at night,Pulmonology,5
ear pain mild to moderate,ENT,11
increased thirst chronic,Endocrinology,6
increased thirst with fever,Endocrinology,6
glaucoma symptoms since 2 days,Ophthalmology,10
frequent urination chronic,Endocrinology,6
menstrual cramps mild to moderate,Gynecology,7
numbness in face since 1 week,Neurology,1
child ear pain sudden onset,Pediatrics,8
floaters in vision since 1 week,Ophthalmology,10
nail discoloration,Dermatology,3
sore throat in the morning,ENT,11
menstrual cramps since 1 week,Gynecology,7
menopause symptoms,Gynecology,7
infant not feeding in the morning,Pediatrics,8
phobia since 1 week,Psychiatry,9
allergic skin reaction sudden onset,Dermatology,3
PCOD symptoms since 2 days,Gynecology,7
general checkup chronic,General Medicine,13
pelvic pain mild to moderate,Gynecology,7
skin rash in the morning,Dermatology,3
vision blurring suddenly since 1 week,Neurology,1
schizophrenia symptoms since 2 days,Psychiatry,9
pregnancy symptoms since 2 days,Gynecology,7
swollen wrist chronic,Orthopedics,2
PCOD symptoms after eating,Gynecology,7
nail discoloration,Dermatology,3
breast lump with fever,Gynecology,7
coughing blood after eating,Pulmonology,5
asthma attack after eating,Pulmonology,5
pelvic pain with fever,Gynecology,7
acne in the morning,Dermatology,3
phobia with fever,Psychiatry,9
floaters in vision mild to moderate,Ophthalmology,10
dizziness,Neurology,1
tonsillitis in the morning,ENT,11
bone pain in the morning,Orthopedics,2
runny nose with fever,ENT,11
cold and cough with fever,General Medicine,13
diabetes symptoms sudden onset,Endocrinology,6
irregular heartbeat worsening at night,Cardiology,0
vaccination after eating,Pediatrics,8
pelvic pain worsening at night,Gynecology,7
body ache,General Medicine,13
memory loss worsening at night,Neurology,1
eye pain,Ophthalmology,10
shortness of breath since 1 week,Cardiology,0
menstrual cramps after eating,Gynecology,7
insomnia chronic,Psychiatry,9
body ache worsening at night,General Medicine,13
snoring with fever,ENT,11
weakness on one side,Neurology,1
confusion since 1 week,Neurology,1
vision blurring suddenly after eating,Neurology,1
squinting in the morning,Ophthalmology,10
snoring in the morning,ENT,11
decreased urine output since 1 week,Nephrology,12
smoking related cough in the morning,Pulmonology,5
shoulder stiffness since 2 days,Orthopedics,2
itching with fever,Dermatology,3
slurred speech since 2 days,Neurology,1
weakness sudden onset,General Medicine,13
itching worsening at night,Dermatology,3
fatigue worsening at night,Endocrinology,6
glaucoma symptoms mild to moderate,Ophthalmology,10
severe headache with fever,Neurology,1
vaginal discharge sudden onset,Gynecology,7
irregular periods worsening at night,Gynecology,7
excessive sweating after eating,Endocrinology,6
frequent urination in the morning,Endocrinology,6
knee pain mild to moderate,Orthopedics,2
numbness in face,Neurology,1
childhood asthma with fever,Pediatrics,8
vaccination with fever,Pediatrics,8
vision blurring suddenly chronic,Neurology,1
childhood asthma since 1 week,Pediatrics,8
insomnia chronic,Psychiatry,9
malaria symptoms worsening at night,General Medicine,13
bone pain in the morning,Orthopedics,2
frequent UTI worsening at night,Nephrology,12
shortness of breath in the morning,Cardiology,0
chest pressure in the morning,Cardiology,0
breathlessness on exertion after eating,Cardiology,0
typhoid symptoms,General Medicine,13
increased thirst worsening at night,Endocrinology,6
infant not feeding chronic,Pediatrics,8
cold and cough mild to moderate,General Medicine,13
fainting chronic,Neurology,1
fever worsening at night,General Medicine,13
pregnancy symptoms sudden onset,Gynecology,7
knee pain sudden onset,Orthopedics,2
vision blurring suddenly in the morning,Neurology,1
nail discoloration after eating,Dermatology,3
slurred speech with fever,Neurology,1
swollen wrist since 2 days,Orthopedics,2
numbness in face sudden onset,Neurology,1
wheezing worsening at night,Pulmonology,5
cataract with fever,Ophthalmology,10
swollen face in morning since 2 days,Nephrology,12
yellow eyes chronic,Gastroenterology,4
seizures since 1 week,Neurology,1
eczema flare after eating,Dermatology,3
bloating sudden onset,Gastroenterology,4
child ear pain since 2 days,Pediatrics,8
dizziness while climbing stairs after eating,Cardiology,0
fever after eating,General Medicine,13
vomiting worsening at night,Gastroenterology,4
ear pain since 2 days,ENT,11
frequent urination,Endocrinology,6
insomnia since 2 days,Psychiatry,9
nasal congestion with fever,ENT,11
irregular heartbeat with fever,Cardiology,0
cough for 3 weeks sudden onset,Pulmonology,5
watery eyes since 1 week,Ophthalmology,10
hormonal imbalance mild to moderate,Gynecology,7
phobia,Psychiatry,9
difficulty swallowing in the morning,Gastroenterology,4
chest congestion since 2 days,Pulmonology,5
fatigue sudden onset,General Medicine,13
weakness on one side since 2 days,Neurology,1
nausea mild to moderate,Gastroenterology,4
menstrual cramps with fever,Gynecology,7
panic attacks with fever,Psychiatry,9
knee pain since 2 days,Orthopedics,2
tingling in hands,Neurology,1
thyroid swelling sudden onset,Endocrinology,6
newborn jaundice mild to moderate,Pediatrics,8
squinting after eating,Ophthalmology,10
breast lump since 2 days,Gynecology,7
boil on skin worsening at night,Dermatology,3
skin rash after eating,Dermatology,3
panic attacks since 1 week,Psychiatry,9
blurry vision after eating,Ophthalmology,10
PCOD symptoms mild to moderate,Gynecology,7
runny nose in the morning,ENT,11
kidney pain,Nephrology,12
newborn jaundice since 1 week,Pediatrics,8
dengue symptoms after eating,General Medicine,13
health certificate chronic,General Medicine,13
chest pressure with fever,Cardiology,0
body ache worsening at night,General Medicine,13
tonsillitis after eating,ENT,11
delayed milestones chronic,Pediatrics,8
shoulder stiffness mild to moderate,Orthopedics,2
foot pain in morning with fever,Orthopedics,2
insulin resistance since 2 days,Endocrinology,6
panic attacks worsening at night,Psychiatry,9
dengue symptoms,General Medicine,13
chest tightness at rest with fever,Cardiology,0
constipation with fever,Gastroenterology,4
skin rash with fever,Dermatology,3
hearing loss with fever,ENT,11
blurry vision in the morning,Ophthalmology,10
hearing loss,ENT,11
frequent UTI since 2 days,Nephrology,12
fainting since 1 week,Neurology,1
allergic skin reaction since 1 week,Dermatology,3
nausea sudden onset,Gastroenterology,4
pregnancy symptoms in the morning,Gynecology,7
vertigo mild to moderate,ENT,11
dizziness while climbing stairs chronic,Cardiology,0
psoriasis patches sudden onset,Dermatology,3
phobia sudden onset,Psychiatry,9
yellow eyes,Gastroenterology,4
irregular heartbeat,Cardiology,0
chest pain since 1 week,Cardiology,0
hair thinning in the morning,Endocrinology,6
wheezing sudden onset,Pulmonology,5
hip pain while walking mild to moderate,Orthopedics,2
newborn jaundice with fever,Pediatrics,8
hearing loss,ENT,11
fracture worsening at night,Orthopedics,2
irregular heartbeat mild to moderate,Cardiology,0
menstrual cramps chronic,Gynecology,7
menopause symptoms sudden onset,Gynecology,7
numbness in face,Neurology,1
blurry vision after eating,Ophthalmology,10
heart racing chronic,Cardiology,0
ear pain worsening at night,ENT,11
TB symptoms worsening at night,Pulmonology,5
nail discoloration in the morning,Dermatology,3
floaters in vision with fever,Ophthalmology,10
fracture chronic,Orthopedics,2
fatigue since 1 week,General Medicine,13
watery eyes mild to moderate,Ophthalmology,10
cold and cough worsening at night,General Medicine,13
skin rash worsening at night,Dermatology,3
dizziness while climbing stairs worsening at night,Cardiology,0
pregnancy symptoms mild to moderate,Gynecology,7
sore throat mild to moderate,ENT,11
vaginal discharge worsening at night,Gynecology,7
fatigue since 1 week,Endocrinology,6
OCD symptoms sudden onset,Psychiatry,9
hair loss chronic,Dermatology,3
schizophrenia symptoms since 2 days,Psychiatry,9
heart racing,Cardiology,0
fainting with fever,Neurology,1
asthma attack,Pulmonology,5
decreased urine output since 2 days,Nephrology,12
fainting chronic,Neurology,1
hearing loss in the morning,ENT,11
memory loss chronic,Neurology,1
allergic skin reaction since 2 days,Dermatology,3
chest congestion with fever,Pulmonology,5
dialysis related chronic,Nephrology,12
neck stiffness mild to moderate,Orthopedics,2
blurry vision worsening at night,Ophthalmology,10
floaters in vision with fever,Ophthalmology,10
hair thinning worsening at night,Endocrinology,6
fracture since 1 week,Orthopedics,2
dialysis related mild to moderate,Nephrology,12
boil on skin since 2 days,Dermatology,3
constipation worsening at night,Gastroenterology,4
foamy urine after eating,Nephrology,12
nasal congestion chronic,ENT,11
vomiting after eating,Gastroenterology,4
thyroid swelling worsening at night,Endocrinology,6
blood in urine mild to moderate,Nephrology,12
child ear pain mild to moderate,Pediatrics,8
infant not feeding chronic,Pediatrics,8
decreased urine output worsening at night,Nephrology,12
phobia,Psychiatry,9
weakness chronic,General Medicine,13
fatigue since 1 week,Endocrinology,6
fatigue worsening at night,Endocrinology,6
vision blurring suddenly,Neurology,1
cold intolerance mild to moderate,Endocrinology,6
darkening of skin after eating,Dermatology,3
vertigo worsening at night,ENT,11
tonsillitis in the morning,ENT,11
coughing blood with fever,Pulmonology,5
child vomiting in the morning,Pediatrics,8
hip pain while walking in the morning,Orthopedics,2
seizures since 1 week,Neurology,1
suicidal thoughts chronic,Psychiatry,9
kidney pain worsening at night,Nephrology,12
TB symptoms chronic,Pulmonology,5
floaters in vision in the morning,Ophthalmology,10
asthma attack worsening at night,Pulmonology,5
irregular periods,Gynecology,7
frequent UTI worsening at night,Nephrology,12
hearing loss mild to moderate,ENT,11
infant not feeding chronic,Pediatrics,8
neck stiffness since 1 week,Orthopedics,2
nail discoloration since 1 week,Dermatology,3
weakness on one side,Neurology,1
malaria symptoms after eating,General Medicine,13
breast lump with fever,Gynecology,7
floaters in vision since 2 days,Ophthalmology,10
ear pain since 2 days,ENT,11
allergic skin reaction,Dermatology,3
back pain chronic,Orthopedics,2
confusion mild to moderate,Neurology,1
infant not feeding in the morning,Pediatrics,8
excessive sweating sudden onset,Endocrinology,6
ear pain in the morning,ENT,11
watery eyes mild to moderate,Ophthalmology,10
swollen ankles in the morning,Cardiology,0
palpitations worsening at night,Cardiology,0
fracture with fever,Orthopedics,2
boil on skin since 1 week,Dermatology,3
kidney pain after eating,Nephrology,12
hair loss sudden onset,Dermatology,3
foamy urine in the morning,Nephrology,12
excessive sweating mild to moderate,Endocrinology,6
acid reflux in the morning,Gastroenterology,4
anxiety after eating,Psychiatry,9
floaters in vision since 2 days,Ophthalmology,10
malaria symptoms chronic,General Medicine,13
insomnia worsening at night,Psychiatry,9
anxiety in the morning,Psychiatry,9
mood swings since 1 week,Psychiatry,9
swollen face in morning,Nephrology,12
general checkup sudden onset,General Medicine,13
skin rash after eating,Dermatology,3
breast lump,Gynecology,7
panic attacks worsening at night,Psychiatry,9
cataract worsening at night,Ophthalmology,10
frequent chest infections worsening at night,Pulmonology,5
newborn jaundice with fever,Pediatrics,8
smoking related cough in the morning,Pulmonology,5
difficulty swallowing since 1 week,Gastroenterology,4
dialysis related with fever,Nephrology,12
psoriasis patches with fever,Dermatology,3
liver pain with fever,Gastroenterology,4
dizziness while climbing stairs mild to moderate,Cardiology,0
boil on skin worsening at night,Dermatology,3
tonsillitis after eating,ENT,11
vaginal discharge after eating,Gynecology,7
memory loss worsening at night,Neurology,1
hip pain while walking since 2 days,Orthopedics,2
suicidal thoughts since 2 days,Psychiatry,9
body ache chronic,General Medicine,13
child rash in the morning,Pediatrics,8
neck stiffness after eating,Orthopedics,2
hormonal imbalance with fever,Gynecology,7
nausea worsening at night,Gastroenterology,4
acne worsening at night,Dermatology,3
fracture since 2 days,Orthopedics,2
blood in urine chronic,Nephrology,12
smoking related cough with fever,Pulmonology,5
constipation sudden onset,Gastroenterology,4
newborn jaundice with fever,Pediatrics,8
hearing loss since 2 days,ENT,11
difficulty swallowing worsening at night,Gastroenterology,4
watery eyes since 1 week,Ophthalmology,10
child rash with fever,Pediatrics,8
weakness on one side since 1 week,Neurology,1
menstrual cramps sudden onset,Gynecology,7
insomnia mild to moderate,Psychiatry,9
hair loss,Dermatology,3
insulin resistance,Endocrinology,6
blood in urine since 1 week,Nephrology,12
typhoid symptoms since 2 days,General Medicine,13
dialysis related since 2 days,Nephrology,12
glaucoma symptoms worsening at night,Ophthalmology,10
swollen ankles sudden onset,Cardiology,0
psoriasis patches sudden onset,Dermatology,3
swollen face in morning,Nephrology,12
vomiting chronic,Gastroenterology,4
foot pain in morning worsening at night,Orthopedics,2
child rash in the morning,Pediatrics,8
cataract since 1 week,Ophthalmology,10
breathlessness on exertion sudden onset,Cardiology,0
runny nose,ENT,11
typhoid symptoms chronic,General Medicine,13
knee pain since 2 days,Orthopedics,2
decreased urine output,Nephrology,12
floaters in vision sudden onset,Ophthalmology,10
chest congestion after eating,Pulmonology,5
sudden weight gain since 1 week,Endocrinology,6
child vomiting with fever,Pediatrics,8
nasal congestion,ENT,11
fatigue since 2 days,General Medicine,13
palpitations with fever,Cardiology,0
dialysis related in the morning,Nephrology,12
back pain mild to moderate,Orthopedics,2
irregular periods since 1 week,Gynecology,7
decreased urine output with fever,Nephrology,12
cold intolerance sudden onset,Endocrinology,6
PCOD symptoms after eating,Gynecology,7
delayed milestones sudden onset,Pediatrics,8
eye pain mild to moderate,Ophthalmology,10
body ache mild to moderate,General Medicine,13
vertigo after eating,ENT,11
childhood asthma worsening at night,Pediatrics,8
shortness of breath chronic,Cardiology,0
cold intolerance after eating,Endocrinology,6
dialysis related with fever,Nephrology,12
body ache mild to moderate,General Medicine,13
frequent UTI chronic,Nephrology,12
insomnia mild to moderate,Psychiatry,9
childhood asthma since 1 week,Pediatrics,8
infant not feeding chronic,Pediatrics,8
schizophrenia symptoms chronic,Psychiatry,9
ear pain since 2 days,ENT,11
vaccination sudden onset,Pediatrics,8
breast lump mild to moderate,Gynecology,7
difficulty swallowing since 2 days,Gastroenterology,4
glaucoma symptoms with fever,Ophthalmology,10
snoring since 1 week,ENT,11
eye pain in the morning,Ophthalmology,10
chest congestion,Pulmonology,5
bone pain with fever,Orthopedics,2
child fever after eating,Pediatrics,8
hair thinning mild to moderate,Endocrinology,6
diabetes symptoms worsening at night,Endocrinology,6
panic attacks sudden onset,Psychiatry,9
neck stiffness in the morning,Orthopedics,2
insulin resistance sudden onset,Endocrinology,6
squinting with fever,Ophthalmology,10
malaria symptoms since 1 week,General Medicine,13
liver pain worsening at night,Gastroenterology,4
menopause symptoms with fever,Gynecology,7
tonsillitis,ENT,11
infant not feeding sudden onset,Pediatrics,8
vomiting,Gastroenterology,4
hair thinning mild to moderate,Endocrinology,6
sinusitis since 1 week,ENT,11
shortness of breath with fever,Cardiology,0
chest pain sudden onset,Cardiology,0
kidney pain in the morning,Nephrology,12
liver pain since 2 days,Gastroenterology,4
coughing blood after eating,Pulmonology,5
nail discoloration in the morning,Dermatology,3
breathlessness at night with fever,Pulmonology,5
smoking related cough since 2 days,Pulmonology,5
PCOD symptoms sudden onset,Gynecology,7
frequent urination since 2 days,Endocrinology,6
frequent chest infections since 1 week,Pulmonology,5
cold intolerance worsening at night,Endocrinology,6
decreased urine output since 1 week,Nephrology,12
pregnancy symptoms,Gynecology,7
child fever in the morning,Pediatrics,8
palpitations after eating,Cardiology,0
health certificate worsening at night,General Medicine,13
chest pressure since 2 days,Cardiology,0
malaria symptoms chronic,General Medicine,13
floaters in vision since 1 week,Ophthalmology,10
shortness of breath mild to moderate,Cardiology,0
sinusitis,ENT,11
swollen ankles sudden onset,Cardiology,0
dialysis related after eating,Nephrology,12
foamy urine in the morning,Nephrology,12
child ear pain with fever,Pediatrics,8
neck stiffness in the morning,Orthopedics,2
allergic skin reaction mild to moderate,Dermatology,3
childhood asthma in the morning,Pediatrics,8
hair loss in the morning,Dermatology,3
eye pain sudden onset,Ophthalmology,10
foamy urine mild to moderate,Nephrology,12
body ache in the morning,General Medicine,13
malaria symptoms since 2 days,General Medicine,13
foot pain in morning with fever,Orthopedics,2
acid reflux in the morning,Gastroenterology,4
health certificate since 2 days,General Medicine,13
squinting sudden onset,Ophthalmology,10
vaccination after eating,Pediatrics,8
increased thirst after eating,Endocrinology,6
difficulty swallowing chronic,Gastroenterology,4
back pain sudden onset,Orthopedics,2
dizziness after eating,Neurology,1
red eye with fever,Ophthalmology,10
psoriasis patches in the morning,Dermatology,3
sinusitis,ENT,11
neck stiffness chronic,Orthopedics,2
glaucoma symptoms since 1 week,Ophthalmology,10
ear pain,ENT,11
sudden weight gain since 1 week,Endocrinology,6
insulin resistance sudden onset,Endocrinology,6
eczema flare chronic,Dermatology,3
child ear pain with fever,Pediatrics,8
phobia mild to moderate,Psychiatry,9
shoulder stiffness sudden onset,Orthopedics,2
nasal congestion worsening at night,ENT,11
breast lump since 1 week,Gynecology,7
health certificate sudden onset,General Medicine,13
squinting,Ophthalmology,10
fatigue worsening at night,General Medicine,13
cold and cough mild to moderate,General Medicine,13
asthma attack chronic,Pulmonology,5
TB symptoms after eating,Pulmonology,5
cold intolerance since 2 days,Endocrinology,6
breast lump with fever,Gynecology,7
fatigue sudden onset,Endocrinology,6
blood in urine in the morning,Nephrology,12
frequent chest infections in the morning,Pulmonology,5
fracture after eating,Orthopedics,2
mood swings with fever,Psychiatry,9
memory loss since 1 week,Neurology,1
runny nose after eating,ENT,11
panic attacks after eating,Psychiatry,9
ear pain since 2 days,ENT,11
liver pain,Gastroenterology,4
weakness since 2 days,General Medicine,13
fatigue after eating,General Medicine,13
child rash in the morning,Pediatrics,8
tingling in hands since 2 days,Neurology,1
PCOD symptoms after eating,Gynecology,7
eye pain worsening at night,Ophthalmology,10
TB symptoms chronic,Pulmonology,5
coughing blood worsening at night,Pulmonology,5
cataract since 1 week,Ophthalmology,10
sore throat with fever,ENT,11
vertigo with fever,ENT,11
seizures,Neurology,1
breathlessness on exertion with fever,Cardiology,0
cough for 3 weeks in the morning,Pulmonology,5
chest pain with fever,Cardiology,0
loss of appetite worsening at night,General Medicine,13
blood in urine since 1 week,Nephrology,12
stress sudden onset,Psychiatry,9
PCOD symptoms chronic,Gynecology,7
pregnancy symptoms worsening at night,Gynecology,7
cataract,Ophthalmology,10
health certificate mild to moderate,General Medicine,13
neck stiffness,Orthopedics,2
hearing loss chronic,ENT,11
frequent chest infections in the morning,Pulmonology,5
swollen face in morning chronic,Nephrology,12
pregnancy symptoms in the morning,Gynecology,7
hair loss worsening at night,Dermatology,3
wheezing in the morning,Pulmonology,5
hip pain while walking after eating,Orthopedics,2
smoking related cough mild to moderate,Pulmonology,5
phobia,Psychiatry,9
menopause symptoms since 2 days,Gynecology,7
suicidal thoughts sudden onset,Psychiatry,9
runny nose,ENT,11
numbness in face,Neurology,1
frequent chest infections since 1 week,Pulmonology,5
allergic skin reaction sudden onset,Dermatology,3
psoriasis patches sudden onset,Dermatology,3
wheezing,Pulmonology,5
mood swings in the morning,Psychiatry,9
knee pain sudden onset,Orthopedics,2
vertigo,ENT,11
acne in the morning,Dermatology,3
itching mild to moderate,Dermatology,3
swollen wrist in the morning,Orthopedics,2
child vomiting since 1 week,Pediatrics,8
fatigue,Endocrinology,6
dialysis related chronic,Nephrology,12
blood in stool in the morning,Gastroenterology,4
increased thirst sudden onset,Endocrinology,6
anxiety worsening at night,Psychiatry,9
vaginal discharge since 1 week,Gynecology,7
insomnia chronic,Psychiatry,9
excessive sweating worsening at night,Endocrinology,6
dialysis related chronic,Nephrology,12
infant not feeding since 1 week,Pediatrics,8
dialysis related sudden onset,Nephrology,12
diarrhea mild to moderate,Gastroenterology,4
general checkup since 1 week,General Medicine,13
vertigo with fever,ENT,11
skin rash mild to moderate,Dermatology,3
hair thinning sudden onset,Endocrinology,6
suicidal thoughts chronic,Psychiatry,9
foot pain in morning mild to moderate,Orthopedics,2
acne since 2 days,Dermatology,3
hip pain while walking since 1 week,Orthopedics,2
child vomiting mild to moderate,Pediatrics,8
bloating chronic,Gastroenterology,4
coughing blood sudden onset,Pulmonology,5
tingling in hands mild to moderate,Neurology,1
decreased urine output in the morning,Nephrology,12
fatigue chronic,Endocrinology,6
malaria symptoms with fever,General Medicine,13
newborn jaundice worsening at night,Pediatrics,8
vision blurring suddenly in the morning,Neurology,1
fever since 2 days,General Medicine,13
acne sudden onset,Dermatology,3
diabetes symptoms since 1 week,Endocrinology,6
decreased urine output mild to moderate,Nephrology,12
delayed milestones since 2 days,Pediatrics,8
foamy urine since 2 days,Nephrology,12
delayed milestones,Pediatrics,8
dizziness with fever,Neurology,1
squinting worsening at night,Ophthalmology,10
infant not feeding,Pediatrics,8
stress mild to moderate,Psychiatry,9
glaucoma symptoms,Ophthalmology,10
yellow eyes mild to moderate,Gastroenterology,4
breast lump,Gynecology,7
snoring in the morning,ENT,11
swollen face in morning since 2 days,Nephrology,12
snoring sudden onset,ENT,11
schizophrenia symptoms mild to moderate,Psychiatry,9
irregular periods since 1 week,Gynecology,7
coughing blood since 2 days,Pulmonology,5
blurry vision since 2 days,Ophthalmology,10
dizziness while climbing stairs mild to moderate,Cardiology,0
red eye worsening at night,Ophthalmology,10
fatigue in the morning,Endocrinology,6
numbness in face in the morning,Neurology,1
bone pain chronic,Orthopedics,2
child fever mild to moderate,Pediatrics,8
TB symptoms chronic,Pulmonology,5
general checkup after eating,General Medicine,13
suicidal thoughts in the morning,Psychiatry,9
cold and cough worsening at night,General Medicine,13
malaria symptoms worsening at night,General Medicine,13
itching since 1 week,Dermatology,3
numbness in face mild to moderate,Neurology,1
increased thirst worsening at night,Endocrinology,6
tonsillitis since 1 week,ENT,11
child rash since 2 days,Pediatrics,8
chest pressure mild to moderate,Cardiology,0
heart racing with fever,Cardiology,0
allergic skin reaction since 2 days,Dermatology,3
child ear pain chronic,Pediatrics,8
swollen wrist worsening at night,Orthopedics,2
ear pain worsening at night,ENT,11
dizziness after eating,Neurology,1
squinting chronic,Ophthalmology,10
fatigue with fever,General Medicine,13
frequent UTI sudden onset,Nephrology,12
squinting worsening at night,Ophthalmology,10
diarrhea with fever,Gastroenterology,4
liver pain mild to moderate,Gastroenterology,4
tonsillitis chronic,ENT,11
hearing loss mild to moderate,ENT,11
memory loss with fever,Neurology,1
hormonal imbalance worsening at night,Gynecology,7
malaria symptoms since 1 week,General Medicine,13
palpitations since 1 week,Cardiology,0
confusion worsening at night,Neurology,1
vertigo,ENT,11
sore throat mild to moderate,ENT,11
weakness,General Medicine,13
heart racing with fever,Cardiology,0
confusion since 2 days,Neurology,1
vomiting sudden onset,Gastroenterology,4
swollen face in morning after eating,Nephrology,12
increased thirst,Endocrinology,6
PCOD symptoms after eating,Gynecology,7
smoking related cough since 2 days,Pulmonology,5
blood in urine since 1 week,Nephrology,12
cough for 3 weeks since 1 week,Pulmonology,5
hair loss since 1 week,Dermatology,3
floaters in vision chronic,Ophthalmology,10
irregular periods mild to moderate,Gynecology,7
child rash in the morning,Pediatrics,8
schizophrenia symptoms in the morning,Psychiatry,9
cough for 3 weeks sudden onset,Pulmonology,5
suicidal thoughts chronic,Psychiatry,9
child rash,Pediatrics,8
sinusitis mild to moderate,ENT,11
shortness of breath sudden onset,Cardiology,0
heart racing with fever,Cardiology,0
glaucoma symptoms mild to moderate,Ophthalmology,10
blood in urine since 1 week,Nephrology,12
tingling in hands mild to moderate,Neurology,1
eye pain in the morning,Ophthalmology,10
ear pain chronic,ENT,11
fever,General Medicine,13
slurred speech,Neurology,1
mood swings sudden onset,Psychiatry,9
sore throat after eating,ENT,11
insomnia with fever,Psychiatry,9
chest congestion sudden onset,Pulmonology,5
ear pain since 2 days,ENT,11
skin rash chronic,Dermatology,3
numbness in face with fever,Neurology,1
irregular heartbeat since 2 days,Cardiology,0
vaginal discharge worsening at night,Gynecology,7
decreased urine output after eating,Nephrology,12
kidney pain mild to moderate,Nephrology,12
tonsillitis worsening at night,ENT,11
liver pain,Gastroenterology,4
malaria symptoms sudden onset,General Medicine,13
watery eyes sudden onset,Ophthalmology,10
chest tightness at rest,Cardiology,0
joint swelling since 2 days,Orthopedics,2
infant not feeding since 1 week,Pediatrics,8
ear pain with fever,ENT,11
body ache since 2 days,General Medicine,13
chest congestion chronic,Pulmonology,5
coughing blood chronic,Pulmonology,5
memory loss in the morning,Neurology,1
neck stiffness worsening at night,Orthopedics,2
vaginal discharge worsening at night,Gynecology,7
snoring chronic,ENT,11
vaginal discharge,Gynecology,7
tonsillitis since 1 week,ENT,11
vaccination worsening at night,Pediatrics,8
chest congestion with fever,Pulmonology,5
menopause symptoms worsening at night,Gynecology,7
numbness in face since 1 week,Neurology,1
infant not feeding mild to moderate,Pediatrics,8
sinusitis with fever,ENT,11
weakness worsening at night,General Medicine,13
slurred speech,Neurology,1
infant not feeding since 1 week,Pediatrics,8
fracture in the morning,Orthopedics,2
tonsillitis in the morning,ENT,11
OCD symptoms with fever,Psychiatry,9
darkening of skin since 1 week,Dermatology,3
infant not feeding since 1 week,Pediatrics,8
panic attacks sudden onset,Psychiatry,9
decreased urine output since 2 days,Nephrology,12
knee pain,Orthopedics,2
fracture worsening at night,Orthopedics,2
phobia mild to moderate,Psychiatry,9
hormonal imbalance,Gynecology,7
PCOD symptoms after eating,Gynecology,7
confusion worsening at night,Neurology,1
shortness of breath worsening at night,Cardiology,0
swollen face in morning sudden onset,Nephrology,12
fatigue after eating,General Medicine,13
itching in the morning,Dermatology,3
darkening of skin worsening at night,Dermatology,3
chest tightness at rest worsening at night,Cardiology,0
breathlessness at night worsening at night,Pulmonology,5
pelvic pain mild to moderate,Gynecology,7
infant not feeding since 2 days,Pediatrics,8
foamy urine in the morning,Nephrology,12
malaria symptoms,General Medicine,13
eye pain with fever,Ophthalmology,10
darkening of skin mild to moderate,Dermatology,3
back pain,Orthopedics,2
foot pain in morning mild to moderate,Orthopedics,2
shoulder stiffness worsening at night,Orthopedics,2
swollen face in morning with fever,Nephrology,12
kidney pain sudden onset,Nephrology,12
stomach pain in the morning,Gastroenterology,4
malaria symptoms chronic,General Medicine,13
TB symptoms since 1 week,Pulmonology,5
coughing blood since 2 days,Pulmonology,5
heart racing sudden onset,Cardiology,0
childhood asthma worsening at night,Pediatrics,8
phobia in the morning,Psychiatry,9
delayed milestones in the morning,Pediatrics,8
vaginal discharge with fever,Gynecology,7
liver pain in the morning,Gastroenterology,4
sore throat since 1 week,ENT,11
swollen wrist since 2 days,Orthopedics,2
dizziness while climbing stairs with fever,Cardiology,0
fatigue since 2 days,General Medicine,13
swollen face in morning sudden onset,Nephrology,12
back pain mild to moderate,Orthopedics,2
floaters in vision sudden onset,Ophthalmology,10
squinting since 1 week,Ophthalmology,10
kidney pain in the morning,Nephrology,12
breathlessness at night since 1 week,Pulmonology,5
breast lump since 2 days,Gynecology,7
increased thirst since 2 days,Endocrinology,6
frequent UTI since 1 week,Nephrology,12
red eye worsening at night,Ophthalmology,10
frequent UTI since 2 days,Nephrology,12
pregnancy symptoms with fever,Gynecology,7
shortness of breath mild to moderate,Cardiology,0
irregular periods after eating,Gynecology,7
malaria symptoms after eating,General Medicine,13
insulin resistance mild to moderate,Endocrinology,6
health certificate in the morning,General Medicine,13
insomnia,Psychiatry,9
dialysis related in the morning,Nephrology,12
typhoid symptoms with fever,General Medicine,13
yellow eyes with fever,Gastroenterology,4
memory loss after eating,Neurology,1
cataract with fever,Ophthalmology,10
thyroid swelling in the morning,Endocrinology,6
bloating since 1 week,Gastroenterology,4
TB symptoms after eating,Pulmonology,5
darkening of skin worsening at night,Dermatology,3
infant not feeding since 2 days,Pediatrics,8
wheezing since 2 days,Pulmonology,5
acne,Dermatology,3
nail discoloration with fever,Dermatology,3
chest congestion after eating,Pulmonology,5
seizures worsening at night,Neurology,1
increased thirst since 1 week,Endocrinology,6
chest pain sudden onset,Cardiology,0
child fever worsening at night,Pediatrics,8
infant not feeding since 2 days,Pediatrics,8
vomiting worsening at night,Gastroenterology,4
hearing loss mild to moderate,ENT,11
swollen face in morning mild to moderate,Nephrology,12
vaccination,Pediatrics,8
fatigue after eating,General Medicine,13
hair thinning,Endocrinology,6
darkening of skin since 1 week,Dermatology,3
cold and cough since 1 week,General Medicine,13
cough for 3 weeks since 2 days,Pulmonology,5
sudden weight gain since 2 days,Endocrinology,6
itching worsening at night,Dermatology,3
nasal congestion since 2 days,ENT,11
mood swings worsening at night,Psychiatry,9
decreased urine output after eating,Nephrology,12
vomiting in the morning,Gastroenterology,4
fracture since 2 days,Orthopedics,2
itching in the morning,Dermatology,3
nail discoloration since 2 days,Dermatology,3
PCOD symptoms after eating,Gynecology,7
hair thinning chronic,Endocrinology,6
chest pressure since 2 days,Cardiology,0
difficulty swallowing chronic,Gastroenterology,4
anxiety since 1 week,Psychiatry,9
newborn jaundice sudden onset,Pediatrics,8
thyroid swelling chronic,Endocrinology,6
child vomiting chronic,Pediatrics,8
blurry vision,Ophthalmology,10
neck stiffness,Orthopedics,2
weakness on one side since 2 days,Neurology,1
vertigo,ENT,11
phobia in the morning,Psychiatry,9
acne since 1 week,Dermatology,3
weakness,General Medicine,13
acid reflux with fever,Gastroenterology,4
eye pain since 2 days,Ophthalmology,10
blood in stool after eating,Gastroenterology,4
palpitations sudden onset,Cardiology,0
stomach pain since 1 week,Gastroenterology,4
increased thirst in the morning,Endocrinology,6
floaters in vision since 1 week,Ophthalmology,10
panic attacks after eating,Psychiatry,9
blurry vision since 2 days,Ophthalmology,10
nail discoloration chronic,Dermatology,3
irregular periods chronic,Gynecology,7
schizophrenia symptoms sudden onset,Psychiatry,9
bone pain worsening at night,Orthopedics,2
pregnancy symptoms,Gynecology,7
dizziness sudden onset,Neurology,1
fracture worsening at night,Orthopedics,2
runny nose in the morning,ENT,11
swollen ankles mild to moderate,Cardiology,0
phobia chronic,Psychiatry,9
foot pain in morning worsening at night,Orthopedics,2
slurred speech after eating,Neurology,1
dizziness chronic,Neurology,1
blood in stool with fever,Gastroenterology,4
tonsillitis in the morning,ENT,11
smoking related cough since 1 week,Pulmonology,5
palpitations in the morning,Cardiology,0
tingling in hands mild to moderate,Neurology,1
chest congestion,Pulmonology,5
nausea after eating,Gastroenterology,4
child vomiting with fever,Pediatrics,8
fatigue in the morning,General Medicine,13
OCD symptoms worsening at night,Psychiatry,9
cold intolerance mild to moderate,Endocrinology,6
vaginal discharge with fever,Gynecology,7
general checkup worsening at night,General Medicine,13
chest pressure mild to moderate,Cardiology,0
sudden weight gain chronic,Endocrinology,6
watery eyes with fever,Ophthalmology,10
kidney pain with fever,Nephrology,12
malaria symptoms after eating,General Medicine,13
cough for 3 weeks since 1 week,Pulmonology,5
nausea in the morning,Gastroenterology,4
stomach pain,Gastroenterology,4
bloating since 1 week,Gastroenterology,4
irregular periods sudden onset,Gynecology,7
nasal congestion with fever,ENT,11
boil on skin worsening at night,Dermatology,3
child rash,Pediatrics,8
red eye,Ophthalmology,10
chest pain after eating,Cardiology,0
depression worsening at night,Psychiatry,9
bloating in the morning,Gastroenterology,4
malaria symptoms worsening at night,General Medicine,13
increased thirst,Endocrinology,6
eye pain worsening at night,Ophthalmology,10
loss of appetite since 1 week,General Medicine,13
hearing loss worsening at night,ENT,11
acid reflux sudden onset,Gastroenterology,4
chest congestion mild to moderate,Pulmonology,5
squinting mild to moderate,Ophthalmology,10
blood in urine since 1 week,Nephrology,12
shortness of breath since 2 days,Cardiology,0
menopause symptoms worsening at night,Gynecology,7
chest congestion chronic,Pulmonology,5
body ache with fever,General Medicine,13
frequent chest infections after eating,Pulmonology,5
menopause symptoms,Gynecology,7
skin rash worsening at night,Dermatology,3
back pain since 1 week,Orthopedics,2
knee pain since 2 days,Orthopedics,2
back pain,Orthopedics,2
snoring chronic,ENT,11
glaucoma symptoms mild to moderate,Ophthalmology,10
numbness in face mild to moderate,Neurology,1
frequent UTI since 1 week,Nephrology,12
swollen face in morning sudden onset,Nephrology,12
shoulder stiffness mild to moderate,Orthopedics,2
OCD symptoms chronic,Psychiatry,9
eye pain since 1 week,Ophthalmology,10
depression worsening at night,Psychiatry,9
insulin resistance since 1 week,Endocrinology,6
kidney pain mild to moderate,Nephrology,12
constipation in the morning,Gastroenterology,4
joint swelling mild to moderate,Orthopedics,2
boil on skin sudden onset,Dermatology,3
boil on skin mild to moderate,Dermatology,3
sinusitis sudden onset,ENT,11
boil on skin worsening at night,Dermatology,3
glaucoma symptoms mild to moderate,Ophthalmology,10
bone pain in the morning,Orthopedics,2
anxiety in the morning,Psychiatry,9
excessive sweating worsening at night,Endocrinology,6
hair loss chronic,Dermatology,3
panic attacks in the morning,Psychiatry,9
shoulder stiffness since 2 days,Orthopedics,2
child ear pain sudden onset,Pediatrics,8
decreased urine output since 2 days,Nephrology,12
itching worsening at night,Dermatology,3
fainting with fever,Neurology,1
blurry vision chronic,Ophthalmology,10
vaccination chronic,Pediatrics,8
cold intolerance chronic,Endocrinology,6
pelvic pain worsening at night,Gynecology,7
difficulty swallowing sudden onset,Gastroenterology,4
constipation worsening at night,Gastroenterology,4
breathlessness at night since 1 week,Pulmonology,5
newborn jaundice in the morning,Pediatrics,8
bloating since 2 days,Gastroenterology,4
vomiting after eating,Gastroenterology,4
menstrual cramps worsening at night,Gynecology,7
red eye since 1 week,Ophthalmology,10
psoriasis patches mild to moderate,Dermatology,3
general checkup in the morning,General Medicine,13
newborn jaundice mild to moderate,Pediatrics,8
insulin resistance chronic,Endocrinology,6
vaginal discharge worsening at night,Gynecology,7
breast lump since 2 days,Gynecology,7
knee pain in the morning,Orthopedics,2
depression in the morning,Psychiatry,9
blood in stool since 2 days,Gastroenterology,4
child rash since 1 week,Pediatrics,8
eye pain since 2 days,Ophthalmology,10
cold intolerance worsening at night,Endocrinology,6
hip pain while walking in the morning,Orthopedics,2
shortness of breath after eating,Cardiology,0
increased thirst mild to moderate,Endocrinology,6
nail discoloration sudden onset,Dermatology,3
nail discoloration after eating,Dermatology,3
sore throat,ENT,11
child fever,Pediatrics,8
hearing loss mild to moderate,ENT,11
breathlessness on exertion in the morning,Cardiology,0
boil on skin with fever,Dermatology,3
chest pain in the morning,Cardiology,0
general checkup,General Medicine,13
nausea,Gastroenterology,4
chest tightness at rest since 2 days,Cardiology,0
vertigo,ENT,11
excessive sweating worsening at night,Endocrinology,6
child ear pain mild to moderate,Pediatrics,8
vaginal discharge with fever,Gynecology,7
yellow eyes with fever,Gastroenterology,4
allergic skin reaction in the morning,Dermatology,3
weakness after eating,General Medicine,13
coughing blood since 2 days,Pulmonology,5
foamy urine since 2 days,Nephrology,12
thyroid swelling mild to moderate,Endocrinology,6
frequent urination since 1 week,Endocrinology,6
acid reflux after eating,Gastroenterology,4
fainting since 1 week,Neurology,1
decreased urine output with fever,Nephrology,12
body ache worsening at night,General Medicine,13
watery eyes since 1 week,Ophthalmology,10
irregular heartbeat sudden onset,Cardiology,0
sinusitis since 2 days,ENT,11
snoring after eating,ENT,11
nasal congestion worsening at night,ENT,11
squinting sudden onset,Ophthalmology,10
child fever chronic,Pediatrics,8
chest pressure after eating,Cardiology,0
child vomiting sudden onset,Pediatrics,8
health certificate chronic,General Medicine,13
acid reflux after eating,Gastroenterology,4
OCD symptoms sudden onset,Psychiatry,9
irregular periods in the morning,Gynecology,7
acid reflux mild to moderate,Gastroenterology,4
cough for 3 weeks since 2 days,Pulmonology,5
increased thirst sudden onset,Endocrinology,6
knee pain since 1 week,Orthopedics,2
joint swelling,Orthopedics,2
schizophrenia symptoms,Psychiatry,9
eczema flare mild to moderate,Dermatology,3
dialysis related mild to moderate,Nephrology,12
darkening of skin since 1 week,Dermatology,3
palpitations with fever,Cardiology,0
insomnia chronic,Psychiatry,9
dizziness since 1 week,Neurology,1
liver pain since 1 week,Gastroenterology,4
fainting worsening at night,Neurology,1
confusion mild to moderate,Neurology,1
vertigo worsening at night,ENT,11
kidney pain after eating,Nephrology,12
diarrhea in the morning,Gastroenterology,4
vertigo chronic,ENT,11
decreased urine output chronic,Nephrology,12
weakness on one side since 1 week,Neurology,1
diarrhea in the morning,Gastroenterology,4
dizziness while climbing stairs chronic,Cardiology,0
shoulder stiffness sudden onset,Orthopedics,2
severe headache mild to moderate,Neurology,1
shoulder stiffness after eating,Orthopedics,2
severe headache sudden onset,Neurology,1
hair loss sudden onset,Dermatology,3
decreased urine output worsening at night,Nephrology,12
childhood asthma sudden onset,Pediatrics,8
difficulty swallowing with fever,Gastroenterology,4
swollen wrist chronic,Orthopedics,2
constipation mild to moderate,Gastroenterology,4
seizures with fever,Neurology,1
watery eyes chronic,Ophthalmology,10
phobia mild to moderate,Psychiatry,9
stomach pain chronic,Gastroenterology,4
psoriasis patches chronic,Dermatology,3
ear pain worsening at night,ENT,11
general checkup worsening at night,General Medicine,13
joint swelling sudden onset,Orthopedics,2
dizziness with fever,Neurology,1
swollen wrist since 2 days,Orthopedics,2
tonsillitis with fever,ENT,11
hip pain while walking after eating,Orthopedics,2
depression worsening at night,Psychiatry,9
menopause symptoms since 2 days,Gynecology,7
chest pain since 2 days,Cardiology,0
liver pain after eating,Gastroenterology,4
vomiting sudden onset,Gastroenterology,4
acid reflux sudden onset,Gastroenterology,4
chest congestion after eating,Pulmonology,5
fracture after eating,Orthopedics,2
OCD symptoms chronic,Psychiatry,9
breast lump since 1 week,Gynecology,7
infant not feeding since 2 days,Pediatrics,8
skin rash sudden onset,Dermatology,3
swollen face in morning,Nephrology,12
child vomiting after eating,Pediatrics,8
frequent chest infections with fever,Pulmonology,5
back pain with fever,Orthopedics,2
frequent chest infections chronic,Pulmonology,5
tingling in hands sudden onset,Neurology,1
PCOD symptoms chronic,Gynecology,7
vertigo since 2 days,ENT,11
swollen face in morning since 1 week,Nephrology,12
neck stiffness in the morning,Orthopedics,2
wheezing since 2 days,Pulmonology,5
cold and cough since 2 days,General Medicine,13
menstrual cramps with fever,Gynecology,7
childhood asthma since 2 days,Pediatrics,8
darkening of skin in the morning,Dermatology,3
foamy urine,Nephrology,12
vaccination with fever,Pediatrics,8
irregular periods chronic,Gynecology,7
chest congestion chronic,Pulmonology,5
tonsillitis with fever,ENT,11
chest pain since 2 days,Cardiology,0
smoking related cough,Pulmonology,5
constipation in the morning,Gastroenterology,4
tingling in hands mild to moderate,Neurology,1
blood in urine sudden onset,Nephrology,12
increased thirst since 2 days,Endocrinology,6
child vomiting sudden onset,Pediatrics,8
sinusitis since 1 week,ENT,11
difficulty swallowing sudden onset,Gastroenterology,4
swollen ankles since 1 week,Cardiology,0
dengue symptoms,General Medicine,13
vaginal discharge with fever,Gynecology,7
shoulder stiffness with fever,Orthopedics,2
watery eyes,Ophthalmology,10
heart racing since 1 week,Cardiology,0
boil on skin since 2 days,Dermatology,3
loss of appetite,General Medicine,13
breast lump sudden onset,Gynecology,7
dizziness while climbing stairs,Cardiology,0
swollen wrist worsening at night,Orthopedics,2
thyroid swelling in the morning,Endocrinology,6
depression after eating,Psychiatry,9
vaccination after eating,Pediatrics,8
floaters in vision since 2 days,Ophthalmology,10
floaters in vision since 2 days,Ophthalmology,10
hearing loss in the morning,ENT,11
eye pain with fever,Ophthalmology,10
child ear pain with fever,Pediatrics,8
red eye since 1 week,Ophthalmology,10
sinusitis mild to moderate,ENT,11
skin rash sudden onset,Dermatology,3
swollen face in morning since 2 days,Nephrology,12
heart racing chronic,Cardiology,0
vaccination with fever,Pediatrics,8
foamy urine since 1 week,Nephrology,12
dizziness while climbing stairs,Cardiology,0
bloating after eating,Gastroenterology,4
blood in urine sudden onset,Nephrology,12
stomach pain mild to moderate,Gastroenterology,4
asthma attack mild to moderate,Pulmonology,5
severe headache with fever,Neurology,1
acne worsening at night,Dermatology,3
dengue symptoms mild to moderate,General Medicine,13
acne sudden onset,Dermatology,3
menopause symptoms,Gynecology,7
seizures sudden onset,Neurology,1
pelvic pain,Gynecology,7
fracture mild to moderate,Orthopedics,2
slurred speech with fever,Neurology,1
hip pain while walking sudden onset,Orthopedics,2
child fever since 2 days,Pediatrics,8
boil on skin since 1 week,Dermatology,3
body ache with fever,General Medicine,13
weakness on one side since 1 week,Neurology,1
menopause symptoms worsening at night,Gynecology,7
bloating since 2 days,Gastroenterology,4
confusion chronic,Neurology,1
child vomiting mild to moderate,Pediatrics,8
vomiting after eating,Gastroenterology,4
excessive sweating in the morning,Endocrinology,6
blurry vision sudden onset,Ophthalmology,10
wheezing,Pulmonology,5
dizziness worsening at night,Neurology,1
vaccination in the morning,Pediatrics,8
ear pain since 1 week,ENT,11
memory loss since 1 week,Neurology,1
fainting since 1 week,Neurology,1
shortness of breath after eating,Cardiology,0
child rash since 1 week,Pediatrics,8
fatigue,Endocrinology,6
swollen wrist with fever,Orthopedics,2
vaccination mild to moderate,Pediatrics,8
mood swings in the morning,Psychiatry,9
bloating mild to moderate,Gastroenterology,4
pregnancy symptoms worsening at night,Gynecology,7
phobia worsening at night,Psychiatry,9
acne mild to moderate,Dermatology,3
stomach pain since 2 days,Gastroenterology,4
decreased urine output worsening at night,Nephrology,12
infant not feeding in the morning,Pediatrics,8
blood in urine,Nephrology,12
nasal congestion mild to moderate,ENT,11
PCOD symptoms in the morning,Gynecology,7
frequent UTI sudden onset,Nephrology,12
anxiety in the morning,Psychiatry,9
chest pressure,Cardiology,0
vision blurring suddenly since 2 days,Neurology,1
chest pressure since 1 week,Cardiology,0
fracture since 1 week,Orthopedics,2
vaccination since 2 days,Pediatrics,8
insomnia in the morning,Psychiatry,9
fatigue with fever,Endocrinology,6
chest tightness at rest chronic,Cardiology,0
diabetes symptoms in the morning,Endocrinology,6
eczema flare with fever,Dermatology,3
child rash chronic,Pediatrics,8
sinusitis with fever,ENT,11
dengue symptoms,General Medicine,13
menstrual cramps,Gynecology,7
decreased urine output since 2 days,Nephrology,12
chest congestion worsening at night,Pulmonology,5
wheezing chronic,Pulmonology,5
pregnancy symptoms since 1 week,Gynecology,7
joint swelling since 1 week,Orthopedics,2
child ear pain after eating,Pediatrics,8
child vomiting sudden onset,Pediatrics,8
itching mild to moderate,Dermatology,3
delayed milestones since 2 days,Pediatrics,8
coughing blood after eating,Pulmonology,5
thyroid swelling chronic,Endocrinology,6
palpitations since 2 days,Cardiology,0
chest pain,Cardiology,0
TB symptoms in the morning,Pulmonology,5
foot pain in morning since 1 week,Orthopedics,2
frequent chest infections after eating,Pulmonology,5
acid reflux after eating,Gastroenterology,4
panic attacks worsening at night,Psychiatry,9
swollen wrist,Orthopedics,2
pregnancy symptoms after eating,Gynecology,7
fatigue since 2 days,General Medicine,13
chest congestion chronic,Pulmonology,5
cough for 3 weeks worsening at night,Pulmonology,5
frequent UTI,Nephrology,12
blurry vision chronic,Ophthalmology,10
wheezing mild to moderate,Pulmonology,5
breast lump with fever,Gynecology,7
health certificate sudden onset,General Medicine,13
floaters in vision in the morning,Ophthalmology,10
seizures since 1 week,Neurology,1
breathlessness on exertion with fever,Cardiology,0
nail discoloration,Dermatology,3
watery eyes with fever,Ophthalmology,10
cough for 3 weeks after eating,Pulmonology,5
sinusitis,ENT,11
depression since 2 days,Psychiatry,9
severe headache mild to moderate,Neurology,1
blurry vision since 2 days,Ophthalmology,10
depression,Psychiatry,9
sinusitis mild to moderate,ENT,11
shoulder stiffness since 1 week,Orthopedics,2
nasal congestion in the morning,ENT,11
shoulder stiffness since 2 days,Orthopedics,2
phobia mild to moderate,Psychiatry,9
hair loss,Dermatology,3
hormonal imbalance with fever,Gynecology,7
memory loss since 2 days,Neurology,1
floaters in vision since 1 week,Ophthalmology,10
nail discoloration worsening at night,Dermatology,3
fracture since 1 week,Orthopedics,2
acne sudden onset,Dermatology,3
sinusitis since 2 days,ENT,11
eye pain in the morning,Ophthalmology,10
seizures with fever,Neurology,1
infant not feeding after eating,Pediatrics,8
childhood asthma with fever,Pediatrics,8
kidney pain chronic,Nephrology,12
fainting since 2 days,Neurology,1
diabetes symptoms,Endocrinology,6
irregular periods in the morning,Gynecology,7
child fever sudden onset,Pediatrics,8
foamy urine worsening at night,Nephrology,12
body ache with fever,General Medicine,13
palpitations sudden onset,Cardiology,0
vaginal discharge with fever,Gynecology,7
bone pain since 1 week,Orthopedics,2
dialysis related mild to moderate,Nephrology,12
red eye with fever,Ophthalmology,10
vertigo mild to moderate,ENT,11
pelvic pain,Gynecology,7
frequent urination since 2 days,Endocrinology,6
coughing blood since 1 week,Pulmonology,5
blurry vision with fever,Ophthalmology,10
infant not feeding since 2 days,Pediatrics,8
mood swings since 2 days,Psychiatry,9
vaccination chronic,Pediatrics,8
acne since 1 week,Dermatology,3
hair loss mild to moderate,Dermatology,3
blurry vision since 1 week,Ophthalmology,10
cataract worsening at night,Ophthalmology,10
chest tightness at rest in the morning,Cardiology,0
TB symptoms worsening at night,Pulmonology,5
pelvic pain worsening at night,Gynecology,7
red eye chronic,Ophthalmology,10
vision blurring suddenly since 1 week,Neurology,1
nail discoloration,Dermatology,3
dengue symptoms since 2 days,General Medicine,13
darkening of skin with fever,Dermatology,3
blurry vision since 1 week,Ophthalmology,10
irregular heartbeat mild to moderate,Cardiology,0
general checkup after eating,General Medicine,13
cold and cough mild to moderate,General Medicine,13
runny nose mild to moderate,ENT,11
confusion in the morning,Neurology,1
vertigo sudden onset,ENT,11
knee pain after eating,Orthopedics,2
skin rash with fever,Dermatology,3
palpitations with fever,Cardiology,0
panic attacks sudden onset,Psychiatry,9
dialysis related since 2 days,Nephrology,12
swollen face in morning mild to moderate,Nephrology,12
breathlessness on exertion since 1 week,Cardiology,0
ear pain mild to moderate,ENT,11
infant not feeding after eating,Pediatrics,8
swollen ankles worsening at night,Cardiology,0
suicidal thoughts,Psychiatry,9
mood swings mild to moderate,Psychiatry,9
breathlessness on exertion since 2 days,Cardiology,0
health certificate chronic,General Medicine,13
frequent UTI mild to moderate,Nephrology,12
foot pain in morning in the morning,Orthopedics,2
cold intolerance since 1 week,Endocrinology,6
eye pain since 1 week,Ophthalmology,10
TB symptoms sudden onset,Pulmonology,5
shortness of breath,Cardiology,0
watery eyes in the morning,Ophthalmology,10
chest congestion with fever,Pulmonology,5
breathlessness at night after eating,Pulmonology,5
slurred speech with fever,Neurology,1
tingling in hands since 2 days,Neurology,1
fever sudden onset,General Medicine,13
nasal congestion with fever,ENT,11
foot pain in morning after eating,Orthopedics,2
frequent urination since 2 days,Endocrinology,6
child ear pain mild to moderate,Pediatrics,8
mood swings,Psychiatry,9
back pain since 2 days,Orthopedics,2
constipation chronic,Gastroenterology,4
depression since 1 week,Psychiatry,9
fracture,Orthopedics,2
decreased urine output in the morning,Nephrology,12
pelvic pain since 2 days,Gynecology,7
heart racing after eating,Cardiology,0
asthma attack,Pulmonology,5
acne with fever,Dermatology,3
insomnia,Psychiatry,9
vaginal discharge sudden onset,Gynecology,7
fatigue chronic,Endocrinology,6
dizziness while climbing stairs in the morning,Cardiology,0
delayed milestones mild to moderate,Pediatrics,8
decreased urine output chronic,Nephrology,12
OCD symptoms sudden onset,Psychiatry,9
menstrual cramps,Gynecology,7
dialysis related with fever,Nephrology,12
fatigue chronic,Endocrinology,6
acid reflux mild to moderate,Gastroenterology,4
pelvic pain chronic,Gynecology,7
cataract since 1 week,Ophthalmology,10
knee pain mild to moderate,Orthopedics,2
bone pain sudden onset,Orthopedics,2
excessive sweating with fever,Endocrinology,6
frequent urination since 2 days,Endocrinology,6
health certificate worsening at night,General Medicine,13
acid reflux with fever,Gastroenterology,4
wheezing after eating,Pulmonology,5
fainting after eating,Neurology,1
confusion sudden onset,Neurology,1
acne chronic,Dermatology,3
cough for 3 weeks,Pulmonology,5
nasal congestion,ENT,11
loss of appetite mild to moderate,General Medicine,13
foamy urine since 2 days,Nephrology,12
tonsillitis with fever,ENT,11
anxiety with fever,Psychiatry,9
heart racing since 2 days,Cardiology,0
mood swings,Psychiatry,9
sudden weight gain chronic,Endocrinology,6
frequent urination after eating,Endocrinology,6
breast lump worsening at night,Gynecology,7
swollen face in morning since 1 week,Nephrology,12
schizophrenia symptoms mild to moderate,Psychiatry,9
acne since 1 week,Dermatology,3
insulin resistance worsening at night,Endocrinology,6
numbness in face in the morning,Neurology,1
frequent UTI since 2 days,Nephrology,12
skin rash chronic,Dermatology,3
hair thinning chronic,Endocrinology,6
asthma attack mild to moderate,Pulmonology,5
watery eyes worsening at night,Ophthalmology,10
stomach pain since 1 week,Gastroenterology,4
hearing loss in the morning,ENT,11
childhood asthma since 2 days,Pediatrics,8
child rash since 2 days,Pediatrics,8
diarrhea after eating,Gastroenterology,4
floaters in vision since 1 week,Ophthalmology,10
OCD symptoms since 1 week,Psychiatry,9
shoulder stiffness sudden onset,Orthopedics,2
itching in the morning,Dermatology,3
knee pain since 2 days,Orthopedics,2
cataract worsening at night,Ophthalmology,10
delayed milestones since 2 days,Pediatrics,8
chest tightness at rest chronic,Cardiology,0
frequent UTI mild to moderate,Nephrology,12
nausea since 1 week,Gastroenterology,4
swollen wrist worsening at night,Orthopedics,2
ear pain since 2 days,ENT,11
nausea worsening at night,Gastroenterology,4
eye pain sudden onset,Ophthalmology,10
foamy urine in the morning,Nephrology,12
stomach pain since 1 week,Gastroenterology,4
dialysis related since 1 week,Nephrology,12
tonsillitis worsening at night,ENT,11
dengue symptoms with fever,General Medicine,13
child fever,Pediatrics,8
mood swings mild to moderate,Psychiatry,9
sudden weight gain since 1 week,Endocrinology,6
child rash after eating,Pediatrics,8
allergic skin reaction since 2 days,Dermatology,3
chest congestion since 1 week,Pulmonology,5
glaucoma symptoms with fever,Ophthalmology,10
stress chronic,Psychiatry,9
anxiety mild to moderate,Psychiatry,9
glaucoma symptoms with fever,Ophthalmology,10
squinting since 2 days,Ophthalmology,10
TB symptoms,Pulmonology,5
infant not feeding with fever,Pediatrics,8
eczema flare after eating,Dermatology,3
cough for 3 weeks worsening at night,Pulmonology,5
seizures mild to moderate,Neurology,1
watery eyes since 2 days,Ophthalmology,10
swollen face in morning after eating,Nephrology,12
breast lump chronic,Gynecology,7
child rash after eating,Pediatrics,8
pelvic pain chronic,Gynecology,7
breathlessness on exertion since 2 days,Cardiology,0
newborn jaundice mild to moderate,Pediatrics,8
dengue symptoms after eating,General Medicine,13
weakness on one side worsening at night,Neurology,1
hip pain while walking in the morning,Orthopedics,2
boil on skin after eating,Dermatology,3
runny nose mild to moderate,ENT,11
dialysis related since 1 week,Nephrology,12
shoulder stiffness worsening at night,Orthopedics,2
fainting worsening at night,Neurology,1
decreased urine output,Nephrology,12
sinusitis,ENT,11
red eye,Ophthalmology,10
cough for 3 weeks,Pulmonology,5
itching after eating,Dermatology,3
glaucoma symptoms since 1 week,Ophthalmology,10
depression sudden onset,Psychiatry,9
sudden weight gain mild to moderate,Endocrinology,6
tonsillitis,ENT,11
dizziness while climbing stairs after eating,Cardiology,0
chest tightness at rest in the morning,Cardiology,0
sudden weight gain since 2 days,Endocrinology,6
excessive sweating sudden onset,Endocrinology,6
slurred speech in the morning,Neurology,1
PCOD symptoms worsening at night,Gynecology,7
bone pain after eating,Orthopedics,2
pelvic pain after eating,Gynecology,7
swollen face in morning since 2 days,Nephrology,12
hormonal imbalance since 2 days,Gynecology,7
yellow eyes mild to moderate,Gastroenterology,4
TB symptoms since 2 days,Pulmonology,5
pelvic pain after eating,Gynecology,7
eye pain since 1 week,Ophthalmology,10
nausea in the morning,Gastroenterology,4
PCOD symptoms worsening at night,Gynecology,7
hair loss with fever,Dermatology,3
palpitations,Cardiology,0
weakness sudden onset,General Medicine,13
swollen wrist in the morning,Orthopedics,2
coughing blood worsening at night,Pulmonology,5
watery eyes since 1 week,Ophthalmology,10
blurry vision sudden onset,Ophthalmology,10
eye pain with fever,Ophthalmology,10
breathlessness at night worsening at night,Pulmonology,5
dizziness while climbing stairs mild to moderate,Cardiology,0
confusion worsening at night,Neurology,1
insomnia sudden onset,Psychiatry,9
cataract since 2 days,Ophthalmology,10
skin rash with fever,Dermatology,3
difficulty swallowing since 2 days,Gastroenterology,4
sinusitis since 2 days,ENT,11
vision blurring suddenly after eating,Neurology,1
dengue symptoms in the morning,General Medicine,13
foamy urine after eating,Nephrology,12
frequent UTI with fever,Nephrology,12
frequent urination mild to moderate,Endocrinology,6
delayed milestones in the morning,Pediatrics,8
coughing blood worsening at night,Pulmonology,5
thyroid swelling,Endocrinology,6
weakness on one side mild to moderate,Neurology,1
blood in stool since 1 week,Gastroenterology,4
insomnia,Psychiatry,9
pregnancy symptoms mild to moderate,Gynecology,7
newborn jaundice worsening at night,Pediatrics,8
runny nose,ENT,11
acid reflux since 1 week,Gastroenterology,4
boil on skin after eating,Dermatology,3
acne in the morning,Dermatology,3
blurry vision in the morning,Ophthalmology,10
squinting,Ophthalmology,10
TB symptoms in the morning,Pulmonology,5
pelvic pain worsening at night,Gynecology,7
hip pain while walking sudden onset,Orthopedics,2
fatigue since 1 week,Endocrinology,6
suicidal thoughts,Psychiatry,9
eye pain mild to moderate,Ophthalmology,10
sinusitis chronic,ENT,11
decreased urine output chronic,Nephrology,12
nasal congestion mild to moderate,ENT,11
foamy urine mild to moderate,Nephrology,12
heart racing with fever,Cardiology,0
chest pressure mild to moderate,Cardiology,0
swollen ankles sudden onset,Cardiology,0
nail discoloration worsening at night,Dermatology,3
cold and cough mild to moderate,General Medicine,13
thyroid swelling since 1 week,Endocrinology,6
hip pain while walking with fever,Orthopedics,2
infant not feeding since 2 days,Pediatrics,8
pregnancy symptoms sudden onset,Gynecology,7
body ache mild to moderate,General Medicine,13
confusion worsening at night,Neurology,1
allergic skin reaction since 2 days,Dermatology,3
frequent UTI mild to moderate,Nephrology,12
child ear pain,Pediatrics,8
depression with fever,Psychiatry,9
allergic skin reaction mild to moderate,Dermatology,3
child ear pain since 1 week,Pediatrics,8
sudden weight gain since 1 week,Endocrinology,6
chest pressure,Cardiology,0
vision blurring suddenly worsening at night,Neurology,1
seizures chronic,Neurology,1
breast lump since 2 days,Gynecology,7
kidney pain sudden onset,Nephrology,12
dizziness since 2 days,Neurology,1
back pain since 2 days,Orthopedics,2
boil on skin after eating,Dermatology,3
watery eyes since 1 week,Ophthalmology,10
suicidal thoughts with fever,Psychiatry,9
newborn jaundice after eating,Pediatrics,8
eczema flare,Dermatology,3
frequent chest infections since 2 days,Pulmonology,5
breast lump since 2 days,Gynecology,7
cough for 3 weeks sudden onset,Pulmonology,5
frequent chest infections with fever,Pulmonology,5
hair thinning since 2 days,Endocrinology,6
cold intolerance mild to moderate,Endocrinology,6
hearing loss since 2 days,ENT,11
shortness of breath after eating,Cardiology,0
cataract sudden onset,Ophthalmology,10
fever after eating,General Medicine,13
severe headache after eating,Neurology,1
fracture after eating,Orthopedics,2
fracture since 2 days,Orthopedics,2
severe headache sudden onset,Neurology,1
decreased urine output in the morning,Nephrology,12
cold and cough in the morning,General Medicine,13
smoking related cough mild to moderate,Pulmonology,5
back pain,Orthopedics,2
foamy urine mild to moderate,Nephrology,12
decreased urine output with fever,Nephrology,12
tingling in hands after eating,Neurology,1
dengue symptoms mild to moderate,General Medicine,13
heart racing sudden onset,Cardiology,0
seizures chronic,Neurology,1
panic attacks after eating,Psychiatry,9
cataract since 2 days,Ophthalmology,10
breathlessness at night since 1 week,Pulmonology,5
tonsillitis after eating,ENT,11
slurred speech since 1 week,Neurology,1
typhoid symptoms in the morning,General Medicine,13
palpitations worsening at night,Cardiology,0
phobia mild to moderate,Psychiatry,9
blood in urine after eating,Nephrology,12
boil on skin after eating,Dermatology,3
breathlessness on exertion with fever,Cardiology,0
menstrual cramps,Gynecology,7
vaccination since 1 week,Pediatrics,8
pregnancy symptoms since 1 week,Gynecology,7
typhoid symptoms mild to moderate,General Medicine,13
glaucoma symptoms mild to moderate,Ophthalmology,10
weakness mild to moderate,General Medicine,13
seizures with fever,Neurology,1
frequent chest infections worsening at night,Pulmonology,5
acne with fever,Dermatology,3
dizziness since 2 days,Neurology,1
chest congestion since 1 week,Pulmonology,5
insulin resistance chronic,Endocrinology,6
ear pain after eating,ENT,11
dengue symptoms after eating,General Medicine,13
menopause symptoms with fever,Gynecology,7
breast lump since 2 days,Gynecology,7
decreased urine output,Nephrology,12
blurry vision mild to moderate,Ophthalmology,10
chest pain with fever,Cardiology,0
difficulty swallowing worsening at night,Gastroenterology,4
frequent chest infections chronic,Pulmonology,5
wheezing after eating,Pulmonology,5
smoking related cough sudden onset,Pulmonology,5
frequent chest infections since 1 week,Pulmonology,5
yellow eyes chronic,Gastroenterology,4
neck stiffness in the morning,Orthopedics,2
kidney pain after eating,Nephrology,12
pelvic pain,Gynecology,7
suicidal thoughts with fever,Psychiatry,9
fatigue worsening at night,General Medicine,13
hearing loss since 1 week,ENT,11
childhood asthma after eating,Pediatrics,8
weakness on one side,Neurology,1
vomiting since 1 week,Gastroenterology,4
dizziness chronic,Neurology,1
eye pain,Ophthalmology,10
fatigue after eating,Endocrinology,6
nasal congestion chronic,ENT,11
phobia worsening at night,Psychiatry,9
menstrual cramps,Gynecology,7
cold intolerance worsening at night,Endocrinology,6
schizophrenia symptoms in the morning,Psychiatry,9
irregular heartbeat after eating,Cardiology,0
insomnia mild to moderate,Psychiatry,9
PCOD symptoms worsening at night,Gynecology,7
loss of appetite since 1 week,General Medicine,13
sore throat after eating,ENT,11
stress mild to moderate,Psychiatry,9
vomiting mild to moderate,Gastroenterology,4
kidney pain sudden onset,Nephrology,12
chest congestion in the morning,Pulmonology,5
blurry vision worsening at night,Ophthalmology,10
acid reflux with fever,Gastroenterology,4
PCOD symptoms with fever,Gynecology,7
smoking related cough chronic,Pulmonology,5
frequent UTI in the morning,Nephrology,12
delayed milestones mild to moderate,Pediatrics,8
child rash since 1 week,Pediatrics,8
itching chronic,Dermatology,3
dialysis related sudden onset,Nephrology,12
foamy urine sudden onset,Nephrology,12
anxiety sudden onset,Psychiatry,9
hair loss,Dermatology,3
back pain since 1 week,Orthopedics,2
decreased urine output worsening at night,Nephrology,12
excessive sweating in the morning,Endocrinology,6
fainting sudden onset,Neurology,1
asthma attack since 2 days,Pulmonology,5
asthma attack since 1 week,Pulmonology,5
loss of appetite sudden onset,General Medicine,13
fainting worsening at night,Neurology,1
thyroid swelling in the morning,Endocrinology,6
itching since 2 days,Dermatology,3
eczema flare in the morning,Dermatology,3
child ear pain since 1 week,Pediatrics,8
delayed milestones with fever,Pediatrics,8
joint swelling sudden onset,Orthopedics,2
schizophrenia symptoms worsening at night,Psychiatry,9
insulin resistance mild to moderate,Endocrinology,6
allergic skin reaction chronic,Dermatology,3
vomiting sudden onset,Gastroenterology,4
red eye worsening at night,Ophthalmology,10
neck stiffness chronic,Orthopedics,2
TB symptoms chronic,Pulmonology,5
vaginal discharge with fever,Gynecology,7
difficulty swallowing worsening at night,Gastroenterology,4
foamy urine worsening at night,Nephrology,12
sinusitis since 2 days,ENT,11
constipation worsening at night,Gastroenterology,4
fatigue with fever,Endocrinology,6
cold and cough chronic,General Medicine,13
glaucoma symptoms in the morning,Ophthalmology,10
heart racing sudden onset,Cardiology,0
diabetes symptoms in the morning,Endocrinology,6
sudden weight gain since 2 days,Endocrinology,6
knee pain chronic,Orthopedics,2
irregular heartbeat chronic,Cardiology,0
insulin resistance sudden onset,Endocrinology,6
weakness mild to moderate,General Medicine,13
blood in stool since 1 week,Gastroenterology,4
cold and cough with fever,General Medicine,13
kidney pain in the morning,Nephrology,12
knee pain after eating,Orthopedics,2
swollen wrist since 2 days,Orthopedics,2
child rash after eating,Pediatrics,8
body ache after eating,General Medicine,13
fatigue since 2 days,Endocrinology,6
suicidal thoughts worsening at night,Psychiatry,9
memory loss chronic,Neurology,1
pregnancy symptoms sudden onset,Gynecology,7
tingling in hands worsening at night,Neurology,1
schizophrenia symptoms since 2 days,Psychiatry,9
chest pressure after eating,Cardiology,0
childhood asthma since 2 days,Pediatrics,8
memory loss since 1 week,Neurology,1
foamy urine sudden onset,Nephrology,12
breathlessness on exertion chronic,Cardiology,0
glaucoma symptoms chronic,Ophthalmology,10
child rash worsening at night,Pediatrics,8
child vomiting worsening at night,Pediatrics,8
sinusitis,ENT,11
diarrhea after eating,Gastroenterology,4
confusion chronic,Neurology,1
hearing loss in the morning,ENT,11
palpitations since 1 week,Cardiology,0
phobia after eating,Psychiatry,9
frequent UTI worsening at night,Nephrology,12
swollen face in morning after eating,Nephrology,12
slurred speech in the morning,Neurology,1
menopause symptoms after eating,Gynecology,7
diabetes symptoms mild to moderate,Endocrinology,6
fatigue since 1 week,General Medicine,13
boil on skin after eating,Dermatology,3
joint swelling since 1 week,Orthopedics,2
child rash since 2 days,Pediatrics,8
knee pain with fever,Orthopedics,2
pregnancy symptoms chronic,Gynecology,7
OCD symptoms worsening at night,Psychiatry,9
weakness on one side since 2 days,Neurology,1
joint swelling with fever,Orthopedics,2
diarrhea worsening at night,Gastroenterology,4
childhood asthma with fever,Pediatrics,8
wheezing in the morning,Pulmonology,5
hearing loss mild to moderate,ENT,11
cold and cough chronic,General Medicine,13
chest congestion,Pulmonology,5
back pain in the morning,Orthopedics,2
seizures since 2 days,Neurology,1
foamy urine mild to moderate,Nephrology,12
infant not feeding mild to moderate,Pediatrics,8
swollen wrist with fever,Orthopedics,2
confusion mild to moderate,Neurology,1
yellow eyes sudden onset,Gastroenterology,4
swollen face in morning worsening at night,Nephrology,12
red eye in the morning,Ophthalmology,10
acne since 2 days,Dermatology,3
chest pain chronic,Cardiology,0
coughing blood since 1 week,Pulmonology,5
typhoid symptoms since 1 week,General Medicine,13
pregnancy symptoms since 2 days,Gynecology,7
vaginal discharge since 1 week,Gynecology,7
vaginal discharge,Gynecology,7
foot pain in morning,Orthopedics,2
fracture mild to moderate,Orthopedics,2
schizophrenia symptoms mild to moderate,Psychiatry,9
cold intolerance worsening at night,Endocrinology,6
chest congestion,Pulmonology,5
hormonal imbalance chronic,Gynecology,7
hair loss sudden onset,Dermatology,3
vision blurring suddenly with fever,Neurology,1
malaria symptoms,General Medicine,13
weakness on one side since 2 days,Neurology,1
cold and cough since 2 days,General Medicine,13
cold intolerance since 1 week,Endocrinology,6
anxiety since 1 week,Psychiatry,9
dizziness after eating,Neurology,1
malaria symptoms since 1 week,General Medicine,13
heart racing after eating,Cardiology,0
swollen ankles,Cardiology,0
irregular periods sudden onset,Gynecology,7
chest congestion in the morning,Pulmonology,5
eye pain chronic,Ophthalmology,10
frequent UTI since 1 week,Nephrology,12
frequent urination,Endocrinology,6
body ache since 1 week,General Medicine,13
fatigue after eating,General Medicine,13
weakness on one side since 2 days,Neurology,1
squinting mild to moderate,Ophthalmology,10
back pain worsening at night,Orthopedics,2
child rash chronic,Pediatrics,8
cold and cough sudden onset,General Medicine,13
chest tightness at rest mild to moderate,Cardiology,0
eye pain mild to moderate,Ophthalmology,10
swollen face in morning,Nephrology,12
allergic skin reaction sudden onset,Dermatology,3
dialysis related since 2 days,Nephrology,12
frequent UTI since 1 week,Nephrology,12
infant not feeding worsening at night,Pediatrics,8
swollen ankles after eating,Cardiology,0
foot pain in morning since 2 days,Orthopedics,2
thyroid swelling mild to moderate,Endocrinology,6
chest congestion since 1 week,Pulmonology,5
swollen ankles in the morning,Cardiology,0
severe headache worsening at night,Neurology,1
panic attacks chronic,Psychiatry,9
sudden weight gain since 2 days,Endocrinology,6
red eye worsening at night,Ophthalmology,10
itching,Dermatology,3
squinting since 1 week,Ophthalmology,10
swollen wrist in the morning,Orthopedics,2
child ear pain,Pediatrics,8
glaucoma symptoms worsening at night,Ophthalmology,10
vertigo in the morning,ENT,11
hearing loss in the morning,ENT,11
diarrhea,Gastroenterology,4
blood in stool,Gastroenterology,4
vaginal discharge after eating,Gynecology,7
blood in urine worsening at night,Nephrology,12
pregnancy symptoms since 1 week,Gynecology,7
depression in the morning,Psychiatry,9
dialysis related sudden onset,Nephrology,12
frequent UTI after eating,Nephrology,12
slurred speech mild to moderate,Neurology,1
frequent chest infections after eating,Pulmonology,5
hormonal imbalance chronic,Gynecology,7
shortness of breath after eating,Cardiology,0
coughing blood since 2 days,Pulmonology,5
nasal congestion sudden onset,ENT,11
hormonal imbalance after eating,Gynecology,7
red eye,Ophthalmology,10
swollen wrist with fever,Orthopedics,2
cataract since 2 days,Ophthalmology,10
tonsillitis worsening at night,ENT,11
child ear pain chronic,Pediatrics,8
joint swelling with fever,Orthopedics,2
dizziness after eating,Neurology,1
panic attacks chronic,Psychiatry,9
ear pain since 1 week,ENT,11
asthma attack after eating,Pulmonology,5
suicidal thoughts since 2 days,Psychiatry,9
depression worsening at night,Psychiatry,9
acid reflux with fever,Gastroenterology,4
irregular heartbeat since 1 week,Cardiology,0
chest congestion mild to moderate,Pulmonology,5
fainting,Neurology,1
snoring worsening at night,ENT,11
fatigue worsening at night,Endocrinology,6
vertigo sudden onset,ENT,11
blood in stool since 2 days,Gastroenterology,4
child vomiting worsening at night,Pediatrics,8
frequent UTI chronic,Nephrology,12
fatigue after eating,Endocrinology,6
floaters in vision worsening at night,Ophthalmology,10
schizophrenia symptoms after eating,Psychiatry,9
menstrual cramps since 2 days,Gynecology,7
weakness on one side in the morning,Neurology,1
joint swelling worsening at night,Orthopedics,2
panic attacks in the morning,Psychiatry,9
panic attacks chronic,Psychiatry,9
joint swelling since 1 week,Orthopedics,2
infant not feeding after eating,Pediatrics,8
loss of appetite chronic,General Medicine,13
allergic skin reaction since 2 days,Dermatology,3
difficulty swallowing,Gastroenterology,4
stress after eating,Psychiatry,9
squinting worsening at night,Ophthalmology,10
vaccination,Pediatrics,8
childhood asthma,Pediatrics,8
slurred speech in the morning,Neurology,1
red eye worsening at night,Ophthalmology,10
severe headache worsening at night,Neurology,1
heart racing with fever,Cardiology,0
slurred speech mild to moderate,Neurology,1
yellow eyes since 2 days,Gastroenterology,4
boil on skin in the morning,Dermatology,3
blood in stool since 2 days,Gastroenterology,4
stress chronic,Psychiatry,9
chest tightness at rest with fever,Cardiology,0
squinting since 2 days,Ophthalmology,10
wheezing worsening at night,Pulmonology,5
delayed milestones in the morning,Pediatrics,8
frequent chest infections chronic,Pulmonology,5
wheezing since 1 week,Pulmonology,5
red eye,Ophthalmology,10
OCD symptoms sudden onset,Psychiatry,9
kidney pain mild to moderate,Nephrology,12
sore throat sudden onset,ENT,11
fatigue mild to moderate,General Medicine,13
bloating since 1 week,Gastroenterology,4
hip pain while walking since 2 days,Orthopedics,2
general checkup since 2 days,General Medicine,13
difficulty swallowing,Gastroenterology,4
eye pain since 2 days,Ophthalmology,10
sinusitis after eating,ENT,11
diabetes symptoms mild to moderate,Endocrinology,6
vaginal discharge after eating,Gynecology,7
chest pressure since 1 week,Cardiology,0
itching since 1 week,Dermatology,3
itching worsening at night,Dermatology,3
thyroid swelling sudden onset,Endocrinology,6
menstrual cramps since 2 days,Gynecology,7
PCOD symptoms since 2 days,Gynecology,7
kidney pain worsening at night,Nephrology,12
infant not feeding since 2 days,Pediatrics,8
diabetes symptoms since 1 week,Endocrinology,6
decreased urine output since 1 week,Nephrology,12
body ache after eating,General Medicine,13
child vomiting sudden onset,Pediatrics,8
constipation since 2 days,Gastroenterology,4
irregular heartbeat in the morning,Cardiology,0
nasal congestion since 1 week,ENT,11
